order_id,order_date,customer_id,country,category,unit_price,quantity,status
O103201,2025-01-01,C2796,DE,Electronics,,3,delivered
O102169,2025-01-01,C2030,IT,Home,72.49,1,delivered
O103758,2025-01-01,C2042,IT,Fashion,47.47,1,delivered
O100232,2025-01-01,C2189,CH,Books,22.05,1,delivered
O102100,2025-01-01,C1763,DE,Fashion,182.92,1,delivered
O103690,2025-01-01,C2199,CH,Fashion,79.67,3,delivered
O100728,2025-01-01,C2329,CH,Books,9.18,3,delivered
O101700,2025-01-01,C2271,DE,Sports,114.9,3,delivered
O102139,2025-01-01,C1029,AT,Home,70.9,1,delivered
O101300,2025-01-02,C2327,CH,Electronics,168.25,2,delivered
O100659,2025-01-02,C1866,CH,Electronics,378.05,1,returned
O100300,2025-01-02,C2563,FR,Electronics,226.09,3,delivered
O103146,2025-01-02,C2470,FR,Books,20.15,1,delivered
O104651,2025-01-02,C2175,AT,Sports,62.83,3,delivered
O100638,2025-01-02,C2294,FR,Fashion,37.56,2,delivered
O103081,2025-01-02,C1917,DE,Sports,86.32,2,delivered
O104155,2025-01-03,C2319,AT,Sports,112.06,1,delivered
O100098,2025-01-03,C1735,DE,Fashion,36.59,2,delivered
O100977,2025-01-04,C1611,DE,Electronics,39.28,1,delivered
O102518,2025-01-04,C2592,CH,Home,128.5,3,delivered
O104588,2025-01-04,C2325,CH,Books,13.03,2,delivered
O101671,2025-01-04,C1631,CH,Fashion,23.15,2,returned
O104174,2025-01-04,C1666,FR,Fashion,74.81,1,delivered
O104919,2025-01-04,C2088,CH,Home,10.72,3,delivered
O102446,2025-01-04,C2350,CH,Home,63.71,1,delivered
O100124,2025-01-05,C2218,DE,Books,37.11,1,delivered
O101179,2025-01-05,C1183,AT,Electronics,313.55,3,delivered
O101771,2025-01-05,C1638,IT,Fashion,34.92,2,delivered
O104768,2025-01-05,C1511,AT,Sports,34.3,2,returned
O102365,2025-01-05,C2757,CH,Electronics,143.75,1,returned
O100240,2025-01-05,C2244,FR,Books,18.31,2,returned
O104393,2025-01-05,C2526,CH,Electronics,102.85,2,delivered
O101179,2025-01-05,C1183,AT,Electronics,313.55,3,delivered
O103395,2025-01-06,C1585,FR,Home,49.92,1,delivered
O100682,2025-01-06,C1428,AT,Home,96.25,1,delivered
O100512,2025-01-06,C2465,DE,Books,10.22,1,delivered
O100406,2025-01-06,C1709,CH,Fashion,26.79,1,delivered
O101291,2025-01-06,C1222,DE,Home,90.9,1,delivered
O102959,2025-01-06,C1004,IT,Home,108.43,2,delivered
O102839,2025-01-06,C1731,FR,Electronics,163.18,2,delivered
O104057,2025-01-07,C1034,DE,Books,13.65,3,delivered
O102520,2025-01-07,C1718,AT,Fashion,138.0,3,delivered
O102631,2025-01-08,C1183,AT,Books,18.89,1,returned
O103879,2025-01-08,C2472,CH,Fashion,23.58,2,delivered
O100696,2025-01-08,C1854,IT,Electronics,76.55,3,returned
O100975,2025-01-08,C1653,CH,Home,113.23,1,returned
O103452,2025-01-08,C2685,DE,Fashion,35.99,2,delivered
O100431,2025-01-08,C1637,CH,Electronics,345.33,2,delivered
O104692,2025-01-08,C1025,FR,Fashion,34.21,1,cancelled
O100621,2025-01-08,C1689,FR,Books,15.97,3,delivered
O101697,2025-01-08,C1417,CH,Electronics,141.2,1,delivered
O102908,2025-01-09,C1400,AT,Electronics,161.79,3,delivered
O104977,2025-01-09,C2306,DE,Home,68.02,2,delivered
O101438,2025-01-09,C2698,DE,Electronics,237.21,2,delivered
O103529,2025-01-09,C2094,AT,Fashion,57.79,3,delivered
O104396,2025-01-09,C2404,DE,Fashion,47.39,1,delivered
O103702,2025-01-09,C2482,FR,Home,91.37,3,delivered
O100064,2025-01-10,C2593,IT,Books,13.99,1,delivered
O103397,2025-01-10,C2733,AT,Electronics,177.51,2,delivered
O104055,2025-01-10,C1983,DE,Home,55.34,1,delivered
O101991,2025-01-10,C2744,CH,Home,56.81,2,delivered
O103429,2025-01-10,C2517,DE,Home,14.01,1,delivered
O104254,2025-01-10,C2085,DE,Home,70.25,2,delivered
O100697,2025-01-10,C1623,CH,Home,141.19,3,delivered
O103872,2025-01-11,C1652,AT,Electronics,582.61,1,delivered
O103604,2025-01-11,C2633,FR,Home,74.04,3,delivered
O102660,2025-01-11,C2361,FR,Electronics,91.95,1,delivered
O104546,2025-01-11,C1260,CH,Home,30.21,1,delivered
O104844,2025-01-11,C1518,FR,Home,23.68,2,delivered
O100934,2025-01-11,C2518,IT,Sports,89.63,3,delivered
O103228,2025-01-11,C1771,FR,Home,55.98,2,delivered
O103487,2025-01-11,C1611,FR,Books,14.51,2,delivered
O104698,2025-01-11,C1132,CH,Electronics,171.7,3,delivered
O102223,2025-01-11,C2225,CH,Sports,221.79,2,delivered
O103988,2025-01-11,C2136,CH,Sports,64.27,3,delivered
O103617,2025-01-11,C1947,DE,Sports,34.59,1,delivered
O104430,2025-01-11,C1356,FR,Electronics,248.28,1,delivered
O101440,2025-01-11,C2014,DE,Home,31.34,3,delivered
O100095,2025-01-11,C2181,CH,Books,28.66,3,delivered
O103276,2025-01-11,C1194,DE,Home,20.71,1,delivered
O103515,2025-01-11,C1021,CH,Books,13.01,2,returned
O101028,2025-01-12,C1274,IT,Books,24.07,2,delivered
O101147,2025-01-12,C1184,CH,Books,13.72,1,delivered
O104341,2025-01-12,C1132,CH,Sports,84.31,2,delivered
O101881,2025-01-12,C2726,IT,Fashion,50.19,1,delivered
O104854,2025-01-12,C2554,AT,Fashion,61.92,1,delivered
O100147,2025-01-12,C1593,FR,Home,96.82,1,delivered
O102163,2025-01-12,C2535,FR,Sports,80.55,2,returned
O100939,2025-01-12,C1718,FR,Fashion,41.96,1,delivered
O101270,2025-01-12,C1663,DE,Sports,36.49,3,delivered
O100633,2025-01-12,C1714,FR,Fashion,133.44,3,delivered
O104190,2025-01-12,C1910,AT,Fashion,52.48,2,delivered
O103134,2025-01-12,C1151,DE,Fashion,107.92,3,delivered
O100606,2025-01-13,C1559,FR,Fashion,17.47,2,delivered
O103721,2025-01-13,C2478,CH,Home,16.52,3,delivered
O100112,2025-01-13,C2571,CH,Electronics,214.65,1,delivered
O103354,2025-01-13,C2357,CH,Sports,35.27,2,delivered
O103898,2025-01-13,C1406,AT,Home,57.71,3,delivered
O104985,2025-01-13,C1654,IT,Fashion,38.57,1,delivered
O101884,2025-01-13,C2481,FR,Sports,26.43,1,delivered
O103181,2025-01-13,C2554,DE,Fashion,95.71,2,delivered
O103835,2025-01-13,C1402,CH,Electronics,773.0,3,cancelled
O100628,2025-01-14,C2153,FR,Home,14.44,2,delivered
O101004,2025-01-14,C1124,CH,Fashion,32.71,3,delivered
O100909,2025-01-14,C1595,DE,Books,10.33,3,delivered
O104369,2025-01-14,C1248,DE,Sports,119.17,3,delivered
O100122,2025-01-14,C2692,CH,Books,16.51,2,delivered
O100735,2025-01-14,C1213,CH,Books,18.81,2,delivered
O104087,2025-01-14,C2740,DE,Home,95.19,2,delivered
O102242,2025-01-14,C2782,CH,Sports,109.58,2,cancelled
O100974,2025-01-15,C1947,AT,Home,69.09,3,delivered
O101744,2025-01-15,C1577,DE,Electronics,176.63,3,delivered
O101216,2025-01-15,C2562,FR,Fashion,30.85,1,cancelled
O101800,2025-01-15,C1962,CH,Books,10.19,3,returned
O104583,2025-01-15,C1733,IT,Electronics,416.24,2,delivered
O102003,2025-01-15,C1576,DE,Electronics,174.6,1,delivered
O101799,2025-01-15,C1104,DE,Home,66.85,1,delivered
O103293,2025-01-15,C2658,AT,Electronics,53.34,1,delivered
O103891,2025-01-15,C1274,DE,Sports,80.69,2,delivered
O103776,2025-01-16,C2461,CH,Sports,40.72,1,returned
O100757,2025-01-16,C2570,CH,Home,121.95,1,delivered
O100121,2025-01-16,C1328,CH,Sports,532.52,3,delivered
O101778,2025-01-16,C2249,DE,Home,80.93,3,delivered
O103372,2025-01-16,C1215,FR,Sports,112.36,2,delivered
O101812,2025-01-17,C1573,DE,Electronics,42.87,3,cancelled
O101386,2025-01-17,C2696,AT,Fashion,29.2,1,delivered
O102745,2025-01-17,C2634,DE,Fashion,38.6,1,cancelled
O100635,2025-01-17,C1336,DE,Sports,84.82,1,delivered
O102762,2025-01-17,C1395,CH,Fashion,21.22,2,delivered
O102932,2025-01-17,C1383,CH,Sports,112.25,2,delivered
O102813,2025-01-17,C2389,DE,Fashion,45.69,2,delivered
O103434,2025-01-17,C2697,AT,Electronics,187.1,1,delivered
O101984,2025-01-17,C2694,DE,Fashion,54.06,3,delivered
O102474,2025-01-17,C1546,AT,Books,10.24,3,delivered
O100139,2025-01-17,C1736,DE,Sports,48.01,1,delivered
O101142,2025-01-17,C1636,CH,Electronics,1050.37,3,delivered
O102142,2025-01-17,C2562,IT,Books,23.19,3,cancelled
O101451,2025-01-18,C2218,FR,Electronics,413.07,2,delivered
O102352,2025-01-18,C2345,CH,Books,33.22,2,delivered
O100343,2025-01-18,C2020,IT,Fashion,37.71,1,delivered
O100007,2025-01-18,C2322,DE,Fashion,56.74,3,delivered
O102869,2025-01-18,C1719,DE,Books,22.6,1,delivered
O101656,2025-01-18,C2557,CH,Home,29.8,3,delivered
O101274,2025-01-18,C2476,IT,Fashion,75.41,3,returned
O102176,2025-01-18,C2234,FR,Electronics,248.13,3,delivered
O104035,2025-01-18,C1749,DE,Books,10.59,1,cancelled
O101828,2025-01-18,C2546,DE,Books,18.98,2,delivered
O102145,2025-01-18,C2291,CH,Electronics,106.65,2,delivered
O100491,2025-01-19,C1495,DE,Electronics,51.71,3,delivered
O103973,2025-01-19,C1587,DE,Sports,61.14,2,delivered
O102857,2025-01-19,C1939,AT,Electronics,23.05,1,delivered
O103874,2025-01-19,C2689,CH,Electronics,279.35,1,delivered
O102871,2025-01-19,C2507,IT,Sports,59.81,2,delivered
O102343,2025-01-19,C1003,AT,Home,87.8,1,delivered
O102675,2025-01-19,C1018,CH,Electronics,360.43,2,delivered
O103949,2025-01-19,C2201,DE,Fashion,35.05,3,delivered
O100607,2025-01-19,C2514,CH,Home,62.58,1,delivered
O101865,2025-01-20,C2273,DE,Sports,51.47,1,delivered
O101865,2025-01-20,C2273,DE,Sports,51.47,1,delivered
O103932,2025-01-20,C2287,DE,Sports,130.21,3,cancelled
O100731,2025-01-20,C1881,FR,Home,103.19,2,delivered
O101601,2025-01-21,C2007,CH,Electronics,155.96,3,delivered
O102517,2025-01-21,C2388,DE,Home,39.49,3,delivered
O102320,2025-01-21,C1437,DE,Books,10.66,3,delivered
O100081,2025-01-21,C1873,FR,Home,47.65,1,delivered
O101389,2025-01-21,C1414,DE,Home,35.83,1,delivered
O103041,2025-01-21,C1363,CH,Electronics,122.89,3,delivered
O104276,2025-01-21,C1475,FR,Fashion,43.17,2,delivered
O101888,2025-01-21,C2010,CH,Home,48.87,3,delivered
O104778,2025-01-21,C1057,CH,Home,33.16,2,delivered
O100646,2025-01-21,C2476,IT,Books,15.95,3,cancelled
O102133,2025-01-21,C1703,CH,Fashion,88.53,2,delivered
O100312,2025-01-21,C2309,FR,Fashion,29.72,3,delivered
O100577,2025-01-21,C2123,FR,Electronics,406.23,2,delivered
O101618,2025-01-21,C1123,FR,Home,56.4,1,delivered
O101756,2025-01-22,C1105,AT,Home,37.13,2,delivered
O101550,2025-01-22,C1705,DE,Home,33.05,2,delivered
O104750,2025-01-22,C1208,AT,Electronics,126.18,3,delivered
O101145,2025-01-22,C1327,AT,Home,40.48,1,delivered
O101290,2025-01-22,C1424,DE,Electronics,5670.36,1,delivered
O100107,2025-01-22,C1582,DE,Sports,61.43,3,cancelled
O102183,2025-01-22,C1891,DE,Sports,54.22,3,delivered
O100211,2025-01-22,C2249,DE,Electronics,256.92,1,delivered
O101241,2025-01-23,C1502,DE,Home,88.6,3,delivered
O101392,2025-01-23,C2113,FR,Home,65.8,3,delivered
O102331,2025-01-23,C1579,CH,Books,21.06,1,delivered
O100790,2025-01-23,C2283,FR,Fashion,46.15,2,delivered
O100302,2025-01-23,C2133,DE,Electronics,669.05,3,delivered
O101890,2025-01-23,C1046,CH,Home,51.99,2,delivered
O103942,2025-01-24,C1714,DE,Sports,87.75,2,delivered
O104539,2025-01-24,C2101,FR,Electronics,1587.02,1,delivered
O104766,2025-01-24,C1666,AT,Electronics,107.92,2,delivered
O103028,2025-01-24,C1943,IT,Home,31.82,3,delivered
O101452,2025-01-24,C1362,DE,Fashion,29.28,1,delivered
O103469,2025-01-24,C1099,CH,Books,38.68,1,delivered
O104049,2025-01-24,C2563,FR,Fashion,19.44,2,delivered
O100241,2025-01-24,C1905,AT,Fashion,51.4,2,delivered
O100175,2025-01-25,C1595,DE,Sports,418.03,3,returned
O103634,2025-01-25,C1033,IT,Fashion,39.44,1,delivered
O103380,2025-01-25,C1065,FR,Sports,32.25,3,delivered
O100802,2025-01-25,C1611,CH,Fashion,36.8,1,returned
O100786,2025-01-25,C2349,CH,Fashion,96.68,3,delivered
O100601,2025-01-26,C1187,CH,Sports,116.15,2,delivered
O100536,2025-01-26,C1214,CH,Sports,126.74,3,delivered
O101035,2025-01-26,C1061,CH,Sports,54.96,2,delivered
O102628,2025-01-26,C2439,DE,Electronics,69.05,1,delivered
O101336,2025-01-26,C1050,IT,Fashion,18.37,1,delivered
O102144,2025-01-26,C1239,CH,Sports,78.35,2,delivered
O104534,2025-01-26,C1043,DE,Sports,26.55,3,delivered
O102886,2025-01-27,C2125,CH,Fashion,12.9,2,delivered
O102771,2025-01-27,C2421,FR,Electronics,127.92,2,delivered
O100930,2025-01-27,C1469,DE,Sports,139.1,3,returned
O104544,2025-01-27,C2536,FR,Electronics,379.27,2,delivered
O102454,2025-01-27,C1783,CH,Books,17.71,3,delivered
O102604,2025-01-27,C1187,CH,Electronics,205.16,1,delivered
O101182,2025-01-27,C1014,DE,Fashion,24.42,2,delivered
O101454,2025-01-27,C2744,AT,Fashion,207.96,1,cancelled
O104175,2025-01-27,C2736,AT,Fashion,29.57,1,delivered
O104047,2025-01-27,C1927,CH,Home,61.97,3,delivered
O104256,2025-01-27,C1570,CH,Home,51.88,1,delivered
O103805,2025-01-27,C2356,CH,Books,7.73,3,cancelled
O102888,2025-01-28,C1584,CH,Electronics,1358.34,2,delivered
O101793,2025-01-28,C2563,IT,Home,54.6,1,returned
O100493,2025-01-28,C1777,DE,Electronics,226.89,3,delivered
O101685,2025-01-28,C2426,AT,Fashion,74.57,1,delivered
O104944,2025-01-28,C1582,FR,Home,85.74,1,delivered
O100439,2025-01-28,C1598,AT,Books,16.74,3,delivered
O104981,2025-01-28,C2616,CH,Books,14.82,1,delivered
O103376,2025-01-28,C1449,CH,Electronics,54.78,1,delivered
O104648,2025-01-29,C1553,DE,Home,192.11,1,delivered
O100832,2025-01-29,C1402,DE,Electronics,210.82,2,delivered
O102595,2025-01-29,C1508,DE,Sports,154.37,2,delivered
O102057,2025-01-29,C2422,IT,Home,41.18,1,delivered
O102422,2025-01-29,C2500,DE,Home,62.48,2,delivered
O104937,2025-01-29,C2341,CH,Fashion,29.54,3,delivered
O103743,2025-01-29,C1567,DE,Home,31.82,3,cancelled
O101113,2025-01-29,C1805,DE,Home,85.52,2,delivered
O101005,2025-01-29,C2402,FR,Fashion,50.75,3,delivered
O104996,2025-01-29,C2455,CH,Sports,63.64,3,delivered
O101483,2025-01-29,C1465,AT,Sports,30.97,3,delivered
O103363,2025-01-30,C1244,DE,Fashion,13.9,1,cancelled
O104584,2025-01-30,C1427,CH,Books,15.66,2,delivered
O101478,2025-01-30,C2227,FR,Electronics,279.01,1,delivered
O101759,2025-01-30,C2307,DE,Home,71.18,1,delivered
O103459,2025-01-30,C2019,DE,Sports,72.07,3,delivered
O103010,2025-01-30,C1862,CH,Home,25.34,1,cancelled
O104809,2025-01-31,C2038,CH,Books,15.01,1,delivered
O104845,2025-01-31,C1437,CH,Fashion,70.76,3,delivered
O102561,2025-01-31,C1056,CH,Fashion,75.53,1,returned
O100715,2025-01-31,C1635,CH,Electronics,754.71,1,delivered
O104492,2025-01-31,C2010,CH,Home,14.85,2,delivered
O102804,2025-01-31,C2672,DE,Home,27.9,1,delivered
O100285,2025-01-31,C2247,CH,Books,17.88,2,delivered
O103362,2025-02-01,C2661,CH,Home,38.0,1,delivered
O101541,2025-02-01,C1837,CH,Home,183.28,2,delivered
O102645,2025-02-01,C1249,FR,Sports,95.83,2,delivered
O101375,2025-02-01,C1159,CH,Fashion,40.16,1,delivered
O104039,2025-02-01,C1312,CH,Books,16.46,3,delivered
O100667,2025-02-01,C1166,DE,Electronics,331.9,2,delivered
O102982,2025-02-01,C2121,DE,Electronics,60.09,1,delivered
O102867,2025-02-02,C1081,CH,Home,80.54,2,delivered
O102999,2025-02-02,C2161,AT,Home,242.54,3,delivered
O103105,2025-02-02,C1934,CH,Fashion,28.79,1,delivered
O104591,2025-02-02,C2518,IT,Home,86.83,3,delivered
O102756,2025-02-02,C2491,CH,Electronics,544.77,2,delivered
O103108,2025-02-02,C2315,CH,Sports,50.34,1,cancelled
O100105,2025-02-03,C1141,IT,Sports,179.0,3,delivered
O100481,2025-02-03,C1182,FR,Sports,96.99,3,delivered
O104853,2025-02-03,C2002,FR,Electronics,926.85,1,delivered
O100448,2025-02-03,C1762,CH,Home,28.15,1,delivered
O100538,2025-02-03,C2093,CH,Books,21.68,1,delivered
O102935,2025-02-04,C2172,CH,Home,71.35,2,delivered
O103454,2025-02-04,C1472,CH,Home,56.5,2,delivered
O101533,2025-02-04,C1307,CH,Books,19.37,2,delivered
O102476,2025-02-04,C1396,FR,Sports,47.61,1,delivered
O103938,2025-02-04,C1443,CH,Electronics,377.99,1,delivered
O104204,2025-02-05,C2661,CH,Home,79.78,3,delivered
O104833,2025-02-05,C1771,CH,Books,11.48,3,delivered
O100979,2025-02-05,C1888,DE,Sports,43.23,2,delivered
O100518,2025-02-05,C1523,AT,Electronics,329.77,1,delivered
O103852,2025-02-05,C2777,DE,Sports,34.46,2,delivered
O102149,2025-02-05,C2143,DE,Electronics,155.55,3,delivered
O103490,2025-02-06,C1228,IT,Books,23.53,3,delivered
O103219,2025-02-06,C1623,FR,Fashion,20.7,2,delivered
O100498,2025-02-06,C1821,FR,Electronics,136.41,1,delivered
O101726,2025-02-06,C2204,FR,Fashion,18.13,3,delivered
O102005,2025-02-06,C2309,CH,Home,60.99,2,delivered
O102303,2025-02-06,C2475,CH,Home,13.5,2,returned
O104091,2025-02-07,C1810,DE,Books,10.87,3,delivered
O104325,2025-02-07,C2329,CH,Books,16.15,1,delivered
O100570,2025-02-07,C1662,IT,Fashion,86.33,2,delivered
O101794,2025-02-07,C1870,CH,Electronics,778.11,1,delivered
O104460,2025-02-07,C2091,DE,Home,127.05,2,delivered
O103345,2025-02-07,C2519,DE,Books,16.52,2,returned
O100225,2025-02-07,C2360,DE,Fashion,22.42,3,delivered
O102736,2025-02-07,C1557,DE,Home,95.74,3,delivered
O104508,2025-02-07,C2075,FR,Sports,33.69,2,returned
O104320,2025-02-08,C1784,DE,Electronics,363.9,2,delivered
O101589,2025-02-08,C1356,IT,Fashion,100.61,2,delivered
O103266,2025-02-08,C1230,DE,Books,15.82,3,delivered
O104228,2025-02-08,C2410,DE,Electronics,105.85,1,delivered
O100133,2025-02-08,C1620,DE,Electronics,483.45,1,delivered
O104969,2025-02-08,C2653,FR,Fashion,34.53,1,delivered
O101710,2025-02-08,C1455,CH,Fashion,107.95,3,delivered
O102421,2025-02-08,C2401,DE,Books,13.25,1,delivered
O100383,2025-02-08,C2398,DE,Fashion,48.11,3,delivered
O101456,2025-02-08,C1887,CH,Fashion,42.46,3,delivered
O101169,2025-02-08,C2538,CH,Fashion,52.67,2,delivered
O102770,2025-02-08,C1411,IT,Books,22.91,1,delivered
O103922,2025-02-09,C2068,IT,Fashion,56.26,3,delivered
O101496,2025-02-09,C1046,DE,Fashion,38.42,2,cancelled
O102706,2025-02-09,C2744,CH,Home,41.06,2,delivered
O102371,2025-02-09,C2104,CH,Fashion,41.05,2,delivered
O103922,2025-02-09,C2068,IT,Fashion,56.26,3,delivered
O100704,2025-02-10,C2691,CH,Sports,33.45,1,delivered
O104011,2025-02-10,C1386,CH,Fashion,29.03,1,delivered
O100602,2025-02-10,C2058,DE,Fashion,51.81,1,delivered
O103373,2025-02-10,C2355,CH,Books,28.33,1,delivered
O101782,2025-02-10,C1924,FR,Sports,76.31,3,delivered
O101250,2025-02-10,C1918,AT,Fashion,46.88,2,delivered
O104400,2025-02-10,C1433,DE,Fashion,32.58,2,delivered
O103539,2025-02-11,C1129,IT,Electronics,87.69,1,delivered
O101507,2025-02-11,C1350,IT,Electronics,416.57,1,delivered
O103368,2025-02-11,C1175,IT,Sports,85.73,1,delivered
O104191,2025-02-11,C1611,CH,Home,168.56,1,delivered
O101243,2025-02-11,C2662,DE,Fashion,46.92,2,delivered
O100275,2025-02-11,C1269,IT,Books,28.98,3,delivered
O104237,2025-02-11,C2078,CH,Home,130.55,1,delivered
O100641,2025-02-11,C2659,CH,Fashion,52.03,3,delivered
O100177,2025-02-11,C2421,AT,Electronics,162.19,1,delivered
O101708,2025-02-11,C2217,DE,Sports,53.99,1,delivered
O100433,2025-02-11,C2458,CH,Electronics,346.4,1,delivered
O103969,2025-02-11,C2373,CH,Fashion,29.97,2,delivered
O102157,2025-02-11,C2292,AT,Home,299.42,2,delivered
O103649,2025-02-12,C2795,CH,Fashion,43.33,1,delivered
O101835,2025-02-12,C1466,DE,Books,17.92,3,delivered
O103253,2025-02-12,C2078,IT,Electronics,190.51,2,delivered
O102599,2025-02-12,C2448,DE,Fashion,49.93,3,delivered
O101158,2025-02-12,C2335,CH,Sports,73.88,1,delivered
O100212,2025-02-13,C2246,AT,Fashion,66.88,1,delivered
O103343,2025-02-13,C1368,DE,Sports,135.75,3,delivered
O100013,2025-02-13,C1826,DE,Home,98.74,1,delivered
O104731,2025-02-13,C1539,AT,Books,43.08,3,delivered
O103812,2025-02-13,C2170,AT,Sports,48.35,2,delivered
O100711,2025-02-13,C1909,IT,Home,83.1,3,delivered
O104993,2025-02-14,C1622,FR,Home,155.64,1,delivered
O100479,2025-02-14,C2690,CH,Electronics,305.15,2,delivered
O101372,2025-02-14,C2076,FR,Fashion,26.7,3,delivered
O103646,2025-02-14,C2797,CH,Fashion,65.37,2,delivered
O102246,2025-02-15,C2237,CH,Books,11.76,2,delivered
O102259,2025-02-15,C2418,CH,Sports,120.39,1,delivered
O104933,2025-02-15,C1192,DE,Fashion,48.01,3,delivered
O101185,2025-02-15,C1943,FR,Home,20.07,1,delivered
O103209,2025-02-15,C1861,DE,Home,33.5,2,delivered
O100110,2025-02-15,C2138,CH,Home,45.17,1,delivered
O103737,2025-02-15,C1866,CH,Electronics,210.79,1,delivered
O104226,2025-02-15,C1188,CH,Books,31.87,2,delivered
O103483,2025-02-15,C2401,DE,Electronics,665.07,1,delivered
O104126,2025-02-15,C2003,CH,Books,14.95,1,delivered
O101185,2025-02-15,C1943,FR,Home,20.07,1,delivered
O104358,2025-02-16,C1417,DE,Books,34.53,2,delivered
O104409,2025-02-16,C1620,CH,Home,110.72,2,delivered
O102767,2025-02-16,C2626,DE,Fashion,33.5,2,delivered
O101525,2025-02-16,C1309,DE,Home,84.71,1,delivered
O102861,2025-02-16,C1032,IT,Fashion,43.43,2,delivered
O101122,2025-02-16,C1331,CH,Electronics,323.46,1,delivered
O103021,2025-02-17,C1141,DE,Fashion,25.66,2,delivered
O104959,2025-02-17,C2480,DE,Home,153.36,2,delivered
O104663,2025-02-17,C1312,DE,Electronics,61.31,1,delivered
O100296,2025-02-17,C2487,CH,Books,28.41,1,delivered
O101160,2025-02-17,C1255,CH,Fashion,33.45,3,delivered
O100074,2025-02-17,C2619,CH,Home,25.59,3,delivered
O104111,2025-02-17,C1297,IT,Fashion,63.21,3,delivered
O102809,2025-02-17,C1774,CH,Home,50.91,2,delivered
O104390,2025-02-17,C2058,IT,Fashion,140.27,2,delivered
O101213,2025-02-17,C2340,DE,Home,45.69,1,delivered
O104541,2025-02-17,C2420,CH,Electronics,168.56,1,cancelled
O103775,2025-02-17,C1186,CH,Fashion,69.98,2,delivered
O101445,2025-02-17,C1065,IT,Fashion,30.03,3,delivered
O104711,2025-02-17,C2068,DE,Electronics,79.54,2,delivered
O103794,2025-02-17,C1036,IT,Home,24.47,2,delivered
O101505,2025-02-18,C2564,DE,Fashion,39.74,2,delivered
O100235,2025-02-18,C1987,CH,Fashion,47.73,2,delivered
O103213,2025-02-18,C1944,CH,Electronics,210.73,2,delivered
O102542,2025-02-18,C1644,IT,Fashion,52.16,2,delivered
O102633,2025-02-18,C1311,CH,Home,17.42,3,delivered
O101412,2025-02-18,C2191,FR,Fashion,15.69,2,delivered
O102329,2025-02-18,C2296,DE,Sports,28.2,2,delivered
O101501,2025-02-19,C2120,CH,Home,30.4,3,delivered
O103636,2025-02-19,C1372,DE,Fashion,42.96,1,delivered
O101205,2025-02-19,C2027,FR,Books,18.57,3,delivered
O100471,2025-02-19,C1721,IT,Sports,43.17,3,delivered
O104740,2025-02-19,C2063,CH,Books,12.33,2,delivered
O104776,2025-02-19,C1851,DE,Electronics,155.95,1,delivered
O100552,2025-02-19,C1976,FR,Home,38.45,2,delivered
O102511,2025-02-19,C1089,DE,Home,43.48,1,delivered
O100988,2025-02-19,C2225,DE,Home,133.42,3,delivered
O101593,2025-02-20,C2308,CH,Electronics,518.58,3,returned
O103861,2025-02-20,C2167,DE,Home,110.77,3,delivered
O101949,2025-02-20,C1854,CH,Electronics,287.5,2,delivered
O101167,2025-02-20,C2125,CH,Sports,62.51,1,delivered
O102841,2025-02-20,C1799,DE,Electronics,164.08,3,delivered
O103303,2025-02-20,C2188,CH,Home,39.89,3,delivered
O101326,2025-02-20,C1476,FR,Books,13.74,2,delivered
O100188,2025-02-20,C1467,CH,Fashion,34.36,1,delivered
O100458,2025-02-20,C2404,CH,Fashion,18.43,3,delivered
O104210,2025-02-20,C2333,CH,Fashion,114.83,3,delivered
O104509,2025-02-21,C2106,IT,Electronics,249.77,1,delivered
O102713,2025-02-21,C1042,DE,Electronics,58.55,3,delivered
O104573,2025-02-21,C1826,DE,Fashion,24.61,1,delivered
O101873,2025-02-21,C1590,DE,Books,9.44,1,delivered
O104800,2025-02-21,C1891,IT,Books,21.96,1,delivered
O103270,2025-02-21,C2017,FR,Fashion,63.81,2,returned
O103524,2025-02-21,C2792,DE,Sports,81.18,3,delivered
O100804,2025-02-21,C1575,AT,Electronics,1190.16,1,returned
O103271,2025-02-21,C2745,AT,Home,198.25,1,delivered
O100264,2025-02-21,C1375,CH,Home,35.23,2,delivered
O100065,2025-02-21,C1718,CH,Electronics,251.61,3,delivered
O101573,2025-02-21,C1483,AT,Fashion,62.69,3,delivered
O104056,2025-02-22,C2739,DE,Home,94.96,2,delivered
O101251,2025-02-22,C2118,IT,Fashion,97.86,3,delivered
O104655,2025-02-23,C1311,CH,Fashion,28.69,1,delivered
O100265,2025-02-23,C1462,FR,Home,42.34,3,delivered
O101786,2025-02-23,C1535,DE,Home,86.22,1,delivered
O101480,2025-02-23,C2239,DE,Home,36.09,3,delivered
O103921,2025-02-23,C1942,CH,Home,111.4,3,delivered
O100517,2025-02-23,C2340,CH,Books,10.06,1,delivered
O102858,2025-02-23,C1366,CH,Sports,56.57,1,delivered
O104714,2025-02-23,C1404,DE,Books,22.18,3,delivered
O101802,2025-02-23,C1642,FR,Home,15.43,1,delivered
O100544,2025-02-24,C1394,CH,Books,31.45,2,delivered
O104368,2025-02-24,C2062,CH,Sports,157.4,2,delivered
O102730,2025-02-24,C1791,CH,Books,9.16,2,delivered
O101058,2025-02-24,C1185,FR,Books,46.95,2,delivered
O101069,2025-02-24,C1070,DE,Fashion,74.52,2,delivered
O103306,2025-02-24,C2465,DE,Books,27.4,3,delivered
O104720,2025-02-24,C2568,CH,Home,49.97,3,returned
O103901,2025-02-25,C1139,CH,Home,30.74,3,delivered
O103342,2025-02-25,C1853,DE,Fashion,32.24,1,delivered
O104619,2025-02-25,C1859,CH,Home,52.63,3,delivered
O101666,2025-02-25,C2078,CH,Books,8.77,3,delivered
O101914,2025-02-25,C2366,DE,Sports,82.25,1,delivered
O103384,2025-02-25,C2340,DE,Sports,46.12,1,delivered
O100117,2025-02-25,C1103,DE,Home,159.31,3,delivered
O102664,2025-02-25,C1840,CH,Fashion,53.66,1,delivered
O101943,2025-02-25,C2187,DE,Books,36.05,1,delivered
O100100,2025-02-25,C1203,CH,Home,50.04,2,delivered
O103023,2025-02-25,C1065,CH,Fashion,39.45,3,delivered
O103667,2025-02-25,C2429,DE,Fashion,32.58,2,delivered
O103297,2025-02-26,C2700,CH,Fashion,34.47,3,delivered
O100403,2025-02-26,C1228,DE,Fashion,27.08,1,delivered
O101657,2025-02-26,C1947,DE,Home,60.31,3,delivered
O103470,2025-02-26,C1809,DE,Fashion,70.0,2,delivered
O100254,2025-02-26,C1629,FR,Electronics,250.57,3,returned
O103664,2025-02-26,C2024,CH,Fashion,39.66,2,delivered
O101922,2025-02-26,C2781,CH,Sports,198.55,3,delivered
O101548,2025-02-26,C2794,CH,Home,173.64,1,delivered
O101494,2025-02-26,C2362,DE,Home,71.48,3,delivered
O102548,2025-02-26,C2385,CH,Home,89.19,3,delivered
O101627,2025-02-26,C1990,AT,Electronics,367.96,3,delivered
O104088,2025-02-27,C1948,CH,Books,27.01,2,delivered
O100614,2025-02-27,C2378,CH,Electronics,427.83,1,delivered
O102300,2025-02-27,C1902,DE,Fashion,32.26,2,delivered
O104183,2025-02-27,C2762,AT,Home,21.87,2,delivered
O104150,2025-02-27,C2563,CH,Home,39.95,2,delivered
O102503,2025-02-27,C1989,IT,Sports,127.15,1,delivered
O101979,2025-02-27,C2557,CH,Sports,90.55,3,delivered
O100829,2025-02-27,C2042,CH,Books,15.16,2,delivered
O104335,2025-02-27,C2473,DE,Home,82.83,1,delivered
O100145,2025-02-27,C1136,CH,Sports,77.91,2,delivered
O102403,2025-02-27,C1108,DE,Electronics,105.52,1,delivered
O101227,2025-02-28,C2002,DE,Fashion,25.8,2,delivered
O101497,2025-02-28,C2738,IT,Electronics,176.12,1,delivered
O103867,2025-02-28,C1641,FR,Home,143.34,2,delivered
O104428,2025-02-28,C1665,CH,Electronics,2086.02,1,delivered
O100460,2025-02-28,C1970,FR,Fashion,36.38,1,delivered
O103976,2025-02-28,C1675,CH,Electronics,76.49,1,delivered
O103612,2025-03-01,C1441,IT,Sports,95.75,2,delivered
O103120,2025-03-01,C2094,DE,Fashion,59.94,3,delivered
O103961,2025-03-01,C2239,CH,Fashion,20.87,2,delivered
O103425,2025-03-01,C2557,DE,Books,17.8,1,delivered
O100340,2025-03-01,C2746,DE,Books,12.29,1,delivered
O100337,2025-03-01,C2131,CH,Books,14.44,1,delivered
O103640,2025-03-01,C2071,DE,Sports,82.03,3,delivered
O103280,2025-03-01,C1073,CH,Electronics,65.87,2,delivered
O104424,2025-03-02,C1697,IT,Fashion,37.9,2,delivered
O100957,2025-03-02,C1788,FR,Home,60.25,1,delivered
O100784,2025-03-02,C2689,FR,Fashion,71.98,2,delivered
O103933,2025-03-02,C2279,CH,Home,38.02,3,delivered
O101639,2025-03-02,C2244,DE,Books,26.79,3,delivered
O104152,2025-03-03,C2161,IT,Books,21.17,3,returned
O100356,2025-03-03,C1647,FR,Sports,41.09,2,delivered
O102044,2025-03-03,C2406,CH,Sports,81.26,1,delivered
O104030,2025-03-03,C2062,FR,Home,75.2,2,returned
O100884,2025-03-03,C1181,DE,Home,32.36,1,delivered
O103675,2025-03-03,C2283,FR,Books,12.75,2,delivered
O104769,2025-03-03,C1286,AT,Fashion,45.08,2,delivered
O103005,2025-03-04,C1353,DE,Home,22.78,2,delivered
O103406,2025-03-04,C1968,DE,Sports,141.91,2,delivered
O101016,2025-03-04,C2335,CH,Electronics,170.92,1,delivered
O103151,2025-03-04,C2787,IT,Books,23.18,1,cancelled
O104909,2025-03-04,C1036,DE,Electronics,811.84,2,delivered
O103246,2025-03-04,C1826,FR,Electronics,121.48,3,delivered
O101839,2025-03-04,C1171,DE,Fashion,65.93,2,delivered
O101608,2025-03-04,C1074,DE,Books,24.4,3,delivered
O104438,2025-03-05,C1293,CH,Sports,53.34,2,delivered
O102840,2025-03-05,C2427,CH,Fashion,60.54,3,delivered
O101332,2025-03-05,C2121,DE,Fashion,36.89,3,delivered
O104093,2025-03-05,C2432,DE,Sports,52.38,3,delivered
O101071,2025-03-05,C1100,DE,Sports,12.22,3,delivered
O103928,2025-03-05,C1832,DE,Home,38.76,1,delivered
O104579,2025-03-05,C1481,DE,Fashion,25.12,1,cancelled
O103897,2025-03-05,C2293,AT,Fashion,52.07,1,delivered
O104324,2025-03-05,C1520,DE,Home,63.94,3,delivered
O102397,2025-03-05,C2536,CH,Sports,111.4,2,delivered
O104340,2025-03-05,C2222,AT,Sports,20.73,3,delivered
O102950,2025-03-05,C2229,CH,Home,33.46,3,delivered
O102348,2025-03-05,C1220,DE,Electronics,228.57,2,delivered
O102290,2025-03-06,C2694,DE,Fashion,58.9,2,delivered
O103115,2025-03-06,C1854,CH,Fashion,36.69,1,delivered
O101509,2025-03-06,C1524,IT,Home,49.44,1,delivered
O100753,2025-03-06,C2776,CH,Electronics,103.13,2,returned
O102190,2025-03-06,C1836,FR,Fashion,36.33,3,delivered
O101238,2025-03-06,C1306,CH,Fashion,36.98,2,delivered
O104246,2025-03-07,C1581,IT,Fashion,19.67,1,delivered
O102188,2025-03-07,C2218,CH,Fashion,66.31,1,delivered
O103925,2025-03-07,C1840,DE,Books,12.57,2,cancelled
O103138,2025-03-07,C1043,FR,Home,53.93,2,delivered
O100872,2025-03-07,C1893,FR,Home,57.73,1,delivered
O103013,2025-03-07,C2374,FR,Fashion,57.38,3,delivered
O104108,2025-03-08,C1281,DE,Home,127.1,2,delivered
O101081,2025-03-08,C1147,CH,Sports,43.34,3,delivered
O104972,2025-03-08,C2124,CH,Sports,58.77,2,delivered
O101097,2025-03-08,C1803,DE,Home,50.54,2,delivered
O102538,2025-03-08,C1337,DE,Home,60.76,2,delivered
O100176,2025-03-08,C2577,CH,Fashion,46.03,2,delivered
O104623,2025-03-08,C2736,AT,Fashion,56.62,3,delivered
O102160,2025-03-08,C2399,AT,Sports,42.43,2,cancelled
O104082,2025-03-08,C1612,AT,Fashion,63.49,2,delivered
O103066,2025-03-09,C1282,IT,Sports,37.24,1,delivered
O104212,2025-03-09,C1645,FR,Home,30.56,2,delivered
O102852,2025-03-09,C1270,FR,Home,66.42,1,delivered
O100260,2025-03-09,C2677,DE,Fashion,33.48,3,delivered
O100397,2025-03-09,C2660,FR,Fashion,38.13,2,delivered
O101373,2025-03-10,C1265,CH,Electronics,93.32,1,delivered
O101120,2025-03-10,C1282,DE,Fashion,49.2,1,delivered
O103193,2025-03-10,C1760,FR,Electronics,322.7,1,delivered
O104440,2025-03-10,C2470,DE,Books,13.99,3,delivered
O101022,2025-03-10,C2562,IT,Fashion,35.8,3,delivered
O101321,2025-03-10,C2107,DE,Home,96.93,1,delivered
O101643,2025-03-10,C2598,FR,Sports,55.58,2,cancelled
O104360,2025-03-10,C1367,DE,Home,48.46,1,delivered
O104856,2025-03-11,C1155,CH,Books,5.25,3,delivered
O101337,2025-03-11,C1609,CH,Home,62.54,1,cancelled
O104687,2025-03-11,C1760,CH,Books,12.73,2,delivered
O102754,2025-03-11,C1594,CH,Sports,85.99,1,cancelled
O102715,2025-03-11,C2335,CH,Fashion,63.69,2,delivered
O103991,2025-03-11,C1824,AT,Home,50.11,3,delivered
O101116,2025-03-11,C2378,CH,Home,41.89,2,delivered
O101263,2025-03-12,C2352,CH,Fashion,52.53,3,delivered
O102111,2025-03-12,C2149,DE,Fashion,24.68,1,delivered
O100724,2025-03-12,C2096,IT,Sports,42.33,1,delivered
O101748,2025-03-12,C2670,CH,Books,24.46,3,delivered
O103699,2025-03-12,C1985,CH,Fashion,57.0,1,delivered
O102746,2025-03-12,C1576,FR,Home,31.31,2,delivered
O103769,2025-03-13,C1875,AT,Home,120.91,2,delivered
O101203,2025-03-13,C1824,IT,Electronics,404.12,2,delivered
O104194,2025-03-13,C1864,CH,Home,89.72,1,delivered
O102819,2025-03-13,C1509,FR,Home,64.08,3,cancelled
O102466,2025-03-13,C2468,IT,Books,16.5,2,delivered
O104938,2025-03-13,C2500,DE,Books,23.89,3,delivered
O102834,2025-03-13,C1800,DE,Books,10.45,2,delivered
O100376,2025-03-13,C2748,DE,Books,11.83,3,cancelled
O104147,2025-03-13,C2466,DE,Fashion,84.61,1,delivered
O104861,2025-03-13,C2094,CH,Electronics,327.07,1,delivered
O100910,2025-03-13,C1458,FR,Fashion,102.76,3,delivered
O103420,2025-03-13,C2606,AT,Electronics,155.33,3,delivered
O100263,2025-03-13,C1785,CH,Electronics,194.1,3,delivered
O102931,2025-03-13,C1317,CH,Sports,55.12,3,delivered
O100243,2025-03-13,C1966,DE,Home,26.0,2,delivered
O100935,2025-03-13,C2516,CH,Books,26.87,2,delivered
O104988,2025-03-14,C1398,FR,Books,23.17,3,delivered
O101660,2025-03-14,C2289,CH,Fashion,31.33,2,delivered
O102275,2025-03-14,C1876,FR,Sports,89.92,2,delivered
O102833,2025-03-14,C2112,CH,Fashion,17.82,2,delivered
O100527,2025-03-14,C2573,DE,Fashion,65.44,2,delivered
O102669,2025-03-14,C2324,DE,Home,23.07,2,returned
O100422,2025-03-14,C1866,DE,Fashion,32.5,1,returned
O104633,2025-03-14,C2401,DE,Fashion,84.89,1,delivered
O103583,2025-03-14,C2577,FR,Fashion,14.69,1,delivered
O101703,2025-03-14,C1768,IT,Books,23.65,2,returned
O101286,2025-03-14,C2642,FR,Fashion,40.61,3,delivered
O104942,2025-03-14,C1558,DE,Home,16.66,1,delivered
O103902,2025-03-15,C1547,DE,Books,19.09,2,delivered
O104707,2025-03-15,C1361,DE,Books,24.41,3,delivered
O103314,2025-03-15,C1543,IT,Books,25.91,3,delivered
O103911,2025-03-15,C2350,IT,Sports,176.54,2,delivered
O101856,2025-03-15,C1065,FR,Home,69.02,3,delivered
O103621,2025-03-15,C1892,DE,Electronics,104.86,1,delivered
O103692,2025-03-15,C1708,CH,Fashion,37.9,1,cancelled
O101479,2025-03-15,C1396,CH,Sports,15.97,2,returned
O100936,2025-03-15,C2177,CH,Electronics,290.54,2,returned
O102486,2025-03-16,C2644,AT,Fashion,19.15,2,delivered
O100445,2025-03-16,C2121,DE,Electronics,250.04,3,delivered
O103169,2025-03-16,C1071,DE,Home,31.11,2,delivered
O101834,2025-03-16,C1593,DE,Home,108.97,1,delivered
O104444,2025-03-16,C2317,CH,Fashion,57.6,3,delivered
O104586,2025-03-16,C1440,CH,Home,81.02,2,delivered
O104267,2025-03-17,C1448,AT,Fashion,40.3,3,returned
O102393,2025-03-17,C1084,AT,Home,82.42,2,delivered
O100739,2025-03-17,C1501,FR,Electronics,94.34,1,delivered
O101989,2025-03-17,C1800,CH,Fashion,49.83,1,delivered
O102116,2025-03-17,C1046,CH,Home,34.0,3,delivered
O101465,2025-03-17,C2211,FR,Fashion,49.7,1,delivered
O101481,2025-03-17,C1575,AT,Home,33.35,3,returned
O101951,2025-03-17,C2623,IT,Home,71.88,3,delivered
O102531,2025-03-17,C1828,DE,Sports,65.19,2,delivered
O103564,2025-03-17,C1017,FR,Electronics,130.34,3,delivered
O100906,2025-03-18,C1809,DE,Sports,168.26,2,delivered
O102674,2025-03-18,C1447,DE,Fashion,37.31,1,delivered
O101492,2025-03-18,C1982,CH,Books,32.96,2,returned
O103160,2025-03-18,C1581,DE,Sports,38.65,2,delivered
O103923,2025-03-18,C2048,DE,Home,78.82,1,delivered
O101849,2025-03-18,C1608,AT,Fashion,75.99,-1,cancelled
O101667,2025-03-18,C1775,FR,Books,32.31,3,delivered
O100714,2025-03-18,C2401,FR,Home,115.9,3,delivered
O104677,2025-03-18,C1557,IT,Home,41.57,2,delivered
O104023,2025-03-18,C1336,CH,Home,29.99,1,delivered
O101128,2025-03-19,C1942,IT,Books,12.06,1,delivered
O102623,2025-03-19,C2721,AT,Sports,62.69,2,delivered
O101446,2025-03-19,C1195,AT,Home,36.23,2,returned
O102967,2025-03-19,C1963,CH,Fashion,37.74,3,delivered
O101585,2025-03-19,C1883,IT,Fashion,38.61,1,delivered
O103513,2025-03-19,C2377,FR,Sports,75.39,1,cancelled
O103773,2025-03-19,C1789,DE,Electronics,66.88,2,delivered
O100436,2025-03-19,C1979,CH,Home,43.23,1,delivered
O104137,2025-03-19,C1672,CH,Home,109.13,3,delivered
O104585,2025-03-19,C2620,DE,Home,86.69,1,delivered
O100127,2025-03-20,C2136,DE,Sports,129.39,3,delivered
O100575,2025-03-20,C2114,DE,Home,153.69,2,delivered
O102490,2025-03-20,C2387,DE,Books,16.87,3,returned
O102541,2025-03-20,C2541,AT,Home,21.97,1,delivered
O101317,2025-03-20,C1077,DE,Fashion,70.68,3,delivered
O102659,2025-03-21,C2560,CH,Fashion,46.15,3,delivered
O100695,2025-03-21,C1457,FR,Electronics,299.72,1,delivered
O101970,2025-03-21,C2368,DE,Home,36.06,3,delivered
O103357,2025-03-21,C1852,DE,Books,17.36,3,delivered
O100643,2025-03-21,C1878,CH,Books,21.97,1,delivered
O100760,2025-03-21,C1893,AT,Sports,53.05,1,delivered
O100059,2025-03-21,C1700,DE,Sports,149.2,1,delivered
O101807,2025-03-21,C1182,FR,Sports,156.57,1,delivered
O100001,2025-03-21,C1559,CH,Sports,93.62,1,delivered
O101360,2025-03-22,C1904,IT,Home,85.13,2,delivered
O101064,2025-03-22,C2714,CH,Electronics,104.17,3,delivered
O100322,2025-03-22,C1815,DE,Fashion,43.53,2,delivered
O101944,2025-03-22,C1131,CH,Fashion,43.75,3,delivered
O100015,2025-03-22,C1847,IT,Sports,148.15,3,delivered
O102611,2025-03-22,C2372,FR,Sports,63.34,1,returned
O102726,2025-03-23,C1685,DE,Fashion,59.18,3,cancelled
O104724,2025-03-23,C2735,DE,Sports,258.02,2,delivered
O101344,2025-03-23,C1862,DE,Electronics,172.81,2,delivered
O102966,2025-03-23,C2455,CH,Fashion,34.99,3,delivered
O104866,2025-03-23,C2674,DE,Electronics,260.46,3,delivered
O102922,2025-03-23,C1740,FR,Sports,81.67,3,delivered
O103211,2025-03-23,C1803,DE,Electronics,140.02,2,delivered
O100420,2025-03-23,C2536,DE,Books,14.34,3,cancelled
O103546,2025-03-23,C1201,DE,Fashion,39.11,3,cancelled
O100255,2025-03-23,C1734,AT,Home,53.89,2,delivered
O104284,2025-03-23,C1715,CH,Fashion,18.27,1,delivered
O102426,2025-03-23,C2386,DE,Home,39.29,2,delivered
O103232,2025-03-24,C2726,CH,Home,76.61,2,returned
O100000,2025-03-24,C2735,FR,Sports,258.61,2,delivered
O104169,2025-03-24,C1530,CH,Home,49.78,1,delivered
O104839,2025-03-24,C2251,DE,Sports,181.91,2,cancelled
O103260,2025-03-24,C2566,CH,Sports,47.0,2,delivered
O100795,2025-03-24,C1992,CH,Electronics,185.13,1,delivered
O103944,2025-03-24,C1653,CH,Electronics,182.92,1,delivered
O100454,2025-03-24,C1320,DE,Books,5.71,2,delivered
O101281,2025-03-24,C2641,DE,Fashion,101.9,3,delivered
O102075,2025-03-24,C2207,FR,Electronics,588.0,3,delivered
O102042,2025-03-25,C1931,IT,Books,9.38,3,returned
O101769,2025-03-25,C2521,CH,Sports,68.26,2,delivered
O100423,2025-03-25,C1773,CH,Home,24.58,3,delivered
O103831,2025-03-25,C2495,FR,Electronics,148.77,1,delivered
O103377,2025-03-25,C2385,CH,Home,18.51,3,cancelled
O102096,2025-03-25,C2091,CH,Sports,186.55,3,delivered
O100684,2025-03-25,C2715,FR,Fashion,45.29,2,delivered
O104467,2025-03-25,C2531,DE,Fashion,63.16,3,delivered
O103236,2025-03-25,C2098,AT,Electronics,321.58,1,delivered
O104890,2025-03-25,C2714,AT,Sports,58.52,1,delivered
O100042,2025-03-25,C2087,CH,Home,112.89,3,delivered
O102339,2025-03-25,C2651,FR,Books,18.1,3,delivered
O104066,2025-03-26,C2499,FR,Electronics,303.36,1,delivered
O101590,2025-03-26,C1003,CH,Sports,85.61,2,delivered
O104901,2025-03-26,C1424,DE,Sports,51.53,1,delivered
O103163,2025-03-26,C1926,IT,Electronics,75.03,1,delivered
O102326,2025-03-26,C2132,CH,Fashion,21.38,1,delivered
O104820,2025-03-26,C1866,IT,Electronics,24.25,3,delivered
O101258,2025-03-26,C2342,DE,Fashion,73.71,1,delivered
O104199,2025-03-26,C1373,CH,Home,65.63,2,delivered
O102147,2025-03-27,C2652,CH,Sports,41.25,2,delivered
O100301,2025-03-27,C1790,DE,Fashion,69.35,2,delivered
O100029,2025-03-27,C2520,FR,Fashion,40.56,2,delivered
O101678,2025-03-27,C1621,AT,Home,56.2,3,delivered
O100252,2025-03-27,C1743,AT,Fashion,201.0,3,delivered
O100413,2025-03-27,C1896,FR,Fashion,58.1,1,delivered
O103625,2025-03-27,C1010,DE,Fashion,79.48,3,delivered
O102247,2025-03-28,C1749,CH,Fashion,42.99,3,delivered
O104819,2025-03-28,C2793,CH,Fashion,19.46,3,delivered
O104249,2025-03-28,C2715,DE,Home,104.37,3,delivered
O101049,2025-03-28,C2698,CH,Sports,84.74,3,delivered
O103600,2025-03-28,C1893,DE,Home,44.43,3,delivered
O103586,2025-03-29,C1109,DE,Sports,57.21,2,delivered
O104209,2025-03-29,C2107,AT,Home,56.54,1,delivered
O103558,2025-03-29,C1508,CH,Fashion,72.02,1,delivered
O100134,2025-03-29,C1940,DE,Electronics,74.91,3,delivered
O104617,2025-03-29,C1095,IT,Electronics,723.18,3,returned
O102301,2025-03-29,C2712,AT,Home,46.26,2,returned
O100530,2025-03-29,C1837,IT,Home,78.61,2,delivered
O102257,2025-03-29,C1332,DE,Home,126.31,1,delivered
O102666,2025-03-29,C2454,DE,Electronics,68.25,2,delivered
O103008,2025-03-29,C1936,CH,Electronics,1757.94,1,delivered
O101770,2025-03-30,C2775,DE,Fashion,58.47,3,delivered
O102647,2025-03-30,C2417,CH,Sports,66.66,2,returned
O102431,2025-03-30,C1789,CH,Fashion,35.39,2,delivered
O104553,2025-03-30,C2012,CH,Electronics,24.47,1,delivered
O103745,2025-03-30,C1525,CH,Electronics,53.87,3,delivered
O100218,2025-03-30,C2586,CH,Home,43.99,2,delivered
O104348,2025-03-30,C1714,DE,Books,33.54,2,delivered
O104166,2025-03-31,C1994,FR,Electronics,137.22,3,delivered
O101522,2025-03-31,C2711,DE,Books,18.32,3,delivered
O102251,2025-03-31,C1755,FR,Sports,25.17,1,delivered
O100201,2025-03-31,C1901,DE,Electronics,46.66,2,delivered
O102383,2025-03-31,C1160,AT,Fashion,25.93,1,delivered
O104433,2025-03-31,C2124,CH,Home,44.58,1,delivered
O100281,2025-03-31,C1865,AT,Home,92.28,1,delivered
O101135,2025-03-31,C1571,IT,Fashion,49.41,1,delivered
O100219,2025-03-31,C1484,CH,Electronics,,2,delivered
O103647,2025-04-01,C2027,FR,Sports,105.91,3,delivered
O103698,2025-04-01,C2520,IT,Electronics,375.89,2,cancelled
O100748,2025-04-01,C1131,DE,Books,24.5,2,delivered
O102390,2025-04-01,C2006,CH,Home,37.4,3,delivered
O102567,2025-04-01,C2574,AT,Home,54.85,3,delivered
O104729,2025-04-01,C1441,CH,Fashion,62.26,1,delivered
O102684,2025-04-01,C1872,AT,Electronics,227.24,3,delivered
O100708,2025-04-01,C2230,CH,Electronics,197.99,3,delivered
O102695,2025-04-01,C1418,DE,Home,114.49,3,delivered
O104193,2025-04-01,C1579,CH,Books,15.6,2,cancelled
O102576,2025-04-01,C2383,CH,Electronics,1013.09,3,delivered
O100022,2025-04-01,C1921,FR,Sports,40.08,1,cancelled
O102981,2025-04-02,C1526,DE,Sports,85.21,2,delivered
O101540,2025-04-02,C1100,DE,Books,24.5,2,delivered
O104048,2025-04-02,C2651,FR,Home,53.01,2,delivered
O100071,2025-04-02,C2777,CH,Fashion,79.15,2,delivered
O100009,2025-04-02,C2414,DE,Electronics,47.68,2,delivered
O104841,2025-04-02,C2395,FR,Electronics,19.55,3,delivered
O101676,2025-04-02,C2335,CH,Home,117.48,3,delivered
O103793,2025-04-03,C1696,IT,Electronics,72.55,1,delivered
O100370,2025-04-03,C1817,CH,Fashion,78.54,1,delivered
O100197,2025-04-03,C2511,CH,Electronics,342.39,1,delivered
O103868,2025-04-03,C1501,AT,Fashion,58.5,2,returned
O100828,2025-04-03,C1699,FR,Fashion,65.49,3,delivered
O101626,2025-04-03,C2670,CH,Home,49.47,3,delivered
O101741,2025-04-03,C1650,IT,Books,9.62,3,delivered
O102775,2025-04-04,C1166,DE,Home,16.78,2,delivered
O103576,2025-04-04,C1982,FR,Home,36.81,2,delivered
O102775,2025-04-04,C1166,DE,Home,16.78,2,delivered
O101930,2025-04-04,C1228,DE,Books,10.24,2,delivered
O100937,2025-04-04,C2604,DE,Fashion,62.18,2,delivered
O104770,2025-04-04,C2151,DE,Electronics,252.05,3,delivered
O102048,2025-04-04,C2255,AT,Books,14.93,3,delivered
O100845,2025-04-04,C1956,DE,Sports,123.12,1,delivered
O102063,2025-04-04,C1630,CH,Sports,44.29,1,delivered
O100839,2025-04-05,C1780,AT,Electronics,245.77,3,delivered
O102354,2025-04-05,C1976,DE,Fashion,129.61,2,delivered
O104078,2025-04-05,C2338,IT,Sports,89.61,1,delivered
O103101,2025-04-05,C1293,DE,Fashion,32.67,3,delivered
O104280,2025-04-05,C2586,IT,Electronics,190.49,3,delivered
O104008,2025-04-05,C1630,DE,Fashion,30.47,1,delivered
O104632,2025-04-05,C2377,FR,Fashion,23.62,1,delivered
O104289,2025-04-05,C1379,FR,Home,45.98,1,delivered
O104233,2025-04-05,C1957,DE,Fashion,38.84,1,delivered
O103919,2025-04-05,C1183,AT,Books,21.15,3,delivered
O101090,2025-04-05,C2124,CH,Fashion,40.75,3,delivered
O104568,2025-04-05,C1986,CH,Sports,42.04,1,delivered
O104004,2025-04-06,C2141,AT,Electronics,115.72,3,delivered
O104496,2025-04-06,C1034,FR,Sports,206.29,1,delivered
O100513,2025-04-06,C1868,DE,Electronics,25.76,1,delivered
O103112,2025-04-06,C2116,CH,Fashion,36.51,3,delivered
O100367,2025-04-06,C1051,CH,Electronics,853.45,2,delivered
O101002,2025-04-06,C2209,DE,Home,19.33,3,delivered
O100442,2025-04-07,C1042,DE,Sports,120.99,1,delivered
O103499,2025-04-07,C1606,DE,Electronics,198.98,3,delivered
O104946,2025-04-07,C2058,DE,Home,46.79,2,delivered
O103499,2025-04-07,C1606,DE,Electronics,198.98,3,delivered
O101289,2025-04-07,C1037,CH,Home,45.39,3,returned
O103214,2025-04-07,C1767,DE,Electronics,125.51,2,delivered
O102744,2025-04-07,C2575,DE,Electronics,,2,delivered
O102425,2025-04-07,C1348,CH,Home,63.62,3,delivered
O102285,2025-04-07,C1905,DE,Home,52.11,2,delivered
O100345,2025-04-07,C2372,CH,Books,13.75,1,delivered
O104336,2025-04-08,C1038,DE,Electronics,306.25,1,delivered
O103422,2025-04-08,C2036,CH,Sports,132.39,1,delivered
O100473,2025-04-09,C1109,FR,Books,10.38,3,delivered
O101393,2025-04-09,C1794,CH,Books,34.35,2,returned
O104693,2025-04-09,C1505,AT,Sports,25.43,3,delivered
O101103,2025-04-09,C1432,CH,Home,157.61,1,delivered
O104350,2025-04-09,C1172,IT,Home,119.1,3,delivered
O100927,2025-04-09,C1217,DE,Home,67.75,1,delivered
O102252,2025-04-09,C1408,DE,Home,33.39,2,delivered
O101025,2025-04-09,C1083,IT,Home,112.27,3,returned
O104414,2025-04-09,C1996,FR,Electronics,47.37,2,delivered
O100248,2025-04-10,C1865,AT,Fashion,126.02,3,delivered
O100231,2025-04-10,C1266,IT,Fashion,52.07,3,delivered
O104470,2025-04-10,C2444,AT,Home,43.25,1,delivered
O102962,2025-04-10,C1400,FR,Fashion,65.96,2,delivered
O102872,2025-04-10,C1739,FR,Sports,258.62,3,delivered
O100561,2025-04-10,C2001,IT,Electronics,88.74,1,delivered
O101651,2025-04-10,C1958,CH,Electronics,283.49,2,delivered
O101795,2025-04-10,C1235,FR,Electronics,369.12,1,delivered
O104759,2025-04-10,C1317,DE,Home,74.78,1,delivered
O100097,2025-04-10,C1786,CH,Home,80.6,3,delivered
O101211,2025-04-11,C1478,FR,Fashion,45.4,1,delivered
O102406,2025-04-11,C2500,IT,Fashion,22.66,3,delivered
O102199,2025-04-11,C1758,DE,Books,17.92,1,delivered
O103073,2025-04-11,C1117,CH,Electronics,133.57,2,delivered
O104757,2025-04-11,C2290,DE,Home,51.33,3,delivered
O103252,2025-04-11,C2277,CH,Sports,50.77,3,delivered
O104123,2025-04-11,C2267,DE,Home,26.95,3,delivered
O100619,2025-04-11,C1838,FR,Books,41.16,1,delivered
O103291,2025-04-11,C1543,CH,Electronics,68.21,2,delivered
O101000,2025-04-12,C2168,CH,Books,9.35,2,delivered
O101150,2025-04-12,C2365,FR,Fashion,31.86,2,delivered
O100891,2025-04-12,C1792,AT,Home,48.22,3,delivered
O102314,2025-04-12,C1106,CH,Home,95.99,1,delivered
O104614,2025-04-12,C2376,CH,Fashion,46.78,2,delivered
O104918,2025-04-12,C2174,FR,Fashion,117.19,2,delivered
O103243,2025-04-12,C2599,AT,Fashion,76.36,3,delivered
O102186,2025-04-12,C1805,DE,Books,26.47,3,delivered
O101414,2025-04-12,C1968,IT,Electronics,381.55,3,delivered
O100215,2025-04-12,C1891,DE,Home,50.29,3,delivered
O101980,2025-04-12,C2659,DE,Home,29.24,1,returned
O104245,2025-04-12,C1711,DE,Electronics,368.73,1,delivered
O103435,2025-04-13,C2069,FR,Home,20.22,2,delivered
O102617,2025-04-13,C1932,FR,Sports,138.59,1,delivered
O100886,2025-04-13,C2023,DE,Sports,58.22,1,delivered
O100929,2025-04-13,C2330,FR,Home,46.53,2,cancelled
O103685,2025-04-13,C1380,FR,Electronics,148.11,3,delivered
O100986,2025-04-13,C1484,CH,Home,48.68,3,delivered
O100557,2025-04-13,C1251,FR,Books,46.87,3,returned
O102200,2025-04-14,C1575,DE,Home,44.78,2,delivered
O101195,2025-04-14,C2569,IT,Home,41.61,3,delivered
O100208,2025-04-14,C2655,FR,Books,16.32,2,delivered
O102338,2025-04-14,C2367,DE,Fashion,20.52,2,delivered
O101196,2025-04-14,C1087,DE,Home,87.4,2,delivered
O103296,2025-04-14,C2673,FR,Electronics,384.58,2,delivered
O102875,2025-04-14,C2772,IT,Electronics,76.73,2,delivered
O103514,2025-04-15,C1744,DE,Books,21.7,3,delivered
O101225,2025-04-15,C2728,CH,Fashion,122.47,3,delivered
O102571,2025-04-15,C1848,CH,Fashion,65.14,2,delivered
O104201,2025-04-15,C1089,IT,Home,51.3,1,delivered
O103797,2025-04-15,C2217,FR,Fashion,52.38,1,delivered
O101100,2025-04-15,C1329,DE,Home,82.18,3,delivered
O104631,2025-04-15,C2373,DE,Fashion,84.43,1,delivered
O100182,2025-04-15,C1628,DE,Fashion,136.62,3,delivered
O100569,2025-04-15,C1927,DE,Books,26.6,3,delivered
O104620,2025-04-16,C1813,CH,Sports,37.4,1,delivered
O101485,2025-04-16,C1094,CH,Home,50.22,2,delivered
O104829,2025-04-16,C2532,FR,Fashion,80.55,2,delivered
O104269,2025-04-16,C1446,AT,Fashion,54.44,1,delivered
O101054,2025-04-16,C1431,CH,Sports,81.85,3,delivered
O101231,2025-04-16,C1835,CH,Electronics,103.94,2,delivered
O104452,2025-04-16,C2468,CH,Sports,112.09,3,delivered
O101803,2025-04-16,C1165,DE,Books,17.94,1,delivered
O104510,2025-04-17,C1273,CH,Fashion,43.48,1,returned
O102768,2025-04-17,C2420,DE,Electronics,64.61,1,delivered
O102055,2025-04-17,C1956,FR,Home,73.67,1,delivered
O100429,2025-04-17,C1733,DE,Sports,33.78,2,returned
O102613,2025-04-17,C1050,FR,Home,41.05,2,delivered
O103321,2025-04-17,C2279,AT,Home,46.44,1,delivered
O104388,2025-04-17,C1377,CH,Fashion,73.17,2,delivered
O103131,2025-04-17,C1853,AT,Electronics,47.93,3,delivered
O103637,2025-04-17,C1893,CH,Home,20.72,1,delivered
O104380,2025-04-17,C2427,FR,Home,38.44,2,delivered
O103240,2025-04-18,C1763,CH,Fashion,90.6,2,delivered
O102907,2025-04-18,C1302,AT,Fashion,66.54,1,delivered
O101172,2025-04-18,C1197,DE,Books,14.54,1,cancelled
O101186,2025-04-18,C1770,DE,Home,47.98,2,delivered
O101044,2025-04-18,C1101,AT,Fashion,50.34,2,cancelled
O104096,2025-04-18,C2080,IT,Home,79.22,2,cancelled
O103926,2025-04-18,C1657,IT,Electronics,33.62,2,delivered
O100119,2025-04-18,C2576,FR,Sports,76.61,1,delivered
O103285,2025-04-19,C2495,FR,Electronics,393.9,3,delivered
O103561,2025-04-19,C1941,CH,Books,15.17,2,returned
O102901,2025-04-19,C2083,CH,Sports,161.74,2,delivered
O100082,2025-04-19,C1376,FR,Sports,24.65,1,delivered
O103504,2025-04-19,C2059,DE,Fashion,51.36,3,cancelled
O102146,2025-04-19,C2258,CH,Fashion,23.85,1,delivered
O101606,2025-04-19,C1085,AT,Fashion,72.8,1,delivered
O102180,2025-04-19,C2339,CH,Electronics,71.59,3,delivered
O102814,2025-04-20,C1346,CH,Fashion,99.64,3,returned
O104597,2025-04-20,C1641,DE,Electronics,873.61,2,delivered
O103660,2025-04-20,C2028,DE,Books,14.53,2,delivered
O100200,2025-04-20,C2255,CH,Fashion,38.66,3,delivered
O101303,2025-04-20,C1532,AT,Home,19.41,2,delivered
O104214,2025-04-20,C2345,DE,Home,43.01,2,delivered
O103116,2025-04-20,C1163,CH,Sports,58.03,2,delivered
O103495,2025-04-20,C2705,DE,Home,197.1,2,delivered
O103502,2025-04-20,C2474,CH,Electronics,523.6,2,delivered
O104382,2025-04-20,C2459,IT,Books,20.67,1,delivered
O103975,2025-04-20,C2663,IT,Sports,74.88,3,cancelled
O103981,2025-04-21,C2255,CH,Home,57.41,3,delivered
O102785,2025-04-21,C2477,DE,Electronics,285.77,3,delivered
O100781,2025-04-21,C2736,DE,Electronics,114.41,3,delivered
O100900,2025-04-21,C2320,FR,Home,88.76,3,cancelled
O104920,2025-04-22,C1479,FR,Home,23.43,2,delivered
O104916,2025-04-22,C1203,AT,Books,25.01,1,delivered
O101076,2025-04-22,C1007,CH,Electronics,95.47,2,delivered
O101790,2025-04-22,C1255,FR,Electronics,72.46,3,delivered
O101119,2025-04-22,C1692,DE,Sports,37.98,1,returned
O101827,2025-04-22,C1404,DE,Fashion,27.58,1,delivered
O102038,2025-04-23,C1809,IT,Books,12.74,3,delivered
O101134,2025-04-23,C1382,CH,Electronics,202.6,2,delivered
O102245,2025-04-23,C2440,CH,Electronics,677.23,3,delivered
O104706,2025-04-23,C1904,FR,Home,64.61,2,delivered
O104849,2025-04-23,C2269,AT,Electronics,898.57,1,delivered
O101580,2025-04-23,C1595,CH,Sports,43.45,1,delivered
O101891,2025-04-23,C2192,FR,Fashion,39.3,3,delivered
O103492,2025-04-23,C2174,FR,Fashion,90.44,1,delivered
O100640,2025-04-23,C2100,CH,Fashion,52.0,2,delivered
O104974,2025-04-23,C2247,CH,Fashion,22.11,1,delivered
O100500,2025-04-23,C1854,DE,Books,16.5,3,delivered
O100783,2025-04-23,C1715,FR,Fashion,54.15,1,delivered
O102862,2025-04-23,C1154,IT,Fashion,43.2,3,delivered
O100541,2025-04-24,C2328,AT,Electronics,92.42,1,delivered
O103837,2025-04-24,C1474,CH,Sports,83.71,2,delivered
O102027,2025-04-24,C1085,DE,Home,90.71,3,delivered
O101978,2025-04-24,C2361,DE,Fashion,36.21,2,delivered
O104963,2025-04-25,C1106,CH,Fashion,67.21,1,cancelled
O100416,2025-04-25,C2009,CH,Books,17.11,2,delivered
O100758,2025-04-25,C2445,IT,Home,82.86,2,delivered
O101110,2025-04-25,C2510,CH,Electronics,229.24,3,delivered
O104309,2025-04-25,C1171,DE,Home,35.13,3,delivered
O100655,2025-04-25,C1547,CH,Home,115.24,1,returned
O103601,2025-04-25,C2011,CH,Home,104.16,2,delivered
O104404,2025-04-25,C1051,FR,Electronics,480.91,1,delivered
O102612,2025-04-25,C1954,DE,Books,12.4,3,delivered
O100336,2025-04-25,C2671,IT,Fashion,23.27,3,delivered
O104103,2025-04-26,C2729,FR,Home,97.55,2,delivered
O101938,2025-04-26,C1002,FR,Home,41.59,3,delivered
O100853,2025-04-26,C2522,FR,Sports,56.23,3,delivered
O102545,2025-04-26,C1275,DE,Sports,123.14,2,delivered
O104129,2025-04-26,C2144,FR,Sports,17.06,1,delivered
O104089,2025-04-26,C2544,DE,Home,109.88,3,delivered
O101594,2025-04-27,C1996,CH,Fashion,55.49,3,delivered
O102103,2025-04-27,C1967,CH,Fashion,35.41,1,delivered
O103510,2025-04-27,C2767,CH,Sports,58.18,3,cancelled
O100582,2025-04-27,C2735,CH,Home,172.27,3,delivered
O102914,2025-04-27,C2101,IT,Home,65.36,1,delivered
O100546,2025-04-27,C2304,IT,Home,146.41,2,delivered
O100143,2025-04-28,C1378,FR,Fashion,33.59,2,delivered
O102694,2025-04-28,C1368,AT,Electronics,250.15,1,delivered
O104701,2025-04-28,C2262,DE,Fashion,24.53,1,delivered
O102607,2025-04-28,C1271,AT,Books,14.84,3,delivered
O101388,2025-04-28,C1556,CH,Fashion,22.3,3,delivered
O103382,2025-04-28,C2659,DE,Home,45.74,3,delivered
O103530,2025-04-28,C1511,DE,Home,162.47,1,delivered
O104427,2025-04-28,C1129,FR,Home,200.59,1,delivered
O102225,2025-04-28,C1211,IT,Electronics,138.1,2,delivered
O103723,2025-04-29,C2676,DE,Books,14.21,2,delivered
O100108,2025-04-29,C2281,CH,Fashion,84.97,3,returned
O101207,2025-04-29,C1550,CH,Electronics,75.59,1,delivered
O103589,2025-04-29,C1568,DE,Electronics,331.69,3,returned
O101502,2025-04-29,C1069,DE,Sports,91.51,3,delivered
O101018,2025-04-29,C2092,DE,Fashion,70.2,3,delivered
O103854,2025-04-29,C2524,FR,Electronics,204.89,1,delivered
O101310,2025-04-30,C1683,FR,Home,43.17,3,returned
O104315,2025-04-30,C2675,CH,Sports,40.3,1,returned
O100364,2025-04-30,C1841,CH,Fashion,15.19,3,delivered
O103440,2025-04-30,C2030,CH,Electronics,114.49,2,delivered
O103265,2025-04-30,C1233,FR,Electronics,412.26,3,delivered
O101498,2025-04-30,C1396,CH,Fashion,20.11,1,cancelled
O100712,2025-05-01,C2540,CH,Electronics,248.64,2,delivered
O102810,2025-05-01,C2489,CH,Fashion,28.28,2,delivered
O100378,2025-05-01,C1118,AT,Electronics,462.77,3,delivered
O101718,2025-05-01,C1445,CH,Electronics,97.04,3,delivered
O102904,2025-05-01,C1921,FR,Books,20.86,1,delivered
O104955,2025-05-01,C1729,FR,Electronics,131.1,3,returned
O100366,2025-05-02,C1918,CH,Electronics,409.35,1,returned
O100131,2025-05-02,C1945,DE,Home,119.39,2,cancelled
O101265,2025-05-02,C1705,CH,Sports,73.45,3,delivered
O103165,2025-05-02,C1101,DE,Sports,37.76,3,delivered
O100912,2025-05-02,C1720,CH,Home,40.56,2,delivered
O103475,2025-05-02,C1250,CH,Books,9.44,1,delivered
O104855,2025-05-02,C1168,IT,Books,22.56,2,delivered
O102040,2025-05-02,C1433,CH,Fashion,126.17,3,delivered
O103326,2025-05-03,C1342,DE,Fashion,73.85,3,delivered
O101840,2025-05-03,C2317,CH,Electronics,497.44,3,returned
O101927,2025-05-03,C1646,DE,Fashion,66.89,3,delivered
O102797,2025-05-03,C2041,IT,Books,15.24,2,delivered
O102593,2025-05-03,C1827,CH,Books,17.71,3,delivered
O102928,2025-05-03,C2340,CH,Home,42.31,2,delivered
O103020,2025-05-03,C1066,IT,Sports,65.23,1,delivered
O104815,2025-05-03,C1790,FR,Home,75.38,3,delivered
O103031,2025-05-03,C1225,CH,Fashion,66.72,2,delivered
O101420,2025-05-03,C1696,CH,Sports,31.83,3,delivered
O104071,2025-05-03,C2030,CH,Fashion,32.2,1,delivered
O103731,2025-05-04,C1759,CH,Home,57.09,3,delivered
O104065,2025-05-04,C2632,AT,Electronics,65.62,2,delivered
O102638,2025-05-04,C1851,IT,Fashion,47.24,1,delivered
O101880,2025-05-04,C2412,DE,Sports,,2,delivered
O100699,2025-05-04,C1892,CH,Fashion,60.08,1,delivered
O101088,2025-05-04,C1472,DE,Fashion,31.79,1,delivered
O104537,2025-05-05,C2040,CH,Fashion,22.36,2,delivered
O103479,2025-05-05,C2050,IT,Books,11.75,3,delivered
O100083,2025-05-05,C2225,CH,Home,114.31,3,cancelled
O102663,2025-05-05,C1198,CH,Home,32.53,1,delivered
O102159,2025-05-05,C2046,FR,Electronics,227.51,2,delivered
O101457,2025-05-05,C2656,CH,Electronics,437.88,1,delivered
O101370,2025-05-06,C2134,FR,Home,61.33,2,delivered
O100075,2025-05-06,C2102,DE,Home,54.34,1,returned
O100652,2025-05-06,C2306,AT,Fashion,24.66,2,delivered
O101210,2025-05-06,C2557,DE,Fashion,50.33,3,delivered
O100984,2025-05-06,C1133,CH,Electronics,48.69,2,delivered
O101173,2025-05-06,C1893,IT,Books,12.44,3,delivered
O103015,2025-05-06,C1770,FR,Fashion,42.64,2,delivered
O104837,2025-05-07,C1430,DE,Home,78.96,1,delivered
O102945,2025-05-07,C2659,CH,Books,8.86,3,delivered
O104967,2025-05-07,C2689,CH,Books,18.1,3,delivered
O102811,2025-05-07,C1826,CH,Electronics,185.14,2,delivered
O101959,2025-05-07,C1441,CH,Books,12.64,1,delivered
O104287,2025-05-07,C2099,IT,Books,11.42,1,delivered
O102378,2025-05-07,C1191,FR,Fashion,31.57,1,delivered
O101239,2025-05-07,C1528,CH,Books,7.64,2,delivered
O100043,2025-05-07,C2254,FR,Home,76.13,2,delivered
O102346,2025-05-07,C2464,DE,Fashion,48.34,1,delivered
O103231,2025-05-07,C2464,FR,Electronics,1172.0,2,delivered
O103860,2025-05-08,C2383,DE,Fashion,39.79,3,delivered
O104029,2025-05-08,C1386,IT,Fashion,110.43,2,delivered
O102969,2025-05-08,C2184,CH,Sports,95.21,3,delivered
O104650,2025-05-08,C1187,FR,Electronics,341.48,3,delivered
O104202,2025-05-08,C1018,DE,Books,17.13,3,delivered
O101448,2025-05-08,C1127,FR,Books,17.66,2,delivered
O102226,2025-05-08,C2770,DE,Fashion,58.23,1,returned
O102340,2025-05-08,C2566,CH,Books,22.45,3,delivered
O102678,2025-05-08,C2604,DE,Books,11.93,1,returned
O103803,2025-05-08,C1205,DE,Sports,188.06,2,delivered
O102018,2025-05-09,C1688,CH,Electronics,103.42,2,delivered
O102266,2025-05-09,C2146,AT,Books,13.0,3,returned
O100449,2025-05-09,C2375,DE,Books,21.17,2,delivered
O102790,2025-05-09,C1107,DE,Sports,61.89,3,delivered
O101809,2025-05-09,C1069,CH,Electronics,351.73,1,delivered
O100992,2025-05-10,C1109,DE,Fashion,31.05,1,delivered
O101215,2025-05-10,C1638,FR,Electronics,247.18,1,delivered
O101204,2025-05-10,C1699,CH,Home,69.46,3,delivered
O103477,2025-05-10,C1910,CH,Sports,43.69,1,delivered
O102435,2025-05-10,C2080,FR,Electronics,255.96,3,returned
O103346,2025-05-10,C1672,AT,Home,50.19,3,delivered
O101070,2025-05-10,C1811,DE,Fashion,67.79,2,delivered
O103992,2025-05-11,C1137,IT,Sports,213.1,3,delivered
O103727,2025-05-11,C1835,IT,Home,88.67,2,delivered
O100474,2025-05-11,C1417,FR,Fashion,33.41,2,delivered
O100980,2025-05-11,C1212,FR,Home,117.68,3,cancelled
O104518,2025-05-11,C1836,DE,Electronics,107.82,1,delivered
O104598,2025-05-11,C2084,CH,Electronics,193.5,3,delivered
O101918,2025-05-11,C2247,FR,Sports,264.61,1,delivered
O104929,2025-05-11,C1449,AT,Home,45.76,1,delivered
O104657,2025-05-12,C2197,AT,Sports,93.38,1,delivered
O104536,2025-05-12,C2740,CH,Fashion,30.97,2,delivered
O100388,2025-05-12,C2446,CH,Books,11.58,3,delivered
O103871,2025-05-12,C2687,DE,Home,32.22,3,delivered
O102844,2025-05-12,C1641,CH,Electronics,486.1,2,delivered
O102372,2025-05-12,C1315,AT,Fashion,53.37,3,returned
O103360,2025-05-13,C2062,CH,Home,61.05,3,delivered
O101367,2025-05-13,C1506,CH,Home,,2,delivered
O100743,2025-05-13,C1401,AT,Electronics,328.16,1,delivered
O103619,2025-05-13,C2704,FR,Home,48.26,1,delivered
O100788,2025-05-13,C2205,AT,Fashion,27.67,1,returned
O101280,2025-05-13,C1931,FR,Electronics,156.91,3,delivered
O101579,2025-05-13,C1230,FR,Home,30.45,1,delivered
O100528,2025-05-13,C2509,CH,Electronics,96.71,3,delivered
O102077,2025-05-14,C2423,AT,Fashion,68.37,3,delivered
O103344,2025-05-14,C2016,IT,Fashion,92.78,3,delivered
O104968,2025-05-14,C2773,DE,Fashion,53.16,2,delivered
O100230,2025-05-14,C1681,AT,Sports,45.72,1,delivered
O103474,2025-05-14,C2044,CH,Books,17.97,2,delivered
O103807,2025-05-14,C1583,DE,Home,118.74,1,delivered
O100683,2025-05-14,C2066,DE,Electronics,85.15,2,delivered
O104842,2025-05-14,C1235,AT,Electronics,115.48,2,delivered
O103423,2025-05-14,C1710,CH,Books,19.81,3,delivered
O103507,2025-05-15,C1539,IT,Fashion,30.18,3,delivered
O101911,2025-05-15,C1491,DE,Electronics,106.06,1,delivered
O100157,2025-05-15,C1382,CH,Electronics,606.98,1,returned
O102447,2025-05-15,C1101,AT,Fashion,36.72,1,delivered
O104540,2025-05-15,C2633,CH,Home,57.13,1,delivered
O100079,2025-05-15,C1602,AT,Fashion,116.44,2,delivered
O103402,2025-05-15,C2373,CH,Home,55.37,2,cancelled
O102189,2025-05-16,C2264,DE,Sports,96.88,1,delivered
O103496,2025-05-16,C1919,FR,Home,72.24,2,delivered
O101441,2025-05-16,C2595,FR,Fashion,20.59,3,delivered
O104669,2025-05-16,C1129,CH,Electronics,274.63,3,delivered
O104247,2025-05-16,C2229,FR,Sports,229.72,3,delivered
O101702,2025-05-16,C2402,CH,Electronics,107.56,3,delivered
O104009,2025-05-16,C1904,CH,Home,68.06,1,delivered
O103825,2025-05-16,C1724,CH,Electronics,62.75,2,delivered
O100844,2025-05-16,C2521,IT,Books,19.93,2,delivered
O100989,2025-05-16,C2769,CH,Sports,46.86,1,delivered
O101351,2025-05-16,C1012,CH,Electronics,85.85,2,delivered
O101753,2025-05-16,C2703,FR,Fashion,49.03,1,delivered
O101209,2025-05-17,C2147,DE,Electronics,115.66,2,delivered
O103183,2025-05-17,C1854,DE,Home,48.26,1,cancelled
O102899,2025-05-17,C1421,DE,Electronics,81.22,1,delivered
O100483,2025-05-17,C1563,CH,Electronics,420.27,2,delivered
O101860,2025-05-17,C1558,CH,Books,15.59,1,delivered
O102549,2025-05-17,C1910,CH,Electronics,244.8,2,delivered
O101609,2025-05-18,C1512,FR,Books,20.23,2,delivered
O104083,2025-05-18,C1363,CH,Home,16.82,2,delivered
O103351,2025-05-18,C1297,FR,Electronics,352.29,3,delivered
O101429,2025-05-18,C1366,DE,Fashion,93.54,2,delivered
O102632,2025-05-18,C2440,DE,Fashion,25.17,3,delivered
O100562,2025-05-18,C1042,FR,Electronics,71.12,3,delivered
O103528,2025-05-19,C1268,CH,Fashion,121.66,3,returned
O100759,2025-05-19,C2716,CH,Books,16.45,2,delivered
O100759,2025-05-19,C2716,CH,Books,16.45,2,delivered
O101217,2025-05-19,C1860,AT,Sports,90.79,2,delivered
O103157,2025-05-19,C2655,DE,Home,108.51,1,delivered
O102661,2025-05-19,C1244,IT,Home,38.65,3,delivered
O104689,2025-05-19,C2472,CH,Home,151.41,2,delivered
O100256,2025-05-19,C2161,IT,Electronics,99.77,3,delivered
O100961,2025-05-19,C2029,DE,Fashion,67.26,1,delivered
O103374,2025-05-19,C1029,FR,Electronics,543.47,3,delivered
O104422,2025-05-20,C2208,IT,Home,38.51,1,delivered
O102848,2025-05-20,C2629,CH,Electronics,22.9,3,returned
O104935,2025-05-20,C1359,DE,Fashion,30.59,3,delivered
O100639,2025-05-21,C1657,CH,Home,104.96,2,delivered
O101450,2025-05-21,C1894,DE,Home,49.59,2,delivered
O104893,2025-05-21,C1701,CH,Electronics,895.09,1,cancelled
O102896,2025-05-21,C1508,DE,Sports,181.38,1,delivered
O102254,2025-05-21,C2323,DE,Home,20.84,3,delivered
O101504,2025-05-21,C1584,DE,Electronics,262.92,1,delivered
O103468,2025-05-21,C1626,CH,Sports,45.38,3,delivered
O102418,2025-05-21,C2790,DE,Sports,125.72,2,delivered
O101642,2025-05-21,C2512,CH,Home,128.65,1,delivered
O103610,2025-05-21,C1614,DE,Home,58.2,1,delivered
O104100,2025-05-21,C1158,CH,Books,15.71,2,delivered
O102723,2025-05-22,C1241,DE,Home,53.64,3,delivered
O100907,2025-05-22,C1843,CH,Home,104.9,1,delivered
O100236,2025-05-22,C1970,FR,Electronics,86.41,2,delivered
O103994,2025-05-22,C2603,DE,Books,17.89,2,delivered
O100931,2025-05-22,C1470,CH,Books,16.24,3,delivered
O101857,2025-05-22,C1441,DE,Sports,160.34,2,delivered
O102825,2025-05-22,C1036,IT,Sports,25.84,2,delivered
O100866,2025-05-22,C1562,CH,Fashion,25.16,-1,delivered
O100798,2025-05-22,C2754,FR,Fashion,49.04,2,delivered
O100720,2025-05-22,C2684,AT,Fashion,29.64,3,delivered
O101486,2025-05-23,C1374,FR,Books,19.13,2,delivered
O104177,2025-05-23,C2308,DE,Home,70.86,1,delivered
O101605,2025-05-23,C2761,DE,Electronics,72.03,2,delivered
O104765,2025-05-23,C2106,DE,Sports,78.03,3,delivered
O104443,2025-05-23,C2373,DE,Fashion,90.49,3,delivered
O102784,2025-05-23,C2091,DE,Sports,139.55,2,delivered
O103491,2025-05-23,C2268,DE,Fashion,31.49,3,delivered
O103910,2025-05-23,C1471,FR,Fashion,19.17,1,delivered
O101595,2025-05-23,C2521,IT,Sports,45.06,1,delivered
O101557,2025-05-24,C2188,CH,Home,47.21,1,delivered
O100239,2025-05-24,C1099,CH,Sports,42.45,1,delivered
O102850,2025-05-24,C1597,CH,Electronics,241.54,3,delivered
O102013,2025-05-25,C1714,DE,Electronics,349.74,2,delivered
O104783,2025-05-25,C1846,DE,Fashion,34.01,1,delivered
O101936,2025-05-25,C2642,CH,Fashion,51.6,2,delivered
O102763,2025-05-25,C1156,IT,Home,36.03,2,delivered
O103999,2025-05-25,C1053,DE,Home,33.88,1,delivered
O104602,2025-05-25,C1098,CH,Home,40.29,1,delivered
O101519,2025-05-25,C1477,CH,Home,33.25,1,delivered
O104576,2025-05-26,C1774,DE,Books,10.91,3,delivered
O104217,2025-05-26,C1938,DE,Home,48.2,3,delivered
O100053,2025-05-26,C1816,DE,Fashion,31.27,2,delivered
O104601,2025-05-27,C2264,CH,Electronics,172.85,3,delivered
O104882,2025-05-27,C1123,DE,Fashion,22.25,1,delivered
O102592,2025-05-27,C1934,CH,Home,135.81,2,returned
O102131,2025-05-27,C2451,CH,Electronics,43.38,2,delivered
O102099,2025-05-27,C1202,DE,Home,40.85,3,returned
O101117,2025-05-28,C2239,CH,Sports,66.21,3,delivered
O101614,2025-05-28,C1782,CH,Sports,96.87,1,delivered
O102123,2025-05-28,C1127,FR,Electronics,285.76,3,delivered
O103251,2025-05-28,C1819,DE,Sports,39.7,2,delivered
O100690,2025-05-28,C1936,IT,Home,54.71,1,delivered
O103857,2025-05-28,C1568,FR,Electronics,593.07,1,delivered
O102193,2025-05-28,C1195,CH,Sports,23.83,2,delivered
O102335,2025-05-28,C1854,DE,Home,53.08,3,delivered
O102381,2025-05-29,C2406,CH,Books,10.22,1,delivered
O100313,2025-05-29,C2389,DE,Fashion,49.98,3,delivered
O100520,2025-05-29,C1054,CH,Sports,140.23,1,delivered
O102657,2025-05-29,C2212,DE,Electronics,96.23,2,returned
O102118,2025-05-29,C1860,IT,Books,30.44,3,delivered
O103682,2025-05-30,C1425,DE,Fashion,47.32,2,delivered
O100070,2025-05-30,C1932,DE,Fashion,23.2,3,delivered
O100736,2025-05-30,C2567,IT,Electronics,120.13,2,delivered
O102024,2025-05-30,C1518,DE,Sports,54.64,1,delivered
O104753,2025-05-30,C1792,CH,Home,36.45,2,delivered
O102558,2025-05-30,C1451,FR,Books,27.86,1,delivered
O102515,2025-05-31,C2745,FR,Books,11.92,1,delivered
O100993,2025-05-31,C1560,FR,Electronics,209.28,2,delivered
O101902,2025-05-31,C1118,IT,Sports,,2,delivered
O102082,2025-05-31,C1448,AT,Sports,54.02,1,delivered
O103739,2025-05-31,C1985,FR,Books,13.37,1,delivered
O104165,2025-05-31,C2407,CH,Home,87.79,2,delivered
O100766,2025-05-31,C1736,IT,Electronics,73.08,1,delivered
O102930,2025-05-31,C2219,DE,Fashion,74.15,2,returned
O101967,2025-06-01,C1530,CH,Electronics,601.89,2,cancelled
O103255,2025-06-01,C2209,CH,Fashion,27.99,2,delivered
O100946,2025-06-01,C2078,AT,Sports,62.96,2,delivered
O100158,2025-06-01,C2767,CH,Sports,51.74,2,delivered
O100221,2025-06-01,C2238,AT,Books,15.84,3,delivered
O100764,2025-06-01,C2587,AT,Home,65.24,2,delivered
O103905,2025-06-01,C1107,AT,Sports,51.13,1,delivered
O100181,2025-06-01,C2151,DE,Sports,44.42,3,delivered
O102572,2025-06-01,C1676,FR,Fashion,11.52,2,delivered
O102407,2025-06-01,C2644,CH,Home,38.09,2,delivered
O104709,2025-06-01,C2498,CH,Sports,20.84,1,delivered
O101560,2025-06-02,C1467,CH,Fashion,39.49,2,delivered
O100605,2025-06-02,C2346,DE,Home,35.57,2,delivered
O101487,2025-06-02,C1613,CH,Home,61.01,2,delivered
O104877,2025-06-02,C1240,DE,Fashion,38.39,2,delivered
O104772,2025-06-02,C1732,CH,Sports,113.32,1,delivered
O101435,2025-06-02,C2499,AT,Fashion,72.73,3,delivered
O100482,2025-06-03,C2311,DE,Home,44.09,2,delivered
O101715,2025-06-03,C1549,CH,Home,164.71,2,delivered
O100558,2025-06-03,C2375,CH,Home,97.93,2,delivered
O101001,2025-06-03,C2132,DE,Fashion,51.77,3,delivered
O100032,2025-06-03,C2040,AT,Home,112.43,2,delivered
O104774,2025-06-03,C2566,DE,Electronics,11.52,3,delivered
O100733,2025-06-03,C2266,CH,Fashion,56.23,2,delivered
O102900,2025-06-03,C1637,FR,Home,50.32,3,delivered
O104917,2025-06-03,C1923,CH,Home,40.94,1,delivered
O102585,2025-06-03,C2418,CH,Fashion,34.0,3,delivered
O101773,2025-06-04,C1450,IT,Home,58.38,2,delivered
O103725,2025-06-04,C1508,DE,Books,17.43,1,delivered
O100717,2025-06-04,C1483,DE,Sports,74.81,1,delivered
O104482,2025-06-04,C1549,CH,Fashion,33.92,2,delivered
O101342,2025-06-04,C1578,FR,Fashion,61.17,3,delivered
O100299,2025-06-04,C2304,IT,Home,48.81,2,delivered
O102815,2025-06-04,C1157,DE,Sports,122.61,3,delivered
O100632,2025-06-04,C2099,CH,Books,18.42,2,delivered
O102870,2025-06-04,C1184,CH,Fashion,37.61,2,delivered
O102789,2025-06-05,C2705,FR,Books,25.18,1,delivered
O102485,2025-06-05,C2220,CH,Sports,74.63,2,returned
O103330,2025-06-05,C1099,DE,Sports,128.91,1,cancelled
O100246,2025-06-05,C1475,CH,Sports,27.73,2,delivered
O103318,2025-06-05,C2076,CH,Home,126.5,3,delivered
O104756,2025-06-05,C1038,DE,Electronics,102.84,2,delivered
O103536,2025-06-05,C2360,DE,Sports,148.75,1,delivered
O102229,2025-06-05,C1114,CH,Electronics,1257.72,3,delivered
O101784,2025-06-05,C2438,CH,Fashion,37.08,3,delivered
O103767,2025-06-06,C1958,CH,Electronics,523.66,2,delivered
O101180,2025-06-06,C1220,CH,Books,12.71,1,delivered
O102536,2025-06-06,C1696,IT,Home,39.76,3,delivered
O102847,2025-06-06,C1290,CH,Books,11.64,2,cancelled
O102555,2025-06-06,C2257,CH,Fashion,70.33,1,delivered
O102363,2025-06-06,C2723,AT,Home,81.98,2,delivered
O104716,2025-06-06,C1171,CH,Books,12.12,3,delivered
O103552,2025-06-06,C2679,DE,Home,117.27,1,delivered
O103091,2025-06-06,C1407,FR,Home,24.72,1,delivered
O101646,2025-06-06,C1910,CH,Fashion,81.24,1,delivered
O100879,2025-06-07,C2259,CH,Books,13.43,3,delivered
O103847,2025-06-07,C1242,FR,Electronics,182.41,3,returned
O104213,2025-06-07,C2362,FR,Home,28.08,2,delivered
O101629,2025-06-07,C2137,DE,Books,22.21,2,delivered
O102717,2025-06-07,C1749,CH,Home,43.54,3,delivered
O101253,2025-06-07,C1258,FR,Sports,151.8,1,delivered
O101723,2025-06-07,C2192,DE,Fashion,51.13,3,returned
O103361,2025-06-08,C2743,DE,Home,73.51,2,delivered
O101304,2025-06-08,C1780,AT,Sports,146.22,2,delivered
O100457,2025-06-08,C1427,CH,Sports,38.74,3,delivered
O103865,2025-06-09,C1060,CH,Electronics,75.54,3,delivered
O100882,2025-06-09,C2064,CH,Home,54.85,2,returned
O100384,2025-06-09,C2182,DE,Fashion,49.05,2,delivered
O100560,2025-06-09,C2366,DE,Fashion,79.79,3,delivered
O102807,2025-06-09,C1093,DE,Electronics,157.11,2,returned
O102035,2025-06-09,C2365,CH,Fashion,61.55,2,delivered
O100333,2025-06-09,C2298,CH,Books,8.51,3,delivered
O102577,2025-06-09,C1789,DE,Fashion,67.42,1,returned
O104021,2025-06-09,C2006,CH,Sports,26.8,1,delivered
O102637,2025-06-09,C2383,FR,Sports,78.63,3,delivered
O103718,2025-06-10,C1247,CH,Home,21.25,2,delivered
O100410,2025-06-10,C1451,DE,Fashion,26.62,1,returned
O100161,2025-06-10,C2275,DE,Home,69.67,1,delivered
O102165,2025-06-10,C1880,DE,Sports,72.17,3,delivered
O101518,2025-06-10,C1048,DE,Sports,61.51,3,delivered
O100877,2025-06-10,C1967,IT,Electronics,758.68,1,delivered
O103695,2025-06-10,C2390,CH,Fashion,67.09,3,delivered
O101313,2025-06-11,C2181,AT,Sports,85.66,1,delivered
O101187,2025-06-11,C2390,FR,Books,44.74,1,delivered
O101306,2025-06-11,C2065,DE,Sports,33.58,3,delivered
O104033,2025-06-11,C1204,DE,Home,23.86,1,returned
O104489,2025-06-11,C1730,CH,Books,21.33,1,delivered
O104638,2025-06-12,C2002,DE,Home,81.05,2,delivered
O102105,2025-06-12,C2495,DE,Home,72.8,2,delivered
O102681,2025-06-12,C1823,IT,Fashion,224.69,2,delivered
O100862,2025-06-12,C2678,DE,Books,19.45,2,delivered
O101391,2025-06-12,C1700,FR,Electronics,287.42,3,delivered
O103056,2025-06-12,C2503,DE,Home,108.99,3,delivered
O103196,2025-06-13,C2020,FR,Electronics,192.1,3,delivered
O101421,2025-06-13,C1379,CH,Fashion,33.17,1,cancelled
O104144,2025-06-13,C1871,DE,Home,28.6,1,delivered
O103294,2025-06-13,C2469,DE,Home,27.8,2,delivered
O101146,2025-06-13,C2479,DE,Electronics,43.76,3,delivered
O101229,2025-06-13,C1317,DE,Electronics,111.87,1,delivered
O101149,2025-06-13,C2697,CH,Electronics,145.87,3,delivered
O101899,2025-06-13,C2363,CH,Fashion,58.67,1,returned
O100917,2025-06-13,C2475,AT,Books,28.45,3,delivered
O102248,2025-06-13,C2772,CH,Fashion,55.14,2,delivered
O103654,2025-06-13,C2493,FR,Home,140.96,2,delivered
O103587,2025-06-14,C1009,FR,Fashion,40.37,2,delivered
O104067,2025-06-14,C2476,CH,Home,143.81,1,delivered
O102148,2025-06-14,C1127,AT,Fashion,66.69,1,returned
O103824,2025-06-14,C1493,FR,Home,39.45,3,delivered
O102061,2025-06-14,C1109,DE,Fashion,37.2,1,delivered
O102219,2025-06-14,C2040,CH,Sports,76.61,3,delivered
O102093,2025-06-14,C1503,DE,Home,73.7,2,delivered
O102859,2025-06-14,C2090,DE,Fashion,80.55,2,returned
O104608,2025-06-14,C2430,FR,Electronics,133.07,3,delivered
O104733,2025-06-15,C1343,CH,Home,114.26,1,delivered
O101385,2025-06-15,C2768,CH,Electronics,826.26,2,delivered
O102450,2025-06-15,C2387,CH,Books,17.02,2,delivered
O104997,2025-06-15,C1256,CH,Fashion,37.86,2,delivered
O103074,2025-06-15,C2612,CH,Fashion,27.53,3,delivered
O100295,2025-06-15,C1092,CH,Sports,168.67,3,delivered
O100850,2025-06-16,C1827,CH,Books,20.98,1,delivered
O104741,2025-06-16,C2230,CH,Electronics,185.52,1,returned
O100610,2025-06-16,C2262,FR,Electronics,259.78,1,delivered
O100806,2025-06-16,C1286,DE,Electronics,399.84,1,delivered
O101811,2025-06-16,C1180,CH,Home,126.66,2,delivered
O101382,2025-06-16,C1259,DE,Fashion,23.8,1,returned
O101625,2025-06-16,C1714,CH,Books,15.2,1,delivered
O101711,2025-06-16,C2692,DE,Home,41.1,1,cancelled
O104475,2025-06-17,C1798,DE,Fashion,62.93,1,delivered
O101789,2025-06-17,C2410,CH,Fashion,39.79,3,delivered
O102946,2025-06-17,C2756,IT,Books,38.75,1,delivered
O102512,2025-06-17,C2401,DE,Sports,48.13,3,delivered
O103877,2025-06-17,C1014,DE,Home,30.17,2,delivered
O100765,2025-06-17,C2449,DE,Books,16.4,3,delivered
O104017,2025-06-18,C2251,DE,Sports,51.06,3,delivered
O104098,2025-06-18,C2775,CH,Electronics,122.26,2,delivered
O100534,2025-06-18,C2331,DE,Sports,54.36,1,delivered
O103441,2025-06-18,C2233,DE,Fashion,47.02,2,cancelled
O102076,2025-06-18,C1988,IT,Electronics,466.92,3,delivered
O104234,2025-06-18,C1018,DE,Sports,114.94,3,delivered
O101381,2025-06-18,C2181,AT,Sports,23.98,2,delivered
O103347,2025-06-19,C1576,DE,Books,22.1,3,delivered
O101091,2025-06-19,C2591,DE,Sports,23.38,2,delivered
O104429,2025-06-19,C1739,CH,Fashion,40.48,2,delivered
O101353,2025-06-19,C1383,CH,Home,82.8,2,delivered
O102873,2025-06-19,C1175,CH,Electronics,104.63,1,delivered
O100729,2025-06-20,C2376,AT,Home,101.07,3,delivered
O102101,2025-06-20,C2373,DE,Electronics,55.59,2,delivered
O101558,2025-06-20,C2469,FR,Books,13.53,3,delivered
O101340,2025-06-20,C2128,CH,Books,14.8,2,delivered
O100027,2025-06-20,C2302,CH,Home,61.2,3,delivered
O103786,2025-06-20,C2626,IT,Sports,35.33,2,cancelled
O104330,2025-06-20,C1286,FR,Home,147.72,3,delivered
O101916,2025-06-20,C1761,DE,Sports,81.43,3,delivered
O102342,2025-06-20,C2356,CH,Home,77.49,1,delivered
O103553,2025-06-20,C2138,CH,Home,48.38,1,delivered
O104660,2025-06-21,C1980,DE,Home,48.29,1,delivered
O101545,2025-06-21,C2256,CH,Home,68.94,2,delivered
O103159,2025-06-21,C1311,DE,Fashion,48.22,1,delivered
O104483,2025-06-21,C1725,CH,Fashion,59.72,1,delivered
O100063,2025-06-21,C1764,FR,Books,21.02,2,delivered
O104415,2025-06-21,C2485,IT,Electronics,38.72,3,delivered
O103568,2025-06-21,C2286,AT,Electronics,86.21,3,delivered
O104274,2025-06-22,C2555,CH,Sports,26.48,3,delivered
O102415,2025-06-22,C1505,DE,Home,50.79,1,delivered
O101264,2025-06-22,C2461,DE,Fashion,79.91,1,delivered
O102197,2025-06-22,C1263,AT,Books,23.17,2,cancelled
O101105,2025-06-22,C1469,CH,Electronics,488.79,2,delivered
O101464,2025-06-22,C1715,CH,Fashion,48.51,3,delivered
O104402,2025-06-22,C2585,IT,Electronics,327.9,1,delivered
O100688,2025-06-22,C1950,AT,Home,123.42,1,delivered
O100418,2025-06-23,C2072,DE,Fashion,63.72,3,delivered
O102719,2025-06-23,C2696,DE,Home,,3,delivered
O103508,2025-06-23,C1821,DE,Sports,37.02,1,delivered
O104347,2025-06-23,C1719,DE,Sports,25.35,2,delivered
O102911,2025-06-23,C1331,CH,Home,61.62,2,delivered
O104883,2025-06-23,C2450,DE,Home,210.99,3,delivered
O101694,2025-06-23,C1656,DE,Fashion,112.61,3,returned
O102268,2025-06-23,C1411,CH,Fashion,20.34,1,delivered
O103359,2025-06-23,C1413,DE,Books,9.02,2,delivered
O101272,2025-06-24,C1264,AT,Books,23.62,3,delivered
O104754,2025-06-24,C2510,CH,Books,26.75,3,delivered
O104503,2025-06-24,C1991,CH,Electronics,121.93,2,delivered
O104898,2025-06-24,C1545,DE,Books,19.95,3,delivered
O101515,2025-06-24,C1779,DE,Sports,74.66,2,delivered
O100763,2025-06-24,C1699,DE,Sports,102.01,1,delivered
O104744,2025-06-24,C2487,IT,Electronics,539.08,1,delivered
O102232,2025-06-25,C1180,AT,Fashion,35.38,3,returned
O103164,2025-06-25,C2415,DE,Home,110.23,1,delivered
O101339,2025-06-25,C1142,CH,Sports,48.38,3,delivered
O103111,2025-06-25,C2799,DE,Home,68.43,3,delivered
O102002,2025-06-26,C1371,DE,Home,68.21,2,delivered
O101862,2025-06-26,C2205,CH,Home,102.76,1,delivered
O102409,2025-06-26,C1840,IT,Home,23.41,3,delivered
O101166,2025-06-26,C2444,AT,Fashion,67.76,2,delivered
O101947,2025-06-26,C2243,CH,Home,60.88,1,delivered
O103774,2025-06-26,C1835,DE,Electronics,25.21,2,delivered
O104827,2025-06-26,C2092,IT,Books,29.13,3,delivered
O103787,2025-06-26,C1275,IT,Fashion,56.78,2,delivered
O100959,2025-06-26,C2654,FR,Fashion,37.07,1,delivered
O102439,2025-06-27,C2716,CH,Sports,94.77,1,delivered
O100154,2025-06-27,C2551,AT,Fashion,51.05,3,delivered
O103379,2025-06-27,C1650,CH,Fashion,36.25,3,delivered
O100307,2025-06-27,C1742,IT,Sports,117.31,3,delivered
O101007,2025-06-28,C1300,CH,Fashion,71.09,2,delivered
O101095,2025-06-28,C1782,FR,Fashion,35.1,2,delivered
O102171,2025-06-28,C2331,AT,Fashion,60.11,1,delivered
O103077,2025-06-28,C2677,IT,Sports,49.78,3,delivered
O100426,2025-06-28,C1496,CH,Electronics,222.71,1,delivered
O102929,2025-06-28,C1727,AT,Sports,77.12,3,delivered
O103983,2025-06-28,C1261,IT,Books,16.38,1,delivered
O103639,2025-06-28,C1790,DE,Sports,35.57,1,delivered
O102249,2025-06-28,C1825,AT,Fashion,32.78,1,delivered
O100455,2025-06-28,C2484,CH,Books,22.27,1,delivered
O103645,2025-06-28,C2051,DE,Sports,54.3,1,delivered
O102590,2025-06-28,C2020,CH,Electronics,111.44,2,delivered
O101299,2025-06-28,C1689,DE,Electronics,43.9,3,delivered
O102436,2025-06-28,C1832,IT,Home,63.1,2,delivered
O104164,2025-06-28,C1116,CH,Fashion,39.07,2,cancelled
O101521,2025-06-28,C1659,CH,Home,116.34,1,delivered
O100382,2025-06-29,C1637,CH,Sports,23.75,2,delivered
O100186,2025-06-29,C1328,CH,Electronics,148.2,3,delivered
O102824,2025-06-29,C1629,FR,Sports,36.34,3,returned
O102893,2025-06-29,C1779,IT,Books,29.73,2,delivered
O103257,2025-06-29,C1639,AT,Books,22.85,2,delivered
O102781,2025-06-29,C1141,AT,Home,74.0,2,returned
O102533,2025-06-29,C2652,IT,Fashion,77.6,2,delivered
O103509,2025-06-29,C1159,DE,Home,75.0,2,delivered
O103439,2025-06-29,C1422,FR,Electronics,73.84,1,delivered
O100321,2025-06-30,C2442,AT,Fashion,44.8,3,delivered
O103650,2025-06-30,C1029,CH,Home,20.7,3,delivered
O104678,2025-06-30,C2139,DE,Home,20.86,3,delivered
O102493,2025-06-30,C1505,FR,Home,56.38,1,delivered
O102073,2025-06-30,C2597,CH,Fashion,47.81,3,delivered
O101404,2025-06-30,C1302,AT,Fashion,100.67,1,delivered
O100543,2025-06-30,C1625,CH,Electronics,192.04,3,delivered
O101192,2025-07-01,C2230,CH,Sports,48.43,1,delivered
O100149,2025-07-01,C1577,CH,Home,79.81,2,delivered
O103226,2025-07-01,C2652,FR,Books,41.21,2,delivered
O102054,2025-07-01,C2626,CH,Fashion,31.6,3,returned
O103248,2025-07-01,C2107,FR,Electronics,439.2,1,delivered
O104587,2025-07-01,C1011,CH,Sports,221.41,1,delivered
O103350,2025-07-01,C1311,FR,Books,23.12,2,delivered
O102206,2025-07-01,C1301,CH,Books,20.18,1,delivered
O102377,2025-07-01,C1049,FR,Electronics,241.83,1,delivered
O104333,2025-07-01,C1818,DE,Fashion,52.46,2,delivered
O101252,2025-07-01,C1034,DE,Home,29.45,2,delivered
O102889,2025-07-01,C1447,CH,Home,14.25,3,delivered
O104551,2025-07-01,C2458,IT,Home,59.28,1,delivered
O100350,2025-07-02,C1969,AT,Electronics,16.59,1,returned
O104385,2025-07-02,C1366,AT,Books,14.67,2,delivered
O102823,2025-07-02,C1149,DE,Books,13.94,2,returned
O103494,2025-07-02,C2559,DE,Books,9.41,3,delivered
O100725,2025-07-02,C2348,CH,Fashion,32.46,3,delivered
O103746,2025-07-02,C1434,IT,Fashion,100.76,2,delivered
O101752,2025-07-02,C1506,CH,Electronics,142.65,1,delivered
O103000,2025-07-02,C1996,FR,Fashion,27.13,1,delivered
O100304,2025-07-03,C2331,CH,Fashion,39.84,3,delivered
O101544,2025-07-03,C2149,CH,Home,72.84,3,returned
O100771,2025-07-03,C2244,FR,Sports,105.43,2,delivered
O103823,2025-07-03,C1250,DE,Books,25.02,3,delivered
O103823,2025-07-03,C1250,DE,Books,25.02,3,delivered
O100316,2025-07-03,C1378,AT,Sports,37.67,2,delivered
O104384,2025-07-03,C2757,FR,Books,9.5,3,delivered
O103549,2025-07-03,C2166,DE,Books,11.82,3,delivered
O103591,2025-07-03,C1489,AT,Fashion,85.59,3,delivered
O103635,2025-07-04,C2423,CH,Home,37.88,3,returned
O101052,2025-07-04,C2378,CH,Fashion,33.37,2,delivered
O104423,2025-07-04,C2519,DE,Electronics,117.71,2,delivered
O101006,2025-07-04,C2498,IT,Books,21.96,1,delivered
O104136,2025-07-04,C1908,FR,Books,35.81,2,delivered
O101687,2025-07-04,C1228,CH,Home,71.74,2,delivered
O101587,2025-07-04,C1059,CH,Home,61.82,2,delivered
O100506,2025-07-04,C2401,AT,Electronics,137.65,1,delivered
O102347,2025-07-04,C1803,FR,Home,111.72,2,delivered
O104719,2025-07-04,C1153,IT,Home,67.74,3,delivered
O101296,2025-07-04,C1748,FR,Electronics,1019.38,2,delivered
O101785,2025-07-05,C2324,CH,Electronics,275.27,3,delivered
O100357,2025-07-05,C2074,DE,Electronics,284.56,1,returned
O104572,2025-07-05,C1341,CH,Books,14.57,3,delivered
O102957,2025-07-05,C1038,DE,Books,36.88,1,delivered
O100456,2025-07-05,C2329,CH,Electronics,85.3,1,delivered
O102262,2025-07-05,C2718,CH,Fashion,16.6,3,delivered
O104131,2025-07-05,C1722,AT,Electronics,472.26,3,delivered
O101453,2025-07-06,C1922,FR,Home,83.46,1,delivered
O103171,2025-07-06,C2466,FR,Fashion,42.18,1,delivered
O102539,2025-07-06,C1146,CH,Electronics,47.4,3,returned
O101410,2025-07-06,C2481,FR,Fashion,72.75,2,delivered
O103626,2025-07-06,C1538,DE,Home,35.76,2,returned
O104659,2025-07-06,C2739,CH,Electronics,685.13,3,delivered
O100184,2025-07-07,C2670,DE,Fashion,62.79,2,delivered
O100334,2025-07-07,C1311,CH,Home,38.75,1,delivered
O102019,2025-07-07,C1395,FR,Home,68.13,1,cancelled
O104121,2025-07-07,C1397,DE,Sports,53.89,1,delivered
O104102,2025-07-07,C1928,CH,Sports,212.19,1,delivered
O102324,2025-07-07,C1780,CH,Books,15.77,3,delivered
O104569,2025-07-07,C1627,DE,Sports,91.52,1,delivered
O104538,2025-07-08,C2293,IT,Fashion,169.58,1,delivered
O102062,2025-07-08,C1086,DE,Sports,166.7,2,delivered
O100068,2025-07-08,C1556,AT,Fashion,116.32,1,delivered
O103264,2025-07-08,C1187,CH,Electronics,362.65,1,delivered
O101924,2025-07-09,C1500,DE,Sports,38.13,3,returned
O101709,2025-07-09,C2140,CH,Sports,105.48,3,cancelled
O100745,2025-07-09,C1323,CH,Electronics,57.07,3,delivered
O101357,2025-07-09,C1527,CH,Home,68.03,1,delivered
O102741,2025-07-09,C1043,CH,Books,7.15,3,delivered
O102337,2025-07-09,C1313,FR,Home,126.32,3,delivered
O101285,2025-07-09,C2787,DE,Home,104.3,2,delivered
O101189,2025-07-10,C1192,DE,Home,87.44,2,delivered
O104313,2025-07-10,C2106,DE,Home,22.62,2,delivered
O100656,2025-07-10,C2322,DE,Fashion,90.48,1,delivered
O101893,2025-07-10,C1521,CH,Fashion,49.09,3,delivered
O100096,2025-07-10,C1513,CH,Fashion,59.5,3,delivered
O100116,2025-07-11,C2244,AT,Fashion,82.96,2,delivered
O101079,2025-07-11,C1190,AT,Electronics,63.37,3,delivered
O101734,2025-07-11,C2209,DE,Books,12.55,3,delivered
O103250,2025-07-11,C1947,FR,Home,46.32,2,delivered
O102334,2025-07-11,C1343,DE,Home,66.32,3,delivered
O100963,2025-07-11,C1456,CH,Fashion,31.41,1,cancelled
O101010,2025-07-11,C1339,FR,Fashion,64.82,1,delivered
O102385,2025-07-11,C1332,FR,Fashion,32.24,1,cancelled
O100113,2025-07-11,C2571,AT,Electronics,206.42,1,delivered
O102851,2025-07-11,C1862,CH,Electronics,165.91,1,delivered
O104109,2025-07-11,C2009,DE,Fashion,49.53,3,delivered
O100749,2025-07-11,C2564,FR,Home,50.3,2,delivered
O100044,2025-07-11,C1809,IT,Electronics,59.07,3,delivered
O101316,2025-07-11,C1493,CH,Books,12.46,3,returned
O101637,2025-07-12,C2092,IT,Fashion,29.68,3,returned
O102419,2025-07-12,C2220,FR,Books,8.76,2,delivered
O104291,2025-07-12,C2672,CH,Home,58.84,3,delivered
O104685,2025-07-12,C1688,CH,Electronics,620.11,1,delivered
O102264,2025-07-12,C1824,CH,Books,16.78,3,delivered
O102258,2025-07-12,C2616,CH,Sports,115.34,3,delivered
O103018,2025-07-12,C2373,FR,Books,18.08,1,delivered
O103878,2025-07-13,C1898,IT,Fashion,57.41,3,delivered
O101141,2025-07-13,C2256,CH,Home,68.9,1,delivered
O104966,2025-07-13,C2359,DE,Home,75.12,1,delivered
O102750,2025-07-13,C1303,CH,Electronics,346.89,1,delivered
O100883,2025-07-14,C1967,CH,Fashion,22.95,1,delivered
O100171,2025-07-14,C2451,DE,Electronics,114.96,1,delivered
O100514,2025-07-14,C2160,CH,Home,42.35,2,delivered
O104876,2025-07-14,C2089,IT,Sports,31.25,1,delivered
O102616,2025-07-15,C2630,FR,Sports,42.96,2,delivered
O100257,2025-07-15,C2164,DE,Electronics,461.54,1,delivered
O100159,2025-07-15,C2110,FR,Sports,136.09,3,delivered
O101224,2025-07-15,C2321,DE,Sports,71.86,2,delivered
O103391,2025-07-16,C2570,AT,Sports,45.75,1,delivered
O100115,2025-07-16,C1375,FR,Electronics,452.61,3,cancelled
O100663,2025-07-16,C1245,DE,Fashion,67.33,3,delivered
O103656,2025-07-16,C1123,DE,Books,29.12,1,delivered
O104858,2025-07-16,C2175,DE,Home,24.43,1,delivered
O100548,2025-07-17,C2730,CH,Electronics,197.99,3,cancelled
O102909,2025-07-17,C1165,FR,Electronics,154.16,2,delivered
O101615,2025-07-17,C1110,DE,Sports,139.12,3,cancelled
O103353,2025-07-17,C2051,DE,Sports,193.48,2,delivered
O103809,2025-07-17,C2239,DE,Books,24.53,3,delivered
O104331,2025-07-17,C1122,CH,Fashion,51.81,3,cancelled
O102845,2025-07-17,C1576,IT,Sports,48.88,2,delivered
O101266,2025-07-17,C2211,FR,Home,51.71,1,delivered
O101068,2025-07-17,C2298,DE,Home,57.16,2,delivered
O104921,2025-07-17,C1291,AT,Fashion,76.79,1,delivered
O103204,2025-07-17,C1629,CH,Home,85.57,2,delivered
O100662,2025-07-17,C2522,AT,Fashion,48.27,3,delivered
O102920,2025-07-18,C2354,DE,Home,25.01,2,delivered
O100918,2025-07-18,C1090,CH,Electronics,524.75,3,returned
O103398,2025-07-18,C2745,CH,Sports,56.5,2,delivered
O103367,2025-07-18,C1838,CH,Fashion,33.91,2,delivered
O101057,2025-07-18,C1896,CH,Home,70.26,1,delivered
O104079,2025-07-18,C1802,IT,Home,38.36,2,delivered
O102400,2025-07-18,C2060,DE,Books,13.49,2,delivered
O103629,2025-07-19,C2341,DE,Home,130.04,3,delivered
O103070,2025-07-19,C2277,IT,Home,111.98,1,delivered
O102805,2025-07-19,C2367,IT,Books,5.97,1,delivered
O103187,2025-07-19,C2063,DE,Books,14.45,2,returned
O101749,2025-07-19,C1401,AT,Home,79.26,3,returned
O103987,2025-07-19,C1513,DE,Fashion,53.04,2,delivered
O102882,2025-07-19,C1932,DE,Home,137.17,3,delivered
O102958,2025-07-19,C1187,CH,Fashion,47.54,3,delivered
O102261,2025-07-20,C1911,DE,Books,16.52,2,delivered
O100772,2025-07-20,C2291,CH,Home,56.38,3,delivered
O103370,2025-07-20,C2445,CH,Books,17.35,3,delivered
O101716,2025-07-20,C2381,FR,Electronics,65.68,2,delivered
O101953,2025-07-20,C1856,DE,Electronics,75.23,1,delivered
O100857,2025-07-20,C1130,CH,Home,51.99,1,delivered
O101814,2025-07-20,C1118,IT,Home,127.24,3,delivered
O101761,2025-07-21,C2705,AT,Home,88.92,2,delivered
O103913,2025-07-21,C1826,AT,Fashion,44.82,3,delivered
O100249,2025-07-21,C1635,CH,Fashion,32.75,2,delivered
O100540,2025-07-21,C2794,AT,Books,23.16,1,cancelled
O100965,2025-07-21,C1970,DE,Electronics,56.32,3,delivered
O100547,2025-07-21,C2342,AT,Home,49.36,3,delivered
O104795,2025-07-21,C1784,IT,Fashion,99.56,1,delivered
O104061,2025-07-21,C2346,DE,Fashion,111.38,2,returned
O100339,2025-07-21,C1771,IT,Fashion,56.13,2,delivered
O100865,2025-07-21,C1982,AT,Home,46.29,3,delivered
O104342,2025-07-21,C2231,CH,Sports,30.09,1,delivered
O100680,2025-07-22,C1944,CH,Home,84.2,3,returned
O101631,2025-07-22,C1519,DE,Sports,69.72,3,delivered
O101974,2025-07-22,C2091,DE,Home,76.14,1,delivered
O100971,2025-07-22,C1893,DE,Fashion,32.35,2,delivered
O100940,2025-07-22,C1552,DE,Fashion,67.83,3,delivered
O104612,2025-07-22,C1057,CH,Home,26.47,3,delivered
O101371,2025-07-23,C2308,FR,Books,13.7,3,delivered
O103848,2025-07-23,C1192,IT,Fashion,46.6,3,delivered
O101791,2025-07-23,C1077,CH,Sports,179.54,3,delivered
O102452,2025-07-23,C2050,CH,Books,22.61,2,delivered
O104548,2025-07-23,C1762,DE,Books,24.75,1,delivered
O104013,2025-07-23,C1994,FR,Fashion,71.51,3,delivered
O100954,2025-07-24,C2562,AT,Electronics,532.79,3,delivered
O104259,2025-07-24,C1635,CH,Sports,130.51,2,returned
O100846,2025-07-24,C2598,DE,Sports,119.35,1,delivered
O104431,2025-07-24,C1896,IT,Sports,16.75,3,delivered
O103274,2025-07-24,C1562,DE,Home,45.62,1,delivered
O104949,2025-07-24,C2109,CH,Sports,36.86,3,delivered
O101330,2025-07-24,C2074,CH,Fashion,55.68,2,delivered
O104086,2025-07-24,C2077,CH,Home,34.94,2,delivered
O103127,2025-07-24,C1489,DE,Fashion,41.31,3,delivered
O101050,2025-07-24,C1308,IT,Home,17.67,3,delivered
O100926,2025-07-24,C1920,DE,Electronics,181.56,3,delivered
O101957,2025-07-24,C1209,CH,Fashion,36.91,2,delivered
O103387,2025-07-24,C1993,DE,Electronics,50.7,3,delivered
O102985,2025-07-24,C2320,CH,Sports,24.63,3,delivered
O103678,2025-07-25,C1088,DE,Sports,105.48,2,delivered
O101019,2025-07-25,C2056,FR,Books,14.18,1,delivered
O100567,2025-07-25,C1305,DE,Fashion,42.51,3,delivered
O102086,2025-07-25,C1138,DE,Fashion,87.21,1,delivered
O103704,2025-07-25,C1719,CH,Fashion,26.73,2,delivered
O104365,2025-07-25,C1176,CH,Home,36.92,3,returned
O103808,2025-07-25,C2328,DE,Electronics,808.47,2,delivered
O102652,2025-07-25,C1379,CH,Home,37.41,1,delivered
O100888,2025-07-25,C1469,CH,Sports,37.26,1,delivered
O102032,2025-07-25,C2434,DE,Electronics,143.69,3,delivered
O104387,2025-07-26,C1273,FR,Sports,81.31,2,delivered
O104383,2025-07-26,C1861,IT,Fashion,98.9,1,delivered
O102884,2025-07-26,C2124,CH,Books,12.66,3,delivered
O103371,2025-07-26,C2153,IT,Books,16.05,3,returned
O104189,2025-07-26,C2135,FR,Home,124.5,1,cancelled
O101473,2025-07-26,C2527,AT,Fashion,40.85,3,delivered
O100969,2025-07-26,C2720,IT,Books,25.03,2,delivered
O104031,2025-07-26,C1986,CH,Fashion,40.12,3,delivered
O103742,2025-07-26,C1289,DE,Home,171.92,2,delivered
O102702,2025-07-26,C1759,DE,Fashion,17.23,1,cancelled
O104458,2025-07-27,C1224,AT,Electronics,41.82,2,delivered
O101368,2025-07-27,C1674,FR,Home,28.93,2,delivered
O103651,2025-07-27,C2277,CH,Sports,65.98,3,delivered
O101288,2025-07-27,C1813,DE,Home,71.57,3,delivered
O100644,2025-07-27,C1439,CH,Home,42.28,1,delivered
O103284,2025-07-28,C1830,DE,Fashion,67.39,1,delivered
O104675,2025-07-28,C1458,AT,Books,12.85,3,delivered
O103506,2025-07-28,C2059,CH,Fashion,20.64,1,delivered
O101569,2025-07-28,C2622,CH,Sports,99.79,3,delivered
O100428,2025-07-28,C1701,CH,Fashion,34.0,1,delivered
O103551,2025-07-28,C1790,FR,Books,14.05,2,delivered
O100647,2025-07-29,C1998,FR,Fashion,53.83,3,delivered
O102387,2025-07-29,C1957,DE,Sports,104.43,1,returned
O100746,2025-07-29,C2560,CH,Home,112.61,3,delivered
O102751,2025-07-29,C2126,CH,Books,28.5,1,delivered
O103080,2025-07-29,C2525,CH,Fashion,45.07,2,delivered
O100228,2025-07-29,C1376,IT,Books,8.82,1,delivered
O100588,2025-07-30,C1306,DE,Fashion,29.15,3,delivered
O103249,2025-07-30,C1635,FR,Fashion,60.95,1,delivered
O100088,2025-07-30,C1981,DE,Sports,67.75,1,delivered
O101644,2025-07-30,C2204,DE,Sports,51.41,3,delivered
O103094,2025-07-30,C2595,IT,Books,13.15,2,delivered
O100361,2025-07-30,C2182,CH,Home,116.53,3,delivered
O100093,2025-07-30,C2207,AT,Books,12.7,1,delivered
O104125,2025-07-30,C2163,DE,Home,31.44,1,delivered
O100810,2025-07-31,C1582,CH,Books,6.7,1,delivered
O104252,2025-07-31,C2264,AT,Electronics,72.19,3,delivered
O100167,2025-07-31,C1154,FR,Fashion,17.19,2,delivered
O104257,2025-07-31,C1834,CH,Home,55.91,3,delivered
O102461,2025-07-31,C2062,IT,Fashion,53.12,1,delivered
O101845,2025-07-31,C2591,FR,Fashion,28.4,1,delivered
O100807,2025-08-01,C1113,DE,Fashion,67.74,3,delivered
O103055,2025-08-01,C2286,FR,Fashion,32.99,1,delivered
O102067,2025-08-01,C1693,DE,Sports,94.61,2,delivered
O104956,2025-08-01,C2550,CH,Fashion,42.03,3,delivered
O102543,2025-08-01,C1930,DE,Home,68.77,2,delivered
O101825,2025-08-01,C2363,CH,Home,36.84,1,cancelled
O102878,2025-08-01,C2551,DE,Electronics,122.63,1,delivered
O103259,2025-08-02,C2713,CH,Electronics,706.9,2,delivered
O101312,2025-08-02,C1880,CH,Home,29.61,2,delivered
O103663,2025-08-02,C1773,FR,Sports,41.85,2,delivered
O101869,2025-08-02,C1904,DE,Fashion,71.76,3,returned
O103417,2025-08-02,C2059,AT,Home,40.77,2,delivered
O100504,2025-08-02,C1026,DE,Fashion,42.12,1,delivered
O102643,2025-08-02,C1450,DE,Fashion,88.37,2,delivered
O103764,2025-08-02,C1244,DE,Electronics,34.58,3,delivered
O100085,2025-08-03,C1051,CH,Electronics,146.49,2,delivered
O101191,2025-08-03,C1720,DE,Sports,60.96,3,delivered
O102392,2025-08-03,C1074,DE,Home,28.58,2,delivered
O103478,2025-08-03,C1684,DE,Home,172.14,2,delivered
O102692,2025-08-03,C1600,FR,Books,18.82,3,returned
O103757,2025-08-03,C1929,FR,Books,18.0,3,delivered
O102944,2025-08-03,C1873,AT,Sports,113.65,1,returned
O100286,2025-08-03,C1559,CH,Home,75.08,1,delivered
O102066,2025-08-03,C2338,DE,Fashion,19.77,2,delivered
O104479,2025-08-03,C1976,CH,Sports,48.94,2,delivered
O101327,2025-08-04,C2762,FR,Fashion,26.08,1,delivered
O102682,2025-08-04,C2327,DE,Home,115.71,3,delivered
O100626,2025-08-04,C2779,DE,Home,73.77,2,delivered
O100030,2025-08-04,C1473,CH,Sports,70.27,2,delivered
O103595,2025-08-04,C1147,FR,Fashion,73.07,3,cancelled
O101109,2025-08-04,C1940,FR,Sports,91.39,3,delivered
O103383,2025-08-04,C2358,CH,Home,42.62,1,delivered
O104439,2025-08-04,C1870,FR,Fashion,23.5,1,delivered
O101099,2025-08-05,C1983,CH,Electronics,193.27,2,delivered
O104040,2025-08-05,C2047,FR,Sports,,2,delivered
O102475,2025-08-05,C1706,FR,Sports,152.01,3,delivered
O104363,2025-08-05,C2560,AT,Home,97.13,2,delivered
O103864,2025-08-05,C1455,AT,Electronics,541.28,1,delivered
O101329,2025-08-05,C2698,DE,Books,21.83,1,delivered
O102722,2025-08-05,C1691,FR,Sports,119.07,1,delivered
O102113,2025-08-05,C2041,FR,Electronics,108.2,3,delivered
O102095,2025-08-06,C1029,CH,Home,83.45,2,delivered
O104308,2025-08-06,C1687,DE,Home,12.44,2,delivered
O102795,2025-08-06,C1983,CH,Home,16.93,1,delivered
O102124,2025-08-06,C1437,DE,Books,12.89,1,delivered
O104552,2025-08-06,C1763,DE,Fashion,74.39,3,delivered
O101397,2025-08-06,C2787,FR,Fashion,70.1,3,delivered
O102398,2025-08-06,C2689,CH,Home,90.71,2,delivered
O100298,2025-08-06,C2044,DE,Books,16.57,3,delivered
O103237,2025-08-07,C1472,FR,Sports,59.39,3,delivered
O103935,2025-08-07,C2688,AT,Fashion,33.8,2,delivered
O103109,2025-08-07,C1248,CH,Sports,54.63,2,delivered
O101613,2025-08-07,C2295,DE,Fashion,74.57,2,delivered
O101108,2025-08-07,C2169,DE,Home,27.32,3,delivered
O101428,2025-08-07,C2416,DE,Home,30.6,2,cancelled
O102552,2025-08-07,C1997,CH,Fashion,22.64,1,delivered
O100253,2025-08-07,C1722,CH,Books,15.22,2,returned
O101082,2025-08-08,C1363,CH,Home,32.48,3,delivered
O101983,2025-08-08,C2535,AT,Books,18.39,1,delivered
O104215,2025-08-08,C1157,CH,Fashion,33.46,1,delivered
O101841,2025-08-08,C1786,CH,Home,62.11,1,delivered
O102069,2025-08-08,C1175,CH,Sports,62.88,3,delivered
O100677,2025-08-08,C1488,DE,Sports,74.08,3,delivered
O101218,2025-08-08,C2722,CH,Electronics,133.42,1,delivered
O102451,2025-08-08,C2071,DE,Home,188.73,3,delivered
O100049,2025-08-08,C2582,DE,Electronics,312.95,1,delivered
O104016,2025-08-08,C1167,DE,Home,77.27,2,delivered
O101653,2025-08-09,C1529,IT,Home,116.94,1,delivered
O101905,2025-08-09,C1849,CH,Sports,54.77,1,delivered
O104141,2025-08-09,C2050,DE,Fashion,51.49,2,delivered
O103880,2025-08-09,C2153,FR,Books,20.46,1,delivered
O102948,2025-08-09,C2028,IT,Home,68.49,3,delivered
O102304,2025-08-09,C2774,CH,Books,12.95,2,delivered
O100317,2025-08-10,C2724,CH,Sports,71.06,1,delivered
O103958,2025-08-10,C1684,CH,Electronics,192.64,3,returned
O103927,2025-08-10,C1559,FR,Books,8.12,1,delivered
O104006,2025-08-10,C2057,CH,Electronics,160.31,3,delivered
O101971,2025-08-10,C1819,DE,Home,20.54,2,delivered
O103686,2025-08-10,C1552,DE,Books,8.59,1,delivered
O100223,2025-08-10,C2141,DE,Fashion,120.15,3,delivered
O100213,2025-08-11,C1580,IT,Electronics,261.36,3,delivered
O104674,2025-08-11,C1545,CH,Fashion,43.69,3,delivered
O101112,2025-08-11,C2067,DE,Books,13.74,2,delivered
O100718,2025-08-11,C1029,AT,Sports,104.67,1,delivered
O103918,2025-08-11,C1863,DE,Home,53.67,1,delivered
O101287,2025-08-11,C1247,DE,Fashion,87.24,1,cancelled
O101416,2025-08-11,C1643,CH,Fashion,20.35,2,delivered
O104891,2025-08-12,C1012,CH,Books,31.74,1,delivered
O102856,2025-08-12,C1731,CH,Home,115.03,1,delivered
O103781,2025-08-12,C2582,CH,Home,46.54,3,delivered
O104160,2025-08-12,C2178,FR,Electronics,319.33,2,delivered
O100148,2025-08-12,C1472,FR,Home,69.67,1,delivered
O100943,2025-08-12,C1776,CH,Home,90.28,2,delivered
O103818,2025-08-12,C1343,FR,Fashion,19.14,3,delivered
O101636,2025-08-12,C1185,IT,Fashion,19.41,1,delivered
O101837,2025-08-12,C2344,DE,Electronics,190.13,1,delivered
O102083,2025-08-12,C1230,DE,Home,66.49,2,delivered
O100933,2025-08-13,C2507,CH,Electronics,1073.05,2,delivered
O104804,2025-08-13,C2119,DE,Fashion,26.82,2,delivered
O104253,2025-08-13,C2369,CH,Electronics,80.97,2,delivered
O100475,2025-08-13,C1412,CH,Fashion,40.0,1,delivered
O100615,2025-08-14,C1670,CH,Home,40.7,1,delivered
O101223,2025-08-14,C1703,FR,Home,62.62,2,returned
O101247,2025-08-14,C2237,DE,Home,228.18,3,delivered
O100238,2025-08-14,C1145,AT,Fashion,137.46,1,delivered
O102156,2025-08-14,C1583,FR,Fashion,33.09,1,delivered
O104268,2025-08-15,C1969,FR,Sports,96.83,1,delivered
O104178,2025-08-15,C2345,DE,Electronics,,2,delivered
O100511,2025-08-15,C2585,CH,Fashion,30.83,3,delivered
O100501,2025-08-15,C2185,FR,Electronics,240.52,3,delivered
O101361,2025-08-15,C2120,CH,Sports,81.77,3,delivered
O103916,2025-08-15,C2304,DE,Sports,55.51,2,delivered
O103980,2025-08-15,C1362,AT,Home,84.68,3,delivered
O100653,2025-08-15,C2174,IT,Fashion,30.22,2,delivered
O103390,2025-08-15,C2327,IT,Home,34.5,1,cancelled
O104020,2025-08-15,C1266,IT,Sports,55.54,1,returned
O100942,2025-08-15,C1133,DE,Books,15.71,1,delivered
O100716,2025-08-16,C1397,CH,Home,116.17,1,delivered
O101572,2025-08-16,C1550,CH,Fashion,120.1,2,delivered
O103301,2025-08-16,C2777,DE,Home,54.39,2,delivered
O103950,2025-08-16,C2207,IT,Fashion,53.78,3,delivered
O104521,2025-08-16,C2255,IT,Fashion,60.81,2,delivered
O104001,2025-08-17,C2184,DE,Electronics,281.45,3,delivered
O103701,2025-08-17,C2127,CH,Home,52.93,3,delivered
O100021,2025-08-17,C2729,AT,Electronics,164.82,2,delivered
O103034,2025-08-17,C2027,DE,Electronics,324.87,3,delivered
O100358,2025-08-17,C1448,CH,Electronics,593.88,2,delivered
O100164,2025-08-17,C2433,CH,Fashion,37.13,3,delivered
O102583,2025-08-18,C2290,IT,Fashion,36.78,3,delivered
O104394,2025-08-18,C2438,CH,Electronics,52.52,1,delivered
O102088,2025-08-18,C1732,DE,Fashion,69.25,1,delivered
O100670,2025-08-18,C1529,CH,Electronics,342.34,2,delivered
O103267,2025-08-18,C1872,DE,Home,56.94,2,delivered
O102596,2025-08-18,C2235,FR,Fashion,75.01,1,delivered
O104961,2025-08-18,C2791,CH,Electronics,76.49,1,delivered
O102289,2025-08-18,C2705,CH,Fashion,90.53,2,delivered
O103364,2025-08-19,C2090,FR,Books,11.14,1,delivered
O100821,2025-08-19,C1451,DE,Electronics,216.05,2,delivered
O104913,2025-08-19,C1552,CH,Electronics,67.07,2,delivered
O104865,2025-08-19,C2458,DE,Electronics,136.8,2,delivered
O100401,2025-08-19,C1239,CH,Home,34.6,1,delivered
O101556,2025-08-19,C2680,DE,Fashion,53.35,2,cancelled
O100869,2025-08-19,C2798,CH,Sports,75.06,3,delivered
O100726,2025-08-20,C2293,IT,Electronics,45.59,1,returned
O101345,2025-08-20,C1888,AT,Home,62.55,3,delivered
O100539,2025-08-20,C1896,CH,Home,145.15,3,delivered
O103003,2025-08-20,C2174,CH,Books,24.51,2,delivered
O102778,2025-08-20,C2092,FR,Electronics,207.83,1,returned
O104727,2025-08-20,C1439,DE,Home,108.77,1,delivered
O101963,2025-08-20,C2201,DE,Home,38.91,2,delivered
O101677,2025-08-20,C2326,DE,Home,85.08,1,returned
O100645,2025-08-21,C1231,DE,Home,33.87,3,delivered
O101443,2025-08-21,C2652,CH,Home,157.13,3,delivered
O100932,2025-08-21,C1499,FR,Home,64.02,3,delivered
O102402,2025-08-21,C1663,CH,Sports,56.78,3,delivered
O100320,2025-08-21,C2149,DE,Home,43.68,2,delivered
O104076,2025-08-21,C1452,FR,Sports,58.71,1,delivered
O103538,2025-08-21,C1855,IT,Electronics,180.66,1,delivered
O100932,2025-08-21,C1499,FR,Home,64.02,3,delivered
O103759,2025-08-22,C1743,CH,Fashion,35.23,2,delivered
O103099,2025-08-22,C2669,CH,Sports,93.25,3,delivered
O100773,2025-08-22,C1222,CH,Electronics,1010.66,1,delivered
O100968,2025-08-22,C2203,IT,Electronics,91.55,2,delivered
O101950,2025-08-22,C1313,CH,Fashion,45.67,2,delivered
O104408,2025-08-22,C1859,DE,Sports,41.81,3,delivered
O103984,2025-08-23,C2401,DE,Books,24.61,2,cancelled
O103100,2025-08-23,C2174,CH,Home,32.36,2,delivered
O104311,2025-08-23,C2152,CH,Fashion,49.29,2,returned
O103047,2025-08-23,C2772,CH,Sports,132.21,2,delivered
O103544,2025-08-23,C1084,FR,Fashion,47.91,3,delivered
O104563,2025-08-24,C2618,CH,Sports,85.39,1,cancelled
O102579,2025-08-24,C2335,DE,Books,13.25,3,delivered
O101878,2025-08-24,C2081,DE,Fashion,71.0,1,delivered
O100751,2025-08-24,C1700,FR,Books,30.21,2,delivered
O103850,2025-08-24,C2478,IT,Fashion,34.04,3,delivered
O101366,2025-08-24,C2388,DE,Sports,142.58,1,delivered
O100408,2025-08-24,C1519,DE,Home,40.24,1,delivered
O104401,2025-08-25,C2799,IT,Fashion,74.0,1,delivered
O101394,2025-08-25,C2418,DE,Fashion,112.08,2,delivered
O101872,2025-08-25,C1971,DE,Sports,37.27,1,delivered
O102051,2025-08-26,C2443,CH,Sports,83.08,3,delivered
O103037,2025-08-26,C1729,CH,Books,6.25,2,delivered
O102729,2025-08-26,C1412,DE,Books,22.57,1,delivered
O100953,2025-08-26,C2424,AT,Books,7.34,2,delivered
O101262,2025-08-26,C2644,CH,Home,96.86,3,delivered
O103410,2025-08-26,C1649,FR,Sports,52.06,2,delivered
O103599,2025-08-26,C1757,FR,Electronics,261.17,2,returned
O103887,2025-08-26,C2758,FR,Sports,59.9,3,delivered
O104303,2025-08-26,C1847,DE,Electronics,126.96,1,delivered
O102788,2025-08-26,C1907,IT,Fashion,45.22,3,delivered
O102153,2025-08-27,C2229,FR,Books,5.7,3,delivered
O100805,2025-08-27,C1309,CH,Electronics,58.97,1,delivered
O102065,2025-08-27,C1651,CH,Sports,103.76,2,delivered
O100661,2025-08-27,C2186,CH,Electronics,509.16,3,delivered
O100820,2025-08-27,C2348,CH,Fashion,15.8,1,delivered
O100365,2025-08-27,C2569,CH,Sports,25.94,1,delivered
O104293,2025-08-27,C1782,AT,Electronics,164.4,3,delivered
O102696,2025-08-27,C1508,DE,Books,14.65,1,delivered
O101851,2025-08-27,C1170,DE,Fashion,65.72,2,delivered
O104012,2025-08-27,C2061,CH,Home,29.53,3,delivered
O101816,2025-08-28,C1513,IT,Electronics,51.72,2,delivered
O104806,2025-08-28,C1052,DE,Sports,80.29,1,returned
O101650,2025-08-28,C2799,FR,Home,32.89,2,delivered
O100485,2025-08-28,C1289,AT,Sports,35.62,2,cancelled
O103006,2025-08-29,C1579,IT,Home,67.63,3,delivered
O103059,2025-08-29,C1833,AT,Books,18.76,1,delivered
O102709,2025-08-29,C2322,CH,Books,22.74,3,delivered
O103934,2025-08-29,C2028,DE,Books,28.92,1,delivered
O103622,2025-08-29,C1940,AT,Electronics,114.93,3,delivered
O102648,2025-08-29,C2596,IT,Electronics,112.3,2,delivered
O103396,2025-08-29,C1366,FR,Sports,99.74,3,cancelled
O102178,2025-08-29,C1776,DE,Sports,125.72,1,returned
O102506,2025-08-29,C1111,CH,Fashion,77.44,3,cancelled
O100819,2025-08-29,C2371,DE,Home,44.2,3,delivered
O100665,2025-08-29,C1462,AT,Books,37.54,3,delivered
O103562,2025-08-29,C1816,FR,Fashion,37.26,2,delivered
O101511,2025-08-30,C1680,DE,Books,11.23,2,delivered
O101148,2025-08-30,C2622,IT,Fashion,53.15,2,delivered
O101499,2025-08-30,C1694,AT,Home,29.56,1,delivered
O103352,2025-08-30,C2501,CH,Home,20.92,2,delivered
O104142,2025-08-30,C1365,AT,Electronics,140.67,3,delivered
O101407,2025-08-30,C2269,DE,Sports,34.23,1,delivered
O100755,2025-08-30,C1782,CH,Home,113.72,3,delivered
O102396,2025-08-30,C1082,DE,Home,60.89,3,delivered
O104319,2025-08-31,C1972,DE,Sports,54.92,3,delivered
O101477,2025-08-31,C2212,AT,Fashion,33.95,2,delivered
O103804,2025-08-31,C1737,CH,Sports,52.76,1,delivered
O100579,2025-08-31,C2620,IT,Books,25.3,3,delivered
O103777,2025-08-31,C2792,FR,Home,66.53,2,delivered
O104973,2025-08-31,C1038,AT,Electronics,210.25,2,returned
O100303,2025-08-31,C2429,DE,Books,11.83,2,delivered
O104798,2025-08-31,C2169,CH,Fashion,36.66,1,delivered
O102568,2025-08-31,C1844,DE,Fashion,10.87,1,delivered
O100660,2025-08-31,C1816,CH,Home,47.98,3,delivered
O101568,2025-09-01,C1866,IT,Home,71.67,3,delivered
O104145,2025-09-01,C2546,IT,Electronics,96.95,2,delivered
O102708,2025-09-01,C2543,DE,Electronics,403.97,2,delivered
O101992,2025-09-01,C2411,FR,Home,56.87,2,delivered
O103840,2025-09-01,C1944,DE,Sports,34.33,1,cancelled
O104748,2025-09-01,C2577,AT,Books,10.46,3,delivered
O102656,2025-09-01,C2573,DE,Books,9.96,3,delivered
O101717,2025-09-01,C1371,CH,Books,15.81,1,returned
O102041,2025-09-01,C1475,IT,Electronics,37.62,1,delivered
O103058,2025-09-01,C1098,CH,Sports,115.97,2,delivered
O101400,2025-09-01,C2616,CH,Electronics,22.45,2,delivered
O101532,2025-09-01,C2070,DE,Home,61.35,1,returned
O101665,2025-09-02,C1715,CH,Fashion,32.97,2,delivered
O104000,2025-09-02,C2737,CH,Sports,62.85,1,delivered
O102305,2025-09-02,C1862,AT,Electronics,103.57,1,delivered
O102395,2025-09-02,C1628,CH,Fashion,37.84,2,delivered
O100825,2025-09-02,C2722,CH,Fashion,46.68,2,delivered
O103207,2025-09-02,C1561,IT,Books,21.57,3,delivered
O101399,2025-09-02,C1123,DE,Fashion,92.74,3,delivered
O104667,2025-09-02,C2575,FR,Fashion,58.19,2,returned
O102167,2025-09-02,C2791,AT,Fashion,42.29,3,delivered
O102551,2025-09-02,C1157,FR,Fashion,32.73,1,delivered
O102291,2025-09-02,C2172,CH,Books,25.38,2,delivered
O101048,2025-09-03,C1392,AT,Sports,113.84,3,delivered
O104179,2025-09-03,C2794,CH,Fashion,57.59,1,delivered
O100259,2025-09-03,C2361,IT,Electronics,74.81,3,delivered
O102898,2025-09-03,C1566,IT,Electronics,196.15,3,delivered
O102773,2025-09-03,C2176,AT,Fashion,101.98,2,delivered
O101139,2025-09-03,C2699,AT,Fashion,60.4,2,delivered
O104805,2025-09-04,C1357,CH,Home,32.47,3,delivered
O104710,2025-09-04,C2123,CH,Sports,25.09,1,delivered
O103225,2025-09-04,C1985,AT,Home,101.66,2,delivered
O103083,2025-09-04,C1442,DE,Books,18.32,2,delivered
O100597,2025-09-04,C1185,DE,Home,69.3,1,delivered
O102420,2025-09-04,C1315,AT,Home,50.9,3,delivered
O100573,2025-09-05,C1880,CH,Sports,123.41,3,delivered
O103039,2025-09-05,C2100,FR,Home,111.48,1,delivered
O101868,2025-09-05,C2610,AT,Home,61.76,2,delivered
O104419,2025-09-05,C2784,DE,Home,30.77,1,delivered
O103749,2025-09-05,C2252,CH,Electronics,77.21,1,delivered
O104167,2025-09-05,C1778,IT,Electronics,98.15,1,delivered
O100599,2025-09-05,C1557,CH,Books,14.29,2,delivered
O102755,2025-09-05,C1121,CH,Fashion,40.76,2,delivered
O101628,2025-09-05,C2761,FR,Home,33.82,1,delivered
O103827,2025-09-05,C1260,CH,Electronics,374.19,3,delivered
O102208,2025-09-05,C2757,CH,Fashion,35.43,2,returned
O104154,2025-09-05,C2193,CH,Sports,58.73,1,delivered
O102033,2025-09-06,C1406,DE,Sports,72.97,1,delivered
O100010,2025-09-06,C1850,DE,Electronics,42.03,2,delivered
O103223,2025-09-06,C1074,IT,Electronics,54.02,1,delivered
O100270,2025-09-06,C1168,CH,Electronics,231.96,1,delivered
O104032,2025-09-07,C2699,DE,Home,36.96,1,delivered
O104699,2025-09-07,C2513,FR,Fashion,37.11,3,delivered
O100924,2025-09-07,C1031,CH,Home,58.42,2,returned
O102102,2025-09-07,C1535,DE,Electronics,128.74,2,delivered
O103522,2025-09-07,C2166,DE,Fashion,112.74,2,delivered
O102639,2025-09-07,C1774,AT,Fashion,29.56,2,delivered
O100272,2025-09-07,C1152,FR,Books,7.78,1,delivered
O100162,2025-09-08,C1930,AT,Books,15.48,1,delivered
O104476,2025-09-08,C2104,AT,Home,86.52,3,delivered
O101226,2025-09-08,C1291,CH,Home,74.07,1,delivered
O103189,2025-09-08,C1857,CH,Electronics,1101.61,2,delivered
O104240,2025-09-08,C1058,DE,Fashion,47.05,3,delivered
O100179,2025-09-08,C1307,DE,Fashion,38.47,3,delivered
O102021,2025-09-08,C1449,CH,Books,21.84,3,delivered
O103309,2025-09-08,C1979,CH,Home,75.7,3,delivered
O100465,2025-09-09,C1542,FR,Fashion,35.87,1,delivered
O100958,2025-09-09,C1921,CH,Sports,29.11,2,delivered
O100723,2025-09-09,C1703,FR,Fashion,67.76,1,delivered
O102374,2025-09-09,C1531,DE,Fashion,85.07,3,cancelled
O104418,2025-09-09,C1813,FR,Home,74.33,3,delivered
O103221,2025-09-09,C2686,CH,Sports,46.13,3,delivered
O104491,2025-09-10,C1775,AT,Home,37.97,1,returned
O102204,2025-09-10,C1911,CH,Home,45.19,1,delivered
O102129,2025-09-10,C1455,DE,Books,25.65,1,delivered
O102667,2025-09-10,C2126,DE,Fashion,25.15,2,delivered
O103369,2025-09-10,C2199,CH,Fashion,171.65,3,delivered
O104464,2025-09-10,C1728,DE,Electronics,53.71,1,delivered
O104555,2025-09-10,C2736,CH,Sports,62.82,2,delivered
O100507,2025-09-10,C2301,CH,Fashion,42.23,1,delivered
O101689,2025-09-10,C2772,CH,Books,26.45,3,delivered
O101335,2025-09-10,C1971,CH,Sports,77.9,1,delivered
O101701,2025-09-10,C2025,AT,Sports,88.36,2,delivered
O103876,2025-09-11,C1370,FR,Home,78.82,3,delivered
O101838,2025-09-11,C1300,FR,Home,63.47,3,delivered
O102892,2025-09-11,C2086,DE,Electronics,,2,returned
O101831,2025-09-11,C1095,AT,Sports,66.21,2,delivered
O104367,2025-09-11,C1380,DE,Fashion,109.87,1,returned
O102473,2025-09-11,C1475,DE,Books,20.01,2,delivered
O104073,2025-09-11,C1531,CH,Sports,48.73,1,returned
O103592,2025-09-11,C1125,CH,Home,79.32,1,delivered
O103022,2025-09-12,C1585,CH,Books,14.82,2,delivered
O103644,2025-09-12,C1366,IT,Books,13.09,3,delivered
O101853,2025-09-12,C2321,CH,Home,23.75,3,cancelled
O101736,2025-09-12,C2219,IT,Sports,93.47,2,delivered
O102184,2025-09-12,C1009,CH,Fashion,28.71,2,delivered
O100332,2025-09-13,C2186,IT,Sports,73.27,2,cancelled
O103681,2025-09-13,C2775,DE,Fashion,24.92,2,delivered
O100701,2025-09-13,C1949,IT,Sports,47.34,1,delivered
O103693,2025-09-13,C1091,CH,Electronics,173.74,3,delivered
O101792,2025-09-14,C1194,CH,Electronics,876.56,1,delivered
O104357,2025-09-14,C2743,FR,Home,60.25,3,delivered
O103175,2025-09-14,C1004,DE,Fashion,39.02,1,delivered
O102766,2025-09-14,C1686,DE,Fashion,73.6,3,delivered
O101236,2025-09-14,C1520,FR,Sports,61.46,3,delivered
O104374,2025-09-14,C2721,DE,Electronics,70.75,1,delivered
O103527,2025-09-14,C2571,FR,Sports,147.9,2,delivered
O102031,2025-09-14,C1728,FR,Fashion,84.74,3,delivered
O104225,2025-09-14,C1582,DE,Books,17.93,1,delivered
O100417,2025-09-14,C1906,AT,Fashion,67.87,3,delivered
O103547,2025-09-14,C2056,CH,Fashion,26.33,2,returned
O101635,2025-09-14,C1364,IT,Home,24.71,2,delivered
O104864,2025-09-15,C1430,IT,Books,11.4,2,delivered
O100950,2025-09-15,C1468,AT,Fashion,38.2,3,delivered
O103215,2025-09-15,C2359,DE,Home,52.85,2,delivered
O103315,2025-09-15,C1478,CH,Sports,83.07,3,delivered
O100325,2025-09-15,C2660,CH,Fashion,22.61,3,delivered
O100629,2025-09-15,C1440,FR,Sports,77.32,1,delivered
O102587,2025-09-15,C2537,FR,Books,23.57,3,delivered
O102510,2025-09-15,C1404,CH,Home,88.55,2,delivered
O104132,2025-09-15,C2120,CH,Electronics,75.23,3,cancelled
O103148,2025-09-16,C1595,DE,Home,52.4,2,delivered
O102209,2025-09-16,C1582,DE,Home,24.59,2,delivered
O101877,2025-09-16,C1294,CH,Electronics,88.14,3,delivered
O103334,2025-09-16,C1571,IT,Electronics,131.72,3,returned
O104896,2025-09-16,C2041,AT,Home,133.88,1,delivered
O103605,2025-09-16,C2727,IT,Fashion,68.93,3,delivered
O101301,2025-09-16,C1356,FR,Sports,38.31,1,delivered
O101882,2025-09-16,C2107,FR,Fashion,40.23,1,delivered
O102244,2025-09-16,C1284,CH,Fashion,59.34,3,delivered
O100140,2025-09-16,C1629,DE,Books,15.37,2,delivered
O103298,2025-09-17,C1214,AT,Fashion,31.48,3,delivered
O102481,2025-09-17,C2640,AT,Fashion,20.47,1,delivered
O101503,2025-09-17,C2538,AT,Books,20.93,3,cancelled
O102283,2025-09-17,C2079,CH,Fashion,57.5,2,cancelled
O100447,2025-09-17,C2754,AT,Sports,128.43,1,delivered
O101883,2025-09-17,C1253,CH,Books,53.35,2,delivered
O103744,2025-09-17,C2233,DE,Fashion,23.35,1,cancelled
O103866,2025-09-18,C1218,DE,Books,13.34,3,delivered
O104867,2025-09-18,C2091,DE,Books,18.31,3,delivered
O102749,2025-09-18,C2318,DE,Sports,83.75,1,delivered
O104742,2025-09-18,C1522,CH,Books,20.68,1,returned
O101680,2025-09-18,C2073,CH,Electronics,84.72,3,delivered
O100394,2025-09-18,C1654,AT,Books,22.09,2,delivered
O104964,2025-09-18,C1110,DE,Books,38.16,2,delivered
O102191,2025-09-18,C1259,FR,Books,15.46,3,delivered
O102410,2025-09-18,C1572,FR,Electronics,148.07,2,delivered
O101897,2025-09-18,C1778,IT,Home,68.11,1,delivered
O102860,2025-09-18,C1749,IT,Fashion,96.63,2,delivered
O104451,2025-09-19,C2796,AT,Home,67.43,1,delivered
O103473,2025-09-19,C2570,DE,Home,73.95,2,delivered
O104847,2025-09-19,C1970,CH,Fashion,16.86,3,delivered
O101896,2025-09-19,C2686,CH,Fashion,43.36,1,delivered
O100793,2025-09-19,C1484,CH,Home,55.37,3,delivered
O102530,2025-09-19,C1374,IT,Fashion,36.09,3,delivered
O101966,2025-09-19,C2607,IT,Sports,115.98,3,delivered
O104797,2025-09-19,C1146,FR,Sports,113.48,1,cancelled
O103278,2025-09-20,C1358,FR,Home,128.58,3,cancelled
O102090,2025-09-20,C1190,FR,Sports,76.64,1,delivered
O101695,2025-09-20,C1468,CH,Home,45.17,2,delivered
O104135,2025-09-20,C2094,AT,Electronics,95.28,3,delivered
O102627,2025-09-20,C1336,CH,Home,81.74,1,delivered
O103158,2025-09-21,C2679,IT,Fashion,27.93,2,delivered
O103707,2025-09-21,C1201,DE,Electronics,173.7,3,delivered
O102800,2025-09-21,C1537,CH,Home,34.26,3,delivered
O102355,2025-09-21,C1119,AT,Electronics,90.66,3,delivered
O103133,2025-09-21,C2398,FR,Books,16.75,3,delivered
O104828,2025-09-21,C2247,CH,Fashion,91.65,2,delivered
O104159,2025-09-21,C1514,FR,Sports,17.27,3,delivered
O101898,2025-09-21,C1205,FR,Home,81.54,2,returned
O104567,2025-09-21,C1406,IT,Home,22.44,2,returned
O104468,2025-09-22,C2190,CH,Fashion,46.79,2,delivered
O104044,2025-09-22,C2400,DE,Electronics,651.96,2,delivered
O103585,2025-09-22,C2345,DE,Home,33.45,2,delivered
O100126,2025-09-22,C1396,IT,Sports,15.21,2,delivered
O102712,2025-09-22,C1712,FR,Home,32.22,2,delivered
O103210,2025-09-22,C1652,CH,Home,36.98,3,delivered
O103338,2025-09-23,C2392,DE,Electronics,2380.67,3,returned
O101739,2025-09-23,C2133,DE,Electronics,118.76,2,delivered
O101779,2025-09-23,C1482,IT,Home,68.16,2,delivered
O100409,2025-09-23,C1891,CH,Books,13.24,2,delivered
O102081,2025-09-23,C1110,CH,Home,107.17,1,cancelled
O101314,2025-09-23,C2063,CH,Sports,20.32,2,returned
O100438,2025-09-23,C1336,FR,Sports,67.38,1,delivered
O102727,2025-09-23,C1935,DE,Sports,100.9,2,delivered
O101114,2025-09-23,C2443,IT,Electronics,425.87,2,delivered
O101308,2025-09-24,C2779,CH,Books,10.93,2,delivered
O104962,2025-09-24,C1843,CH,Fashion,14.51,3,delivered
O102312,2025-09-24,C2125,IT,Fashion,44.09,3,returned
O100952,2025-09-24,C1862,DE,Electronics,139.32,1,delivered
O102618,2025-09-24,C1630,CH,Books,13.05,2,delivered
O101762,2025-09-24,C2004,CH,Books,23.87,3,returned
O103597,2025-09-24,C2399,DE,Fashion,17.82,1,delivered
O100069,2025-09-24,C2377,CH,Books,25.57,1,cancelled
O102916,2025-09-25,C1217,DE,Home,43.99,1,delivered
O102586,2025-09-25,C2795,IT,Sports,152.7,3,delivered
O102704,2025-09-25,C2420,DE,Home,43.56,2,delivered
O103279,2025-09-26,C1747,CH,Home,16.39,2,delivered
O104965,2025-09-26,C1000,CH,Electronics,143.18,2,delivered
O104848,2025-09-26,C2169,DE,Fashion,35.2,1,delivered
O104327,2025-09-26,C2780,CH,Sports,37.2,3,delivered
O101904,2025-09-26,C2636,DE,Home,17.05,1,returned
O104970,2025-09-26,C2067,AT,Home,59.13,2,delivered
O104735,2025-09-26,C2184,CH,Fashion,41.3,1,delivered
O103269,2025-09-26,C1596,CH,Electronics,49.03,1,delivered
O102328,2025-09-26,C2621,FR,Sports,59.72,1,delivered
O101774,2025-09-26,C1511,DE,Home,99.78,3,delivered
O103674,2025-09-26,C1187,AT,Fashion,20.99,3,delivered
O102686,2025-09-27,C1421,CH,Home,33.44,3,delivered
O103136,2025-09-27,C1001,CH,Fashion,18.18,3,delivered
O101419,2025-09-27,C2233,DE,Books,24.97,3,delivered
O102302,2025-09-27,C2333,CH,Electronics,184.55,3,delivered
O104892,2025-09-27,C1626,CH,Home,126.74,2,returned
O104161,2025-09-27,C1956,CH,Books,17.26,1,delivered
O103750,2025-09-27,C2569,CH,Books,42.17,3,delivered
O103836,2025-09-27,C2264,FR,Sports,51.08,3,delivered
O104138,2025-09-27,C1161,DE,Electronics,89.63,1,delivered
O103531,2025-09-27,C1735,DE,Books,35.45,1,delivered
O102952,2025-09-27,C2024,CH,Fashion,8.35,1,delivered
O102050,2025-09-27,C2183,AT,Books,14.56,3,returned
O103042,2025-09-28,C1957,AT,Fashion,80.0,3,delivered
O103449,2025-09-28,C1828,IT,Fashion,43.36,2,delivered
O100613,2025-09-28,C2534,CH,Books,24.4,1,delivered
O102589,2025-09-28,C1319,CH,Books,14.35,2,delivered
O101053,2025-09-28,C2008,CH,Electronics,64.03,3,delivered
O103404,2025-09-28,C2366,CH,Home,71.95,1,returned
O101245,2025-09-28,C2217,DE,Electronics,96.97,3,delivered
O102151,2025-09-28,C2570,CH,Home,91.65,2,delivered
O101986,2025-09-28,C1430,CH,Home,57.46,3,delivered
O102829,2025-09-28,C2779,DE,Electronics,904.16,3,cancelled
O101431,2025-09-28,C1566,CH,Books,28.53,1,delivered
O101661,2025-09-28,C2054,DE,Fashion,58.51,2,delivered
O101999,2025-09-28,C1780,DE,Electronics,79.64,2,returned
O100169,2025-09-28,C2585,AT,Books,13.23,3,delivered
O100463,2025-09-28,C1508,FR,Home,87.13,1,delivered
O104173,2025-09-29,C2607,IT,Electronics,114.42,3,delivered
O100705,2025-09-29,C2112,DE,Sports,134.69,2,delivered
O104762,2025-09-29,C2187,IT,Sports,53.5,2,returned
O103957,2025-09-29,C1722,CH,Fashion,78.57,3,delivered
O100830,2025-09-29,C1857,IT,Home,97.19,2,delivered
O103014,2025-09-29,C1390,DE,Home,67.59,3,delivered
O101690,2025-09-29,C1778,DE,Fashion,85.56,1,returned
O104445,2025-09-29,C1620,DE,Home,57.82,3,delivered
O103694,2025-09-29,C1698,DE,Sports,59.08,2,delivered
O103624,2025-09-30,C2321,DE,Home,98.86,1,delivered
O101696,2025-09-30,C2134,DE,Fashion,101.11,2,delivered
O102765,2025-09-30,C1125,CH,Home,22.58,3,delivered
O102699,2025-10-01,C2220,IT,Books,17.92,1,returned
O102693,2025-10-01,C2291,DE,Books,22.19,3,delivered
O104198,2025-10-01,C1996,DE,Fashion,60.98,2,delivered
O103817,2025-10-01,C1319,CH,Books,17.46,1,delivered
O101510,2025-10-01,C2585,FR,Fashion,98.2,3,returned
O102670,2025-10-01,C2105,CH,Sports,78.15,1,delivered
O101183,2025-10-02,C2113,DE,Home,24.6,1,delivered
O102701,2025-10-02,C2718,DE,Home,62.72,1,delivered
O100084,2025-10-02,C2475,AT,Sports,133.87,2,delivered
O100203,2025-10-02,C2207,IT,Home,71.41,3,delivered
O102701,2025-10-02,C2718,DE,Home,62.72,1,delivered
O103153,2025-10-02,C2622,CH,Fashion,34.01,1,returned
O104595,2025-10-02,C1937,DE,Home,101.21,1,delivered
O100681,2025-10-02,C1591,FR,Electronics,236.94,1,delivered
O101197,2025-10-02,C2663,DE,Home,57.05,3,delivered
O102280,2025-10-02,C1665,CH,Fashion,24.34,2,delivered
O102465,2025-10-03,C2059,AT,Home,103.46,3,delivered
O104971,2025-10-03,C1073,FR,Fashion,39.75,1,delivered
O101030,2025-10-03,C2589,DE,Books,22.55,1,delivered
O101707,2025-10-03,C1237,DE,Books,21.89,2,delivered
O100024,2025-10-03,C1863,IT,Electronics,,2,delivered
O101886,2025-10-03,C1723,DE,Books,8.46,3,delivered
O104547,2025-10-04,C1273,CH,Electronics,136.05,2,delivered
O104514,2025-10-04,C2065,CH,Electronics,153.19,2,delivered
O102721,2025-10-04,C1601,DE,Books,13.97,2,delivered
O100776,2025-10-04,C2708,CH,Sports,400.82,2,delivered
O101060,2025-10-04,C1235,DE,Books,19.99,1,delivered
O102791,2025-10-04,C1104,CH,Fashion,102.67,1,delivered
O103989,2025-10-04,C1614,CH,Books,20.26,2,delivered
O103419,2025-10-04,C1313,CH,Electronics,204.25,2,delivered
O102721,2025-10-04,C1601,DE,Books,13.97,2,delivered
O103045,2025-10-04,C2750,FR,Home,54.76,3,returned
O103939,2025-10-05,C1872,DE,Home,88.47,2,delivered
O100903,2025-10-05,C1594,DE,Books,17.56,3,delivered
O101597,2025-10-05,C1597,CH,Fashion,22.15,2,delivered
O100525,2025-10-05,C2205,DE,Home,62.12,1,delivered
O101395,2025-10-05,C1008,IT,Home,196.98,2,returned
O102457,2025-10-05,C1582,CH,Home,70.84,3,delivered
O100838,2025-10-05,C1257,DE,Home,127.86,2,delivered
O100379,2025-10-05,C2767,CH,Electronics,463.4,1,returned
O102831,2025-10-05,C1136,CH,Home,55.98,1,delivered
O104986,2025-10-05,C1964,CH,Home,79.92,1,delivered
O103575,2025-10-05,C1936,DE,Home,114.57,3,delivered
O104516,2025-10-05,C1093,DE,Electronics,79.51,2,delivered
O103456,2025-10-05,C2178,CH,Fashion,12.3,1,cancelled
O101083,2025-10-05,C1240,CH,Home,75.42,2,delivered
O101023,2025-10-06,C2592,IT,Books,15.88,3,delivered
O102360,2025-10-06,C1972,CH,Sports,29.6,2,delivered
O103289,2025-10-06,C2192,CH,Fashion,38.51,2,delivered
O104290,2025-10-06,C2398,CH,Fashion,49.93,2,delivered
O100553,2025-10-06,C1076,FR,Electronics,132.8,2,delivered
O101527,2025-10-06,C1540,DE,Home,88.0,1,delivered
O103258,2025-10-06,C2169,CH,Home,118.72,3,delivered
O101760,2025-10-07,C1253,AT,Home,56.27,1,delivered
O100822,2025-10-07,C1198,DE,Fashion,59.65,2,returned
O103113,2025-10-07,C1628,CH,Electronics,231.95,2,delivered
O103563,2025-10-07,C1952,FR,Fashion,47.46,1,delivered
O100831,2025-10-07,C1655,CH,Fashion,41.61,2,cancelled
O101234,2025-10-07,C2770,CH,Home,44.44,1,returned
O100524,2025-10-07,C1671,DE,Electronics,98.3,2,cancelled
O103054,2025-10-07,C2007,DE,Electronics,359.64,2,delivered
O104437,2025-10-07,C1418,DE,Home,73.77,3,delivered
O103858,2025-10-07,C1826,CH,Home,65.19,2,returned
O102983,2025-10-07,C1920,CH,Fashion,27.02,3,returned
O101577,2025-10-08,C1638,CH,Fashion,103.11,2,delivered
O103505,2025-10-08,C1253,CH,Books,14.03,2,delivered
O104128,2025-10-08,C1167,IT,Books,26.22,2,delivered
O103147,2025-10-08,C2638,CH,Electronics,297.17,2,cancelled
O100495,2025-10-08,C1515,DE,Fashion,75.05,2,delivered
O101599,2025-10-08,C2068,DE,Fashion,28.1,2,delivered
O101228,2025-10-08,C1390,DE,Home,64.37,1,delivered
O104604,2025-10-08,C2223,DE,Electronics,290.02,3,delivered
O104512,2025-10-08,C1549,CH,Books,16.81,3,delivered
O104222,2025-10-08,C1544,DE,Fashion,75.04,2,cancelled
O103931,2025-10-08,C2135,FR,Fashion,56.23,3,delivered
O101377,2025-10-08,C1999,CH,Sports,111.44,1,delivered
O104621,2025-10-09,C1836,FR,Electronics,103.55,3,delivered
O103728,2025-10-09,C1469,CH,Sports,51.54,1,delivered
O100947,2025-10-09,C1317,DE,Home,133.29,2,returned
O103555,2025-10-09,C1418,FR,Sports,39.88,2,delivered
O103110,2025-10-10,C2076,DE,Home,49.02,2,delivered
O103393,2025-10-10,C1816,CH,Home,51.47,3,delivered
O101994,2025-10-10,C2132,DE,Fashion,49.11,1,delivered
O102685,2025-10-10,C2442,AT,Home,24.14,2,delivered
O103132,2025-10-10,C1733,IT,Home,24.93,3,delivered
O102740,2025-10-10,C1334,CH,Books,17.62,1,delivered
O101474,2025-10-10,C2701,CH,Books,22.13,1,cancelled
O104296,2025-10-10,C2133,DE,Electronics,303.0,2,cancelled
O104593,2025-10-10,C2400,DE,Electronics,830.38,1,delivered
O100407,2025-10-10,C1881,DE,Home,131.4,1,delivered
O102846,2025-10-10,C2564,FR,Fashion,25.36,2,delivered
O103785,2025-10-10,C2232,CH,Books,13.23,3,delivered
O101658,2025-10-11,C1861,AT,Home,161.14,3,delivered
O103655,2025-10-11,C1202,IT,Home,26.18,1,delivered
O103894,2025-10-11,C2644,DE,Fashion,74.8,2,delivered
O100972,2025-10-11,C1495,CH,Fashion,48.05,2,delivered
O102673,2025-10-11,C1886,CH,Fashion,34.24,1,delivered
O100574,2025-10-11,C2506,FR,Fashion,85.51,2,delivered
O102658,2025-10-11,C2444,DE,Home,48.53,1,delivered
O101328,2025-10-11,C2256,CH,Home,22.66,3,returned
O104373,2025-10-11,C1709,DE,Electronics,790.17,1,delivered
O104566,2025-10-11,C2591,DE,Fashion,13.18,3,cancelled
O101937,2025-10-12,C1016,CH,Home,31.01,1,delivered
O104148,2025-10-12,C1873,DE,Home,61.1,2,delivered
O103340,2025-10-12,C1026,DE,Home,146.55,1,delivered
O101074,2025-10-12,C2656,CH,Fashion,46.91,2,delivered
O100034,2025-10-12,C1542,CH,Home,81.24,3,delivered
O104484,2025-10-13,C1005,DE,Sports,62.08,1,returned
O100101,2025-10-13,C1469,FR,Electronics,217.53,1,delivered
O102267,2025-10-13,C1449,CH,Home,80.9,1,delivered
O100468,2025-10-13,C1147,DE,Home,77.26,3,returned
O100435,2025-10-13,C1147,CH,Home,90.79,1,delivered
O102015,2025-10-14,C2635,FR,Sports,36.16,3,delivered
O104231,2025-10-14,C2472,CH,Electronics,307.58,1,delivered
O104355,2025-10-14,C1507,CH,Home,47.52,3,delivered
O102953,2025-10-14,C2261,DE,Fashion,80.66,1,delivered
O102529,2025-10-14,C1280,IT,Fashion,31.56,2,delivered
O101662,2025-10-14,C1410,DE,Fashion,31.54,3,delivered
O103875,2025-10-14,C1544,DE,Sports,98.5,1,delivered
O101408,2025-10-14,C1007,DE,Home,59.01,1,cancelled
O104992,2025-10-14,C1816,CH,Books,14.75,1,delivered
O100873,2025-10-14,C1022,CH,Fashion,61.84,2,delivered
O104113,2025-10-14,C1873,CH,Home,33.73,1,delivered
O100868,2025-10-15,C1717,AT,Books,26.41,1,delivered
O104542,2025-10-15,C2254,IT,Electronics,134.36,3,delivered
O101542,2025-10-15,C1227,FR,Books,16.52,3,delivered
O103717,2025-10-15,C1363,DE,Fashion,34.66,1,delivered
O104097,2025-10-15,C1129,DE,Home,37.26,3,delivered
O102895,2025-10-15,C1267,DE,Books,34.93,3,delivered
O102905,2025-10-15,C1479,AT,Home,75.9,2,delivered
O101177,2025-10-15,C1757,CH,Fashion,53.14,1,delivered
O104703,2025-10-16,C1068,FR,Home,48.91,3,delivered
O100283,2025-10-16,C2692,AT,Books,12.69,1,returned
O104643,2025-10-16,C2482,CH,Sports,99.04,2,delivered
O102037,2025-10-16,C2417,FR,Home,36.05,3,returned
O103129,2025-10-16,C1915,DE,Fashion,38.32,1,delivered
O104500,2025-10-16,C1786,FR,Home,46.48,2,delivered
O104543,2025-10-16,C2389,AT,Home,97.55,2,delivered
O104703,2025-10-16,C1068,FR,Home,48.91,3,delivered
O100734,2025-10-17,C2263,DE,Home,72.32,3,delivered
O102728,2025-10-17,C1255,CH,Home,13.06,2,delivered
O102937,2025-10-17,C1487,DE,Books,29.19,1,returned
O103972,2025-10-17,C1094,DE,Home,73.61,3,cancelled
O104375,2025-10-17,C2616,FR,Fashion,31.3,3,delivered
O100061,2025-10-17,C1207,DE,Books,22.47,2,delivered
O100125,2025-10-17,C2454,DE,Fashion,25.62,1,delivered
O103501,2025-10-17,C1601,AT,Fashion,68.79,2,delivered
O100609,2025-10-17,C1668,DE,Home,24.88,1,delivered
O101686,2025-10-17,C2304,AT,Books,6.97,3,delivered
O104127,2025-10-18,C2664,IT,Sports,192.34,3,delivered
O100087,2025-10-18,C1158,AT,Electronics,288.38,1,returned
O104229,2025-10-18,C1343,FR,Books,18.68,2,delivered
O104739,2025-10-18,C2482,CH,Electronics,217.3,2,delivered
O104474,2025-10-18,C1558,FR,Fashion,62.62,3,cancelled
O103703,2025-10-18,C1795,CH,Home,72.73,2,delivered
O104526,2025-10-18,C2784,DE,Books,15.67,3,delivered
O101087,2025-10-18,C2705,FR,Books,20.97,2,delivered
O102058,2025-10-18,C1362,FR,Fashion,27.32,1,delivered
O103273,2025-10-18,C2580,FR,Fashion,22.88,2,delivered
O104220,2025-10-18,C1212,CH,Home,78.68,1,delivered
O104999,2025-10-19,C1909,IT,Books,32.16,1,delivered
O100618,2025-10-19,C2110,AT,Electronics,18.29,1,delivered
O103335,2025-10-19,C2695,AT,Sports,99.48,1,delivered
O102919,2025-10-19,C1401,DE,Sports,106.84,2,delivered
O102655,2025-10-20,C1142,FR,Home,22.43,3,delivered
O101523,2025-10-20,C1369,CH,Electronics,636.84,1,delivered
O102052,2025-10-20,C2148,DE,Fashion,31.89,3,returned
O103832,2025-10-20,C2465,CH,Sports,21.91,3,delivered
O104850,2025-10-20,C2755,CH,Home,59.22,1,delivered
O103523,2025-10-20,C2051,IT,Fashion,49.55,1,delivered
O104899,2025-10-20,C1707,AT,Fashion,48.18,1,delivered
O104728,2025-10-21,C2048,CH,Electronics,488.37,1,delivered
O104910,2025-10-21,C2288,CH,Fashion,,2,delivered
O102620,2025-10-21,C1697,FR,Books,31.8,3,delivered
O104403,2025-10-21,C2737,AT,Books,18.83,3,returned
O104337,2025-10-21,C1554,CH,Books,16.39,1,delivered
O102915,2025-10-21,C1848,CH,Sports,67.17,3,delivered
O102287,2025-10-21,C1538,CH,Home,44.71,2,delivered
O101514,2025-10-21,C2160,CH,Sports,145.6,1,delivered
O100976,2025-10-21,C2770,DE,Electronics,162.83,2,delivered
O104416,2025-10-21,C1383,IT,Fashion,57.32,2,delivered
O102332,2025-10-21,C1278,DE,Fashion,86.86,3,returned
O104771,2025-10-22,C2168,CH,Electronics,86.73,3,delivered
O102753,2025-10-22,C2145,CH,Fashion,55.1,3,delivered
O104556,2025-10-22,C2137,CH,Home,147.86,1,returned
O101056,2025-10-22,C1522,FR,Fashion,46.09,3,delivered
O100875,2025-10-22,C2286,CH,Home,54.44,1,delivered
O102211,2025-10-22,C2434,CH,Home,39.72,1,delivered
O104450,2025-10-22,C2517,CH,Fashion,49.0,1,delivered
O103130,2025-10-22,C2219,CH,Electronics,142.07,3,delivered
O102455,2025-10-22,C1449,CH,Fashion,78.96,1,delivered
O101617,2025-10-22,C2639,DE,Sports,82.9,2,delivered
O100913,2025-10-22,C2513,CH,Fashion,41.13,3,delivered
O100956,2025-10-23,C2057,FR,Electronics,255.72,1,delivered
O104991,2025-10-23,C2112,FR,Sports,22.28,2,delivered
O102509,2025-10-23,C2107,DE,Fashion,39.75,2,delivered
O101003,2025-10-23,C2172,DE,Fashion,67.97,3,delivered
O100160,2025-10-23,C2185,FR,Books,35.76,1,delivered
O101721,2025-10-24,C2225,FR,Home,49.92,1,delivered
O100593,2025-10-24,C2300,FR,Books,14.32,1,delivered
O100578,2025-10-24,C2578,IT,Electronics,171.45,2,delivered
O103917,2025-10-24,C1058,IT,Home,185.18,1,delivered
O101575,2025-10-24,C2591,FR,Home,92.62,2,delivered
O102818,2025-10-24,C2404,DE,Fashion,27.71,1,delivered
O104485,2025-10-24,C1476,CH,Fashion,39.61,3,delivered
O104712,2025-10-24,C1854,CH,Home,53.15,3,delivered
O103007,2025-10-24,C1875,CH,Electronics,250.04,2,delivered
O103754,2025-10-24,C1999,CH,Electronics,1434.98,2,delivered
O100196,2025-10-25,C2074,CH,Home,67.24,1,delivered
O102114,2025-10-25,C1306,DE,Fashion,45.06,1,delivered
O101952,2025-10-25,C2160,CH,Fashion,33.72,2,returned
O102498,2025-10-25,C1993,DE,Books,27.6,2,delivered
O101219,2025-10-25,C2505,DE,Books,20.95,1,delivered
O103631,2025-10-25,C1994,FR,Fashion,79.83,1,delivered
O102772,2025-10-25,C2708,CH,Fashion,45.21,3,delivered
O101085,2025-10-25,C2068,DE,Electronics,91.32,2,delivered
O100204,2025-10-26,C1733,CH,Sports,,2,delivered
O101198,2025-10-26,C1166,DE,Electronics,556.17,1,delivered
O102581,2025-10-26,C1331,IT,Books,36.17,2,delivered
O104356,2025-10-26,C2599,DE,Electronics,60.92,3,delivered
O101333,2025-10-26,C1105,CH,Electronics,103.72,3,delivered
O101233,2025-10-26,C2013,FR,Electronics,347.53,1,delivered
O104156,2025-10-26,C2375,CH,Fashion,39.97,2,delivered
O103706,2025-10-26,C1999,FR,Fashion,156.7,3,returned
O100842,2025-10-26,C1148,DE,Electronics,76.63,3,delivered
O102796,2025-10-26,C2386,IT,Sports,64.03,3,delivered
O102827,2025-10-27,C1793,IT,Books,15.5,3,cancelled
O103937,2025-10-27,C2588,FR,Electronics,338.33,1,delivered
O100811,2025-10-27,C1289,CH,Books,23.81,3,delivered
O100047,2025-10-27,C1675,FR,Fashion,22.73,3,returned
O101346,2025-10-27,C2630,DE,Electronics,710.64,1,delivered
O101284,2025-10-27,C1017,FR,Electronics,376.11,1,returned
O102575,2025-10-27,C1547,FR,Fashion,26.22,3,delivered
O102296,2025-10-28,C2644,DE,Home,106.15,3,delivered
O103822,2025-10-28,C2186,CH,Electronics,111.74,3,delivered
O102842,2025-10-28,C1276,DE,Home,29.65,2,delivered
O104590,2025-10-28,C2361,CH,Electronics,71.23,3,delivered
O100858,2025-10-28,C1173,DE,Electronics,18.68,3,delivered
O102210,2025-10-29,C2072,AT,Electronics,55.45,3,delivered
O104983,2025-10-29,C1703,CH,Fashion,81.23,1,returned
O101933,2025-10-29,C1325,IT,Home,28.16,1,delivered
O101102,2025-10-29,C1036,DE,Fashion,32.14,3,delivered
O101885,2025-10-29,C2436,FR,Home,18.19,1,delivered
O102556,2025-10-29,C1136,DE,Books,13.75,3,delivered
O100008,2025-10-29,C1194,AT,Books,6.66,3,delivered
O104504,2025-10-29,C1762,CH,Electronics,451.23,1,delivered
O102650,2025-10-30,C1191,DE,Electronics,145.33,3,delivered
O100280,2025-10-30,C2395,CH,Books,19.25,3,delivered
O104807,2025-10-30,C1978,CH,Fashion,16.51,2,delivered
O100559,2025-10-30,C1212,CH,Books,12.77,1,returned
O100344,2025-10-30,C2666,AT,Sports,112.45,2,delivered
O100565,2025-10-30,C1903,DE,Home,62.94,1,delivered
O102237,2025-10-30,C1093,CH,Books,18.46,3,delivered
O101867,2025-10-30,C2401,CH,Home,117.84,2,delivered
O104989,2025-10-30,C1789,CH,Electronics,12.76,2,returned
O104679,2025-10-31,C2724,DE,Home,72.59,3,delivered
O104888,2025-10-31,C2169,FR,Electronics,49.99,1,delivered
O103288,2025-10-31,C2776,CH,Home,42.67,2,delivered
O102724,2025-10-31,C1479,CH,Books,33.86,1,delivered
O104528,2025-11-01,C2648,FR,Fashion,40.43,3,delivered
O101988,2025-11-01,C1167,FR,Electronics,381.47,1,delivered
O102060,2025-11-01,C2061,CH,Fashion,76.52,3,delivered
O103662,2025-11-01,C2652,CH,Fashion,51.58,3,delivered
O103615,2025-11-01,C1945,CH,Books,26.57,1,delivered
O104053,2025-11-01,C1888,DE,Fashion,31.59,3,delivered
O104653,2025-11-01,C1885,CH,Sports,54.97,2,delivered
O100153,2025-11-02,C2194,FR,Fashion,28.63,4,delivered
O101470,2025-11-02,C1765,FR,Books,12.72,2,delivered
O104300,2025-11-02,C1506,CH,Fashion,38.45,2,delivered
O102894,2025-11-02,C2672,DE,Home,46.22,2,delivered
O104871,2025-11-02,C2096,FR,Electronics,64.46,3,delivered
O103418,2025-11-02,C1880,CH,Home,35.83,3,delivered
O100948,2025-11-02,C2733,CH,Books,12.3,2,delivered
O103572,2025-11-02,C1015,DE,Books,14.28,3,delivered
O101652,2025-11-02,C2327,DE,Fashion,45.2,1,delivered
O103466,2025-11-03,C1889,CH,Home,119.4,3,delivered
O103672,2025-11-03,C2417,AT,Electronics,1068.19,1,delivered
O101026,2025-11-03,C1509,DE,Fashion,114.34,1,delivered
O103033,2025-11-03,C2596,IT,Electronics,52.69,3,delivered
O101396,2025-11-03,C1441,IT,Books,17.37,2,delivered
O102557,2025-11-03,C1110,IT,Fashion,25.48,4,delivered
O101900,2025-11-04,C1987,IT,Home,93.85,2,delivered
O103741,2025-11-04,C1533,DE,Fashion,27.84,1,delivered
O100250,2025-11-04,C2115,DE,Fashion,62.3,3,returned
O104926,2025-11-04,C1427,CH,Books,9.68,2,delivered
O100393,2025-11-04,C2291,FR,Sports,100.32,2,delivered
O102949,2025-11-04,C2471,DE,Electronics,67.3,3,delivered
O100106,2025-11-05,C1664,CH,Fashion,14.53,4,delivered
O100960,2025-11-05,C1368,IT,Home,121.34,4,delivered
O100392,2025-11-05,C2634,DE,Fashion,45.11,4,delivered
O100233,2025-11-05,C1824,DE,Electronics,97.51,2,delivered
O100305,2025-11-05,C2741,CH,Home,16.68,2,delivered
O101562,2025-11-05,C2176,FR,Home,68.14,1,delivered
O104994,2025-11-05,C1287,DE,Fashion,29.23,1,delivered
O100362,2025-11-05,C1439,DE,Home,190.76,1,delivered
O102366,2025-11-05,C1006,IT,Home,90.75,1,delivered
O100120,2025-11-06,C2407,CH,Books,28.63,2,delivered
O104364,2025-11-06,C1382,AT,Books,16.52,2,delivered
O102405,2025-11-06,C1299,DE,Electronics,286.23,3,delivered
O103156,2025-11-06,C1269,AT,Electronics,199.39,3,delivered
O104286,2025-11-06,C2538,FR,Home,50.35,4,delivered
O104075,2025-11-06,C1115,CH,Fashion,,1,delivered
O100421,2025-11-06,C2435,IT,Sports,82.57,1,delivered
O100003,2025-11-06,C1301,AT,Electronics,147.31,3,delivered
O103104,2025-11-07,C2371,DE,Fashion,98.53,4,delivered
O102432,2025-11-07,C1046,IT,Sports,20.24,3,delivered
O104634,2025-11-07,C2745,CH,Fashion,27.81,2,delivered
O102308,2025-11-07,C2772,FR,Home,31.5,3,delivered
O101143,2025-11-07,C1133,DE,Electronics,103.98,1,delivered
O103166,2025-11-07,C1400,DE,Books,31.47,2,returned
O103084,2025-11-08,C1247,CH,Sports,115.35,2,delivered
O100166,2025-11-08,C2315,FR,Home,114.32,4,delivered
O101411,2025-11-08,C2070,IT,Fashion,70.94,2,delivered
O103142,2025-11-08,C1820,DE,Fashion,29.04,2,delivered
O101858,2025-11-08,C1418,CH,Electronics,244.08,1,delivered
O103414,2025-11-08,C1362,IT,Books,16.14,1,delivered
O100551,2025-11-08,C1600,FR,Fashion,41.78,3,delivered
O102094,2025-11-08,C2455,DE,Electronics,272.22,2,delivered
O102550,2025-11-09,C1455,DE,Sports,38.17,1,delivered
O103046,2025-11-09,C1546,DE,Fashion,50.09,3,delivered
O100867,2025-11-09,C1193,IT,Sports,153.23,3,delivered
O104506,2025-11-09,C2708,CH,Electronics,98.25,2,returned
O103030,2025-11-09,C2433,FR,Fashion,50.59,3,delivered
O100398,2025-11-09,C2030,FR,Home,152.69,1,delivered
O103628,2025-11-10,C1480,AT,Fashion,65.62,2,delivered
O100762,2025-11-10,C1324,DE,Electronics,98.98,3,returned
O102440,2025-11-10,C2000,DE,Sports,23.83,3,returned
O102535,2025-11-10,C1358,CH,Fashion,47.74,3,delivered
O102043,2025-11-10,C2667,DE,Sports,97.11,3,delivered
O104718,2025-11-11,C1440,DE,Sports,63.65,1,delivered
O103385,2025-11-11,C2271,CH,Home,162.23,2,returned
O103399,2025-11-11,C2082,AT,Home,31.42,3,delivered
O100477,2025-11-11,C1962,DE,Fashion,23.27,4,delivered
O104574,2025-11-11,C1169,IT,Home,96.87,3,delivered
O103174,2025-11-11,C2018,CH,Electronics,89.75,1,delivered
O102106,2025-11-11,C1913,CH,Fashion,58.37,3,delivered
O103275,2025-11-12,C1516,CH,Fashion,63.31,4,delivered
O102654,2025-11-12,C2024,DE,Electronics,382.62,2,delivered
O101855,2025-11-12,C1185,CH,Home,60.92,3,delivered
O101402,2025-11-12,C2510,DE,Fashion,40.65,2,cancelled
O103630,2025-11-12,C1983,CH,Sports,96.96,1,delivered
O101356,2025-11-12,C1431,DE,Fashion,31.89,3,returned
O103590,2025-11-12,C2392,AT,Fashion,80.31,3,delivered
O104618,2025-11-12,C1238,FR,Fashion,62.29,2,delivered
O104026,2025-11-12,C1303,CH,Electronics,461.33,4,delivered
O103069,2025-11-13,C2375,AT,Fashion,41.0,2,delivered
O102812,2025-11-13,C1541,CH,Electronics,226.0,1,delivered
O103149,2025-11-13,C1529,CH,Electronics,473.42,2,delivered
O102089,2025-11-13,C1732,FR,Fashion,41.71,3,delivered
O102231,2025-11-13,C2290,DE,Fashion,52.2,1,delivered
O100425,2025-11-14,C1369,CH,Fashion,36.4,3,delivered
O104683,2025-11-14,C2745,AT,Electronics,91.78,1,delivered
O100863,2025-11-14,C2677,FR,Electronics,308.81,1,delivered
O100035,2025-11-14,C2582,DE,Fashion,35.26,1,delivered
O104288,2025-11-14,C2181,CH,Sports,42.46,2,delivered
O100023,2025-11-14,C2476,DE,Fashion,34.36,2,delivered
O101045,2025-11-14,C2614,CH,Books,23.82,2,delivered
O102370,2025-11-14,C2185,DE,Electronics,274.95,2,delivered
O101488,2025-11-15,C2159,FR,Books,15.95,2,delivered
O101563,2025-11-15,C2006,AT,Electronics,42.67,3,delivered
O104028,2025-11-15,C2137,DE,Electronics,183.67,3,delivered
O100707,2025-11-15,C2075,DE,Electronics,176.79,1,delivered
O101624,2025-11-15,C2774,FR,Home,85.54,2,delivered
O102780,2025-11-15,C2327,IT,Home,118.15,4,delivered
O100964,2025-11-16,C2402,IT,Books,17.44,3,returned
O104051,2025-11-16,C2201,CH,Fashion,82.53,2,delivered
O104629,2025-11-16,C2702,DE,Electronics,102.72,4,returned
O104143,2025-11-16,C2360,FR,Fashion,51.81,3,delivered
O103493,2025-11-16,C2741,CH,Fashion,69.58,3,delivered
O101848,2025-11-16,C2489,DE,Fashion,53.23,1,returned
O104859,2025-11-16,C1025,DE,Electronics,126.85,4,delivered
O102938,2025-11-16,C2218,FR,Home,83.67,1,delivered
O104405,2025-11-16,C1687,IT,Electronics,24.59,3,delivered
O103977,2025-11-17,C2419,AT,Electronics,66.16,2,delivered
O102479,2025-11-17,C1667,FR,Fashion,40.54,1,delivered
O102989,2025-11-17,C1764,DE,Electronics,40.87,1,delivered
O103235,2025-11-17,C2242,FR,Fashion,28.07,1,delivered
O101645,2025-11-17,C2585,DE,Sports,28.17,3,delivered
O101259,2025-11-17,C2608,AT,Fashion,92.4,2,delivered
O100833,2025-11-17,C1072,CH,Electronics,145.9,2,delivered
O104525,2025-11-18,C2187,CH,Electronics,207.13,3,delivered
O100995,2025-11-18,C1184,DE,Books,24.23,1,delivered
O100331,2025-11-18,C1603,DE,Home,70.26,3,delivered
O100982,2025-11-18,C2112,CH,Sports,68.93,2,delivered
O100583,2025-11-18,C1962,IT,Sports,73.72,3,delivered
O103729,2025-11-18,C1867,DE,Fashion,24.71,4,delivered
O103154,2025-11-18,C1202,CH,Electronics,91.72,2,delivered
O103310,2025-11-18,C1518,FR,Sports,79.38,2,delivered
O101713,2025-11-19,C1745,DE,Books,8.68,3,delivered
O101788,2025-11-19,C2100,DE,Electronics,122.75,3,delivered
O100586,2025-11-19,C2020,AT,Sports,86.73,2,delivered
O102256,2025-11-19,C2387,AT,Sports,211.51,1,delivered
O100612,2025-11-19,C2770,DE,Books,19.16,2,delivered
O102141,2025-11-19,C1988,DE,Electronics,234.06,2,delivered
O102330,2025-11-19,C1625,IT,Home,33.02,1,delivered
O103543,2025-11-20,C1242,AT,Home,40.72,3,returned
O100234,2025-11-20,C2232,CH,Home,147.13,3,delivered
O102394,2025-11-20,C2711,DE,Home,91.12,3,delivered
O101725,2025-11-20,C2772,CH,Fashion,67.39,4,delivered
O102698,2025-11-20,C1268,CH,Books,13.73,1,delivered
O104316,2025-11-20,C1704,CH,Electronics,264.62,3,delivered
O104206,2025-11-21,C1564,CH,Home,38.51,1,delivered
O104243,2025-11-21,C1529,CH,Home,108.97,3,delivered
O102926,2025-11-21,C2795,CH,Electronics,1205.64,2,delivered
O100595,2025-11-21,C2656,IT,Sports,62.96,4,delivered
O104976,2025-11-21,C1975,AT,Electronics,197.36,1,delivered
O101184,2025-11-21,C2266,IT,Home,77.54,2,delivered
O101622,2025-11-22,C2672,DE,Books,13.28,3,cancelled
O100855,2025-11-22,C1903,FR,Fashion,50.73,1,returned
O100396,2025-11-22,C2143,CH,Fashion,48.77,3,returned
O104950,2025-11-22,C2331,CH,Home,63.71,2,delivered
O103407,2025-11-22,C2447,IT,Sports,82.64,1,delivered
O104442,2025-11-22,C2614,CH,Fashion,31.7,3,delivered
O101955,2025-11-22,C2047,IT,Fashion,41.55,4,delivered
O101806,2025-11-22,C1914,AT,Fashion,24.43,3,delivered
O104454,2025-11-22,C1189,FR,Home,46.0,2,delivered
O102136,2025-11-22,C2744,CH,Fashion,47.81,2,delivered
O101014,2025-11-22,C1401,CH,Fashion,52.81,1,delivered
O101170,2025-11-22,C2695,FR,Home,97.76,1,delivered
O100466,2025-11-23,C2680,CH,Electronics,79.88,3,delivered
O103227,2025-11-23,C2502,CH,Fashion,23.4,3,delivered
O103888,2025-11-23,C2772,CH,Electronics,168.38,1,delivered
O104265,2025-11-23,C1691,CH,Fashion,23.36,2,delivered
O101874,2025-11-24,C1464,DE,Fashion,41.44,3,delivered
O101942,2025-11-24,C2671,CH,Fashion,41.28,3,returned
O100419,2025-11-24,C2546,CH,Fashion,26.4,4,delivered
O103632,2025-11-24,C1821,CH,Books,24.74,2,delivered
O102009,2025-11-24,C1571,FR,Sports,59.54,3,delivered
O100142,2025-11-24,C1612,AT,Books,12.0,1,delivered
O104905,2025-11-24,C1006,CH,Fashion,61.1,3,returned
O104158,2025-11-24,C2555,CH,Electronics,103.7,3,delivered
O104488,2025-11-24,C1265,DE,Home,84.0,3,delivered
O104446,2025-11-24,C2081,DE,Sports,37.9,3,delivered
O103687,2025-11-24,C1053,DE,Home,43.13,2,delivered
O104788,2025-11-24,C2685,DE,Electronics,25.86,2,delivered
O104790,2025-11-24,C2119,DE,Sports,58.6,3,delivered
O101681,2025-11-24,C2040,FR,Books,13.32,3,delivered
O103792,2025-11-24,C1989,FR,Home,59.93,1,returned
O104346,2025-11-24,C1654,CH,Fashion,54.45,2,delivered
O104045,2025-11-25,C2360,FR,Fashion,22.29,2,delivered
O103533,2025-11-25,C1245,AT,Fashion,66.83,3,delivered
O101610,2025-11-25,C1519,CH,Fashion,44.19,4,delivered
O101982,2025-11-25,C1687,DE,Books,21.36,3,delivered
O101027,2025-11-25,C1814,FR,Fashion,30.81,2,delivered
O104015,2025-11-25,C1177,DE,Electronics,364.8,2,cancelled
O100625,2025-11-25,C2572,CH,Fashion,50.49,1,delivered
O104392,2025-11-25,C2069,CH,Fashion,49.88,3,delivered
O102748,2025-11-26,C2444,CH,Electronics,222.48,3,delivered
O104389,2025-11-26,C1214,DE,Electronics,158.29,1,delivered
O104471,2025-11-26,C2617,CH,Home,65.76,2,delivered
O104635,2025-11-26,C2052,CH,Fashion,28.06,2,delivered
O104197,2025-11-26,C1315,AT,Electronics,91.69,1,returned
O104630,2025-11-26,C2641,AT,Electronics,210.34,3,delivered
O101836,2025-11-26,C1383,IT,Fashion,53.51,4,delivered
O100178,2025-11-26,C1309,DE,Home,60.06,3,returned
O103801,2025-11-26,C1140,DE,Electronics,205.04,2,delivered
O103565,2025-11-26,C1929,IT,Home,81.95,2,delivered
O104181,2025-11-26,C1494,CH,Electronics,332.02,2,delivered
O102794,2025-11-26,C1313,CH,Electronics,37.74,4,delivered
O100328,2025-11-26,C1000,CH,Sports,56.64,4,delivered
O103192,2025-11-27,C1466,CH,Home,55.27,1,delivered
O104250,2025-11-27,C1865,DE,Fashion,33.3,1,delivered
O104090,2025-11-28,C1770,AT,Fashion,105.21,1,returned
O100308,2025-11-28,C1378,CH,Sports,102.4,4,delivered
O103229,2025-11-28,C2117,CH,Sports,48.34,4,delivered
O103789,2025-11-28,C2163,CH,Home,103.51,1,delivered
O100955,2025-11-28,C1750,CH,Fashion,37.47,1,delivered
O100502,2025-11-28,C1527,CH,Books,10.94,3,delivered
O104074,2025-11-28,C2135,CH,Home,63.65,3,delivered
O104644,2025-11-29,C1878,IT,Books,6.62,2,delivered
O103602,2025-11-29,C2487,CH,Electronics,1912.05,2,delivered
O103956,2025-11-29,C1734,IT,Books,17.56,4,delivered
O104682,2025-11-29,C1560,FR,Sports,63.25,3,delivered
O104914,2025-11-29,C1339,DE,Home,58.2,3,delivered
O104875,2025-11-29,C2488,AT,Fashion,28.88,2,delivered
O103141,2025-11-29,C1662,CH,Fashion,29.87,1,delivered
O101459,2025-11-29,C2104,DE,Books,15.04,3,delivered
O103947,2025-11-29,C2205,DE,Fashion,33.5,2,delivered
O104879,2025-11-29,C1692,FR,Sports,71.57,2,delivered
O101319,2025-11-29,C2437,AT,Home,144.98,1,returned
O100443,2025-11-29,C1577,CH,Books,13.41,4,delivered
O101549,2025-11-30,C1322,CH,Books,26.2,2,delivered
O103198,2025-11-30,C2484,DE,Sports,86.48,1,delivered
O102863,2025-11-30,C2590,DE,Books,17.13,1,delivered
O101439,2025-11-30,C1551,IT,Home,179.16,2,delivered
O102228,2025-11-30,C1166,DE,Fashion,57.15,2,delivered
O102970,2025-11-30,C2151,CH,Sports,49.86,4,returned
O102565,2025-11-30,C1240,DE,Fashion,33.7,4,cancelled
O104561,2025-11-30,C1214,DE,Electronics,94.02,2,delivered
O101679,2025-11-30,C2795,DE,Sports,26.5,3,delivered
O102622,2025-11-30,C2528,CH,Home,125.35,4,delivered
O101846,2025-12-01,C1971,DE,Electronics,264.17,2,returned
O103548,2025-12-01,C1553,AT,Home,42.02,1,delivered
O104186,2025-12-01,C1279,FR,Sports,30.66,3,cancelled
O102553,2025-12-02,C2448,FR,Books,22.95,1,delivered
O100210,2025-12-02,C2595,FR,Home,45.4,1,delivered
O101080,2025-12-02,C1412,CH,Electronics,372.66,4,returned
O104647,2025-12-02,C1970,AT,Sports,172.59,2,delivered
O100542,2025-12-02,C2578,CH,Home,25.51,3,delivered
O100453,2025-12-02,C2224,CH,Electronics,373.1,3,delivered
O101323,2025-12-02,C2504,CH,Fashion,23.45,1,delivered
O101823,2025-12-03,C1323,AT,Home,110.25,2,delivered
O101538,2025-12-03,C2413,IT,Home,63.0,3,cancelled
O103092,2025-12-03,C2475,DE,Books,13.22,1,delivered
O102417,2025-12-03,C2185,FR,Fashion,48.92,3,delivered
O104605,2025-12-03,C2162,CH,Electronics,592.66,2,delivered
O100014,2025-12-03,C2156,CH,Home,74.44,1,cancelled
O102758,2025-12-03,C1798,AT,Sports,43.73,3,cancelled
O104115,2025-12-03,C1101,DE,Home,171.63,3,delivered
O104224,2025-12-03,C1589,CH,Sports,21.85,2,delivered
O104052,2025-12-03,C1675,CH,Books,25.94,4,delivered
O101325,2025-12-03,C2069,DE,Home,59.23,4,delivered
O102513,2025-12-03,C2444,DE,Electronics,60.08,2,cancelled
O100650,2025-12-03,C1988,FR,Electronics,108.72,2,delivered
O101566,2025-12-04,C1828,AT,Books,25.61,1,delivered
O102120,2025-12-04,C2298,FR,Electronics,150.36,3,delivered
O100216,2025-12-04,C1017,DE,Home,105.63,1,delivered
O101923,2025-12-04,C1438,CH,Electronics,77.8,1,delivered
O100768,2025-12-04,C2780,CH,Electronics,134.11,2,delivered
O103190,2025-12-04,C1952,CH,Electronics,436.48,4,delivered
O101547,2025-12-05,C2285,FR,Books,14.11,3,delivered
O103139,2025-12-05,C1626,DE,Electronics,68.13,1,delivered
O100187,2025-12-05,C1960,IT,Sports,119.64,4,delivered
O101801,2025-12-05,C1010,FR,Home,42.64,2,delivered
O103535,2025-12-06,C2421,DE,Fashion,50.0,2,delivered
O103724,2025-12-06,C2306,DE,Electronics,79.65,1,delivered
O100012,2025-12-06,C1294,CH,Fashion,40.38,2,delivered
O104480,2025-12-06,C1991,CH,Sports,99.9,2,delivered
O102956,2025-12-06,C1168,DE,Fashion,43.33,1,delivered
O100928,2025-12-06,C2289,IT,Electronics,99.87,1,delivered
O104425,2025-12-06,C1389,FR,Books,42.16,3,delivered
O103044,2025-12-07,C1436,FR,Fashion,45.01,2,delivered
O100341,2025-12-07,C2275,DE,Books,8.88,3,delivered
O104594,2025-12-07,C2306,DE,Electronics,150.9,3,delivered
O102603,2025-12-07,C2554,FR,Electronics,125.46,3,delivered
O101907,2025-12-07,C1560,DE,Sports,90.49,4,delivered
O104696,2025-12-07,C1645,AT,Sports,110.88,1,delivered
O102260,2025-12-07,C1097,DE,Sports,60.22,3,delivered
O100039,2025-12-07,C1568,IT,Sports,27.3,1,delivered
O102456,2025-12-07,C1160,FR,Electronics,2188.92,1,delivered
O104668,2025-12-07,C2500,DE,Books,9.36,4,delivered
O104283,2025-12-07,C1010,CH,Electronics,1311.29,3,delivered
O103788,2025-12-07,C2608,FR,Books,19.8,2,delivered
O100568,2025-12-07,C1105,DE,Home,22.19,1,delivered
O101073,2025-12-08,C1762,DE,Home,62.37,4,delivered
O101797,2025-12-08,C2179,CH,Fashion,71.95,2,delivered
O101567,2025-12-08,C1431,DE,Sports,106.87,2,delivered
O102373,2025-12-08,C1256,CH,Books,19.96,4,returned
O103986,2025-12-08,C1385,DE,Books,17.41,1,delivered
O103886,2025-12-08,C2097,DE,Fashion,17.05,2,delivered
O102382,2025-12-08,C1290,CH,Sports,52.5,2,delivered
O104499,2025-12-09,C2615,DE,Home,42.15,3,delivered
O103806,2025-12-09,C2481,CH,Fashion,19.54,3,returned
O102559,2025-12-09,C1870,IT,Fashion,67.81,3,delivered
O104413,2025-12-09,C2406,CH,Fashion,25.35,2,delivered
O103643,2025-12-09,C1270,CH,Electronics,173.01,2,delivered
O101133,2025-12-09,C2249,FR,Electronics,86.11,3,delivered
O100669,2025-12-10,C2071,CH,Electronics,97.24,2,delivered
O100045,2025-12-10,C2608,CH,Sports,198.09,2,delivered
O100849,2025-12-10,C1355,CH,Electronics,172.15,3,returned
O103821,2025-12-10,C1258,FR,Fashion,30.56,2,delivered
O104532,2025-12-10,C1585,AT,Electronics,1550.89,2,delivered
O100327,2025-12-10,C1386,FR,Fashion,20.46,2,delivered
O104223,2025-12-10,C1769,CH,Electronics,154.39,2,delivered
O100385,2025-12-11,C1713,CH,Sports,80.63,3,cancelled
O100198,2025-12-11,C2420,CH,Electronics,27.57,3,delivered
O101632,2025-12-11,C2599,AT,Home,76.21,4,delivered
O102434,2025-12-11,C1725,DE,Fashion,56.24,3,delivered
O104294,2025-12-11,C1211,FR,Sports,60.51,3,delivered
O102213,2025-12-11,C1230,CH,Sports,40.8,3,delivered
O100245,2025-12-11,C1779,DE,Fashion,46.84,1,delivered
O102649,2025-12-11,C2737,CH,Fashion,146.49,1,returned
O104799,2025-12-11,C1730,DE,Home,33.05,4,delivered
O101588,2025-12-12,C2775,CH,Home,69.96,2,delivered
O100902,2025-12-12,C1686,AT,Home,42.87,2,delivered
O100566,2025-12-12,C2121,FR,Electronics,122.02,3,delivered
O103103,2025-12-12,C2259,AT,Fashion,27.66,3,delivered
O104717,2025-12-12,C1357,FR,Fashion,76.76,2,delivered
O104951,2025-12-12,C1601,CH,Fashion,28.25,3,delivered
O102368,2025-12-13,C2704,AT,Sports,60.17,3,delivered
O100375,2025-12-13,C1737,AT,Electronics,280.11,3,delivered
O104230,2025-12-13,C1697,CH,Electronics,109.22,3,delivered
O104642,2025-12-13,C2789,DE,Books,42.87,1,delivered
O101506,2025-12-13,C1058,DE,Electronics,453.24,2,delivered
O100572,2025-12-13,C2491,FR,Fashion,87.5,1,delivered
O104960,2025-12-13,C1607,CH,Home,141.56,1,cancelled
O104168,2025-12-13,C2602,CH,Books,13.4,2,delivered
O103689,2025-12-13,C2463,DE,Electronics,172.89,2,returned
O104793,2025-12-13,C1896,FR,Fashion,33.03,2,delivered
O100978,2025-12-14,C2778,FR,Electronics,259.65,2,delivered
O103389,2025-12-14,C1849,DE,Electronics,141.18,3,delivered
O102119,2025-12-14,C2615,CH,Fashion,39.87,1,delivered
O102049,2025-12-14,C1644,DE,Fashion,43.08,3,returned
O102286,2025-12-14,C1457,CH,Sports,39.07,3,delivered
O101832,2025-12-14,C1342,CH,Sports,139.78,2,delivered
O103862,2025-12-14,C1147,AT,Sports,62.39,3,delivered
O104459,2025-12-14,C2681,CH,Fashion,38.71,3,delivered
O104306,2025-12-14,C1238,DE,Electronics,38.42,2,delivered
O103884,2025-12-14,C2659,CH,Books,16.88,2,delivered
O102602,2025-12-14,C2352,IT,Fashion,31.91,2,delivered
O103079,2025-12-15,C2332,CH,Home,45.48,3,delivered
O103337,2025-12-15,C2175,CH,Home,39.45,2,cancelled
O100267,2025-12-15,C1641,FR,Fashion,38.12,3,returned
O101524,2025-12-15,C1338,CH,Electronics,179.12,1,delivered
O101181,2025-12-15,C2735,CH,Home,57.59,2,delivered
O104515,2025-12-15,C2100,CH,Sports,89.75,3,delivered
O103709,2025-12-15,C1499,DE,Books,26.96,4,delivered
O104140,2025-12-15,C1165,DE,Home,95.71,3,delivered
O104399,2025-12-15,C1322,DE,Fashion,44.77,2,delivered
O101929,2025-12-15,C2214,DE,Sports,100.99,1,delivered
O101669,2025-12-15,C2072,IT,Fashion,56.93,3,delivered
O101222,2025-12-15,C2750,CH,Books,17.81,2,delivered
O103438,2025-12-16,C1403,DE,Fashion,14.75,4,delivered
O104676,2025-12-16,C1807,CH,Sports,91.06,4,delivered
O103089,2025-12-16,C1219,AT,Fashion,35.79,3,delivered
O104622,2025-12-16,C1422,IT,Fashion,56.65,2,delivered
O100649,2025-12-16,C1487,CH,Fashion,40.0,3,delivered
O100076,2025-12-16,C2177,CH,Fashion,35.03,1,delivered
O101269,2025-12-17,C1030,AT,Books,24.94,4,delivered
O100381,2025-12-17,C1575,CH,Home,46.06,1,delivered
O102458,2025-12-17,C2003,FR,Home,51.71,3,delivered
O101042,2025-12-17,C1531,CH,Fashion,60.27,2,delivered
O103230,2025-12-17,C2227,AT,Fashion,102.1,1,delivered
O101267,2025-12-17,C1564,CH,Sports,19.19,1,returned
O102578,2025-12-17,C2782,IT,Fashion,28.75,3,delivered
O101471,2025-12-17,C2480,DE,Books,,3,returned
O102835,2025-12-17,C1593,CH,Fashion,224.79,2,delivered
O101698,2025-12-18,C1615,DE,Sports,31.83,2,delivered
O102906,2025-12-18,C1828,DE,Books,14.29,2,cancelled
O102782,2025-12-18,C1914,CH,Home,38.39,2,delivered
O103581,2025-12-18,C1195,CH,Sports,121.76,2,returned
O100194,2025-12-18,C2563,FR,Home,111.96,2,delivered
O104447,2025-12-18,C2698,CH,Sports,39.65,2,delivered
O100894,2025-12-18,C1274,AT,Electronics,215.9,1,cancelled
O102964,2025-12-18,C1906,FR,Fashion,11.31,3,delivered
O102925,2025-12-18,C1929,CH,Home,53.67,3,delivered
O104171,2025-12-18,C1743,FR,Home,172.56,3,delivered
O103287,2025-12-18,C1362,CH,Home,55.92,1,delivered
O103162,2025-12-18,C1904,DE,Home,132.17,3,delivered
O104151,2025-12-19,C1581,DE,Books,28.09,1,delivered
O104196,2025-12-19,C1388,CH,Electronics,47.98,2,delivered
O103993,2025-12-19,C1227,DE,Sports,46.41,2,delivered
O100897,2025-12-19,C1312,DE,Fashion,28.37,1,delivered
O101257,2025-12-19,C1081,IT,Sports,104.67,2,delivered
O104582,2025-12-19,C1495,FR,Electronics,191.79,2,delivered
O100600,2025-12-19,C2751,CH,Sports,135.83,1,delivered
O104018,2025-12-19,C2455,IT,Electronics,242.86,1,delivered
O102940,2025-12-19,C2068,DE,Home,65.18,2,delivered
O101581,2025-12-19,C1049,DE,Electronics,94.97,3,delivered
O103733,2025-12-20,C1705,CH,Home,59.12,3,delivered
O103940,2025-12-20,C1374,CH,Books,11.98,1,delivered
O101602,2025-12-20,C1385,DE,Home,62.61,1,delivered
O104578,2025-12-20,C2341,DE,Home,72.66,2,delivered
O103982,2025-12-20,C2255,DE,Fashion,36.73,1,returned
O100262,2025-12-20,C1283,AT,Books,18.32,2,delivered
O101537,2025-12-20,C2225,DE,Books,29.72,3,delivered
O102802,2025-12-20,C1517,CH,Books,,3,delivered
O103453,2025-12-20,C1595,FR,Electronics,156.09,3,delivered
O103661,2025-12-20,C2118,DE,Fashion,23.05,3,delivered
O101384,2025-12-20,C1469,AT,Books,14.43,3,delivered
O102230,2025-12-20,C2453,CH,Home,51.19,2,delivered
O103869,2025-12-20,C2527,FR,Home,104.47,2,delivered
O104954,2025-12-20,C2205,DE,Fashion,45.83,1,delivered
O104831,2025-12-20,C2178,FR,Books,35.58,3,delivered
O103753,2025-12-20,C1327,CH,Sports,40.81,1,delivered
O101463,2025-12-20,C1427,DE,Fashion,92.86,2,delivered
O101968,2025-12-20,C2372,CH,Sports,68.13,3,delivered
O104119,2025-12-20,C2772,DE,Sports,97.16,2,delivered
O101364,2025-12-21,C2068,DE,Electronics,338.39,1,delivered
O103071,2025-12-21,C2227,DE,Fashion,51.63,4,delivered
O103520,2025-12-21,C1450,AT,Fashion,51.53,3,delivered
O103603,2025-12-21,C2027,DE,Home,63.13,2,delivered
O104686,2025-12-21,C1321,AT,Books,24.63,3,delivered
O103719,2025-12-21,C2354,DE,Fashion,50.4,3,delivered
O103642,2025-12-21,C2562,DE,Home,56.7,1,returned
O103979,2025-12-22,C1856,DE,Home,65.37,1,returned
O104661,2025-12-22,C1044,CH,Fashion,68.08,1,delivered
O104277,2025-12-22,C2776,CH,Fashion,42.29,3,delivered
O103123,2025-12-22,C1127,AT,Electronics,62.24,1,delivered
O100306,2025-12-22,C2049,CH,Electronics,132.95,2,delivered
O103180,2025-12-22,C2644,DE,Home,34.22,3,delivered
O101871,2025-12-22,C1628,CH,Fashion,20.51,1,delivered
O103811,2025-12-22,C1080,CH,Books,15.14,1,delivered
O102806,2025-12-23,C2052,CH,Home,20.52,1,returned
O100809,2025-12-23,C2248,CH,Fashion,37.45,2,delivered
O100346,2025-12-23,C2061,FR,Home,50.22,3,delivered
O102039,2025-12-23,C1638,FR,Electronics,231.36,3,delivered
O100967,2025-12-23,C2230,CH,Home,22.6,2,delivered
O102445,2025-12-23,C1711,CH,Electronics,,4,delivered
O103747,2025-12-23,C1484,IT,Fashion,69.59,2,returned
O100966,2025-12-23,C2622,FR,Home,69.44,1,delivered
O100515,2025-12-23,C2287,CH,Electronics,212.46,2,delivered
O102716,2025-12-24,C2042,IT,Fashion,33.77,1,delivered
O100732,2025-12-24,C2227,IT,Fashion,87.91,2,delivered
O104745,2025-12-24,C1038,IT,Fashion,23.4,2,returned
O102097,2025-12-24,C2756,CH,Electronics,396.85,4,delivered
O103736,2025-12-24,C2233,CH,Sports,71.18,3,delivered
O100801,2025-12-24,C1353,FR,Home,63.68,1,delivered
O101561,2025-12-24,C2643,DE,Books,21.26,3,delivered
O104157,2025-12-24,C1109,FR,Fashion,41.02,3,delivered
O101539,2025-12-25,C2693,CH,Books,7.29,4,delivered
O100657,2025-12-25,C2720,CH,Fashion,47.87,3,returned
O103247,2025-12-25,C2424,CH,Electronics,91.49,1,delivered
O104530,2025-12-25,C1292,DE,Fashion,26.3,4,delivered
O102574,2025-12-25,C1412,FR,Books,18.27,2,delivered
O101996,2025-12-25,C1112,CH,Fashion,50.35,1,delivered
O102278,2025-12-25,C1020,DE,Books,25.16,2,delivered
O102540,2025-12-25,C2260,FR,Home,35.13,2,delivered
O102992,2025-12-26,C1221,DE,Sports,73.54,1,delivered
O100522,2025-12-26,C1702,DE,Books,18.46,4,delivered
O104887,2025-12-26,C1201,CH,Home,39.66,4,delivered
O101403,2025-12-26,C2705,DE,Electronics,117.17,1,cancelled
O102610,2025-12-26,C1686,CH,Books,34.14,1,delivered
O104906,2025-12-26,C2519,DE,Fashion,45.26,2,delivered
O102322,2025-12-26,C1610,CH,Sports,95.35,3,delivered
O102883,2025-12-26,C1000,DE,Home,75.94,2,delivered
O101374,2025-12-26,C1789,CH,Books,32.02,3,delivered
O101491,2025-12-26,C1871,IT,Home,99.59,3,delivered
O101616,2025-12-27,C2648,CH,Books,8.0,3,delivered
O103024,2025-12-27,C2370,DE,Books,7.56,4,delivered
O102007,2025-12-27,C1981,CH,Sports,129.84,3,returned
O100598,2025-12-27,C2312,DE,Fashion,54.44,2,returned
O103446,2025-12-27,C2629,FR,Home,56.15,2,delivered
O101348,2025-12-27,C1235,DE,Books,45.37,1,returned
O102537,2025-12-27,C1936,AT,Electronics,126.75,1,delivered
O103460,2025-12-27,C1160,CH,Fashion,89.24,1,delivered
O101013,2025-12-27,C2360,AT,Home,92.98,4,delivered
O102994,2025-12-27,C1077,CH,Home,108.7,4,delivered
O103677,2025-12-27,C2701,CH,Books,21.97,2,delivered
O102187,2025-12-28,C1826,DE,Fashion,73.54,3,cancelled
O101529,2025-12-28,C1616,CH,Books,23.1,2,delivered
O101232,2025-12-28,C1545,CH,Books,11.71,3,delivered
O100581,2025-12-28,C1674,CH,Fashion,132.49,3,delivered
O101475,2025-12-28,C1348,FR,Books,35.6,3,delivered
O103614,2025-12-28,C2147,CH,Sports,120.7,1,delivered
O102014,2025-12-28,C2756,AT,Electronics,232.49,2,delivered
O101928,2025-12-28,C1342,DE,Sports,59.0,3,delivered
O104722,2025-12-28,C2778,DE,Sports,120.18,2,delivered
O101925,2025-12-28,C1740,CH,Fashion,85.42,2,cancelled
O101813,2025-12-28,C2113,AT,Home,64.6,3,returned
O102918,2025-12-28,C2072,CH,Home,38.94,4,delivered
O104763,2025-12-28,C2751,CH,Home,34.15,3,delivered
O104441,2025-12-29,C2517,CH,Home,96.56,2,cancelled
O100836,2025-12-29,C2718,FR,Home,39.55,3,delivered
O100747,2025-12-29,C2406,DE,Fashion,58.59,2,delivered
O102843,2025-12-30,C2740,AT,Electronics,179.35,3,delivered
O103740,2025-12-30,C2443,DE,Home,50.5,4,delivered
O101972,2025-12-30,C1740,FR,Books,9.46,2,delivered
O101619,2025-12-30,C2761,CH,Home,15.36,1,returned
O104723,2025-12-30,C2539,FR,Books,33.6,3,delivered
O102619,2025-12-30,C2649,CH,Fashion,39.79,2,delivered
O101275,2025-12-31,C2659,DE,Electronics,105.41,2,delivered
O102799,2025-12-31,C2380,DE,Home,39.18,2,delivered
O100111,2025-12-31,C1164,FR,Sports,105.53,3,delivered
O101165,2025-12-31,C2195,DE,Fashion,60.17,4,delivered
O100722,2025-12-31,C1918,CH,Home,41.95,1,delivered
O101220,2025-12-31,C1192,IT,Electronics,381.98,2,delivered
O103097,2026-01-01,C2747,DE,Home,64.64,3,delivered
O104298,2026-01-01,C1023,DE,Sports,177.81,3,delivered
O100004,2026-01-01,C1623,CH,Books,36.07,3,delivered
O101750,2026-01-01,C2222,CH,Electronics,182.8,2,delivered
O102644,2026-01-01,C2782,CH,Home,138.19,2,delivered
O104782,2026-01-01,C1730,CH,Fashion,34.5,2,delivered
O102375,2026-01-01,C2253,CH,Home,42.41,2,delivered
O103182,2026-01-01,C1515,DE,Home,112.26,3,delivered
O103844,2026-01-01,C1387,CH,Fashion,46.14,1,delivered
O104908,2026-01-01,C1365,FR,Sports,65.9,3,delivered
O104818,2026-01-02,C1757,IT,Electronics,66.87,2,delivered
O104834,2026-01-02,C2633,CH,Fashion,44.12,2,delivered
O101493,2026-01-02,C1988,CH,Fashion,41.8,3,delivered
O102030,2026-01-02,C2418,CH,Fashion,43.72,2,returned
O104625,2026-01-02,C2492,FR,Fashion,20.34,1,delivered
O103486,2026-01-02,C2664,DE,Home,32.68,3,delivered
O103795,2026-01-02,C1555,DE,Electronics,182.08,2,delivered
O101490,2026-01-02,C1830,IT,Fashion,86.53,3,returned
O100290,2026-01-02,C2216,DE,Fashion,27.84,2,delivered
O100051,2026-01-02,C1122,DE,Fashion,24.84,2,delivered
O101460,2026-01-02,C1447,DE,Sports,50.79,2,delivered
O100998,2026-01-02,C2140,CH,Home,55.36,3,delivered
O100596,2026-01-02,C2248,CH,Books,9.4,1,delivered
O100642,2026-01-03,C2509,DE,Electronics,547.44,3,delivered
O102274,2026-01-03,C1885,CH,Fashion,30.59,3,delivered
O100054,2026-01-03,C2724,FR,Electronics,283.37,1,delivered
O100623,2026-01-03,C2640,CH,Fashion,57.14,3,delivered
O103254,2026-01-03,C1625,FR,Electronics,157.83,3,delivered
O103263,2026-01-03,C2632,CH,Home,51.98,1,returned
O101029,2026-01-04,C1413,AT,Fashion,42.5,2,delivered
O104931,2026-01-04,C1986,DE,Home,85.63,1,delivered
O100571,2026-01-04,C2429,DE,Books,16.88,3,delivered
O100535,2026-01-04,C1524,CH,Fashion,53.98,1,delivered
O103436,2026-01-04,C1341,FR,Home,61.2,1,delivered
O102028,2026-01-04,C2304,IT,Home,73.71,3,delivered
O100887,2026-01-04,C1985,AT,Fashion,80.66,2,delivered
O101611,2026-01-05,C2314,DE,Fashion,57.21,1,delivered
O104323,2026-01-05,C2035,CH,Books,23.4,1,delivered
O102977,2026-01-05,C1396,DE,Electronics,492.48,1,delivered
O101240,2026-01-05,C1804,IT,Home,57.06,1,delivered
O102215,2026-01-05,C2053,FR,Books,18.37,2,cancelled
O103106,2026-01-05,C2512,DE,Sports,64.73,1,delivered
O101151,2026-01-05,C2763,FR,Fashion,30.59,3,delivered
O102433,2026-01-05,C2081,DE,Books,16.5,2,delivered
O101641,2026-01-05,C2731,DE,Home,86.21,2,delivered
O104789,2026-01-05,C1673,DE,Home,36.8,1,returned
O103965,2026-01-05,C1778,DE,Books,8.08,3,delivered
O103557,2026-01-06,C2079,DE,Home,48.49,3,delivered
O103090,2026-01-06,C1733,IT,Electronics,159.03,2,delivered
O100834,2026-01-06,C2703,CH,Home,125.25,2,delivered
O101591,2026-01-06,C2143,DE,Electronics,116.41,3,delivered
O101621,2026-01-06,C1400,DE,Fashion,46.87,3,delivered
O103090,2026-01-06,C1733,IT,Electronics,159.03,2,delivered
O101040,2026-01-07,C2640,FR,Books,21.68,3,delivered
O104176,2026-01-07,C2664,AT,Sports,109.23,1,delivered
O104345,2026-01-07,C2085,IT,Sports,83.65,2,delivered
O100904,2026-01-07,C2571,AT,Books,22.42,3,delivered
O102634,2026-01-07,C1052,DE,Books,22.54,2,delivered
O100637,2026-01-07,C1692,IT,Sports,26.65,2,delivered
O103782,2026-01-07,C2778,IT,Home,32.46,1,delivered
O100584,2026-01-07,C2768,CH,Sports,97.03,1,delivered
O102078,2026-01-07,C1270,IT,Electronics,261.0,1,delivered
O100135,2026-01-07,C2017,DE,Home,23.62,3,delivered
O102876,2026-01-08,C2198,DE,Fashion,59.35,2,delivered
O100756,2026-01-08,C2682,DE,Home,261.47,2,delivered
O104662,2026-01-08,C2387,DE,Sports,39.0,2,delivered
O102150,2026-01-08,C1584,DE,Home,22.93,1,delivered
O102380,2026-01-08,C1706,DE,Home,58.94,2,returned
O103328,2026-01-08,C1336,DE,Books,13.2,3,delivered
O101714,2026-01-08,C1115,CH,Sports,70.13,2,delivered
O101553,2026-01-08,C1003,AT,Sports,107.67,1,delivered
O104943,2026-01-08,C1876,CH,Fashion,112.33,3,delivered
O103851,2026-01-08,C2657,DE,Electronics,15.81,3,delivered
O100005,2026-01-08,C2606,FR,Home,77.51,2,returned
O102173,2026-01-09,C2048,AT,Electronics,80.33,2,delivered
O100311,2026-01-09,C2419,IT,Electronics,115.61,3,delivered
O104747,2026-01-09,C1420,CH,Fashion,32.15,1,delivered
O104322,2026-01-09,C2439,CH,Fashion,155.68,1,delivered
O104410,2026-01-09,C1986,FR,Home,80.85,1,delivered
O102336,2026-01-09,C1981,DE,Fashion,97.9,3,delivered
O100666,2026-01-09,C2480,IT,Home,68.36,1,delivered
O104025,2026-01-09,C1618,DE,Electronics,117.3,3,delivered
O104945,2026-01-09,C1371,DE,Home,52.24,1,cancelled
O102423,2026-01-09,C1488,DE,Sports,125.2,1,delivered
O101305,2026-01-09,C2556,CH,Sports,38.59,3,delivered
O101283,2026-01-09,C1735,CH,Home,81.13,3,returned
O103392,2026-01-10,C2125,IT,Books,49.09,3,delivered
O103756,2026-01-10,C1414,CH,Electronics,42.14,3,delivered
O104777,2026-01-10,C1803,IT,Fashion,67.22,1,delivered
O102808,2026-01-10,C1857,IT,Fashion,44.61,1,delivered
O101946,2026-01-10,C1593,FR,Books,21.0,2,delivered
O103791,2026-01-10,C2104,AT,Home,27.27,2,delivered
O102933,2026-01-10,C1220,CH,Fashion,37.51,3,delivered
O101405,2026-01-11,C1462,CH,Electronics,51.88,1,delivered
O100309,2026-01-11,C1431,CH,Electronics,1475.04,2,delivered
O104395,2026-01-11,C1461,DE,Fashion,37.08,2,delivered
O102023,2026-01-12,C1470,FR,Fashion,53.69,1,delivered
O101199,2026-01-12,C2287,IT,Home,40.73,1,delivered
O104412,2026-01-12,C2796,CH,Electronics,158.31,3,delivered
O104690,2026-01-12,C1472,CH,Electronics,196.82,1,delivered
O101633,2026-01-12,C2259,FR,Sports,72.17,1,delivered
O104826,2026-01-12,C1854,FR,Books,9.85,2,delivered
O102468,2026-01-12,C1392,IT,Fashion,46.36,2,delivered
O103890,2026-01-12,C1353,CH,Electronics,151.2,3,returned
O103503,2026-01-13,C2229,DE,Home,28.19,3,delivered
O100861,2026-01-13,C2120,DE,Home,169.84,3,returned
O102177,2026-01-13,C2791,DE,Electronics,301.87,2,delivered
O102866,2026-01-13,C2019,CH,Home,137.8,2,delivered
O104505,2026-01-13,C1243,FR,Home,18.82,3,delivered
O103057,2026-01-13,C2106,CH,Electronics,835.64,1,delivered
O104787,2026-01-14,C2267,CH,Home,61.4,3,delivered
O100648,2026-01-14,C1195,DE,Electronics,134.34,3,delivered
O101444,2026-01-14,C2430,IT,Electronics,142.58,2,delivered
O100489,2026-01-14,C1791,CH,Home,88.63,2,delivered
O102793,2026-01-14,C1620,CH,Fashion,50.1,1,delivered
O100237,2026-01-14,C2325,IT,Books,9.2,2,delivered
O103145,2026-01-14,C1198,DE,Electronics,219.08,2,delivered
O100288,2026-01-14,C1486,FR,Fashion,47.16,1,delivered
O101948,2026-01-14,C2267,DE,Sports,30.89,3,delivered
O101607,2026-01-14,C2551,DE,Electronics,31.77,3,delivered
O100080,2026-01-15,C2260,DE,Fashion,43.43,3,delivered
O104628,2026-01-15,C2609,AT,Fashion,40.62,3,delivered
O104041,2026-01-15,C2793,DE,Electronics,196.4,2,delivered
O101417,2026-01-15,C1133,CH,Electronics,176.36,1,delivered
O102138,2026-01-15,C2148,DE,Electronics,1028.86,3,returned
O100818,2026-01-15,C2323,CH,Electronics,1668.19,2,delivered
O103648,2026-01-15,C2450,CH,Electronics,53.8,2,delivered
O102714,2026-01-15,C1876,IT,Sports,126.76,2,delivered
O103653,2026-01-16,C1761,FR,Fashion,22.64,1,delivered
O100779,2026-01-16,C2169,DE,Home,121.36,3,delivered
O101663,2026-01-16,C2093,CH,Books,20.08,2,delivered
O102181,2026-01-16,C2701,FR,Books,15.2,1,delivered
O103892,2026-01-16,C2539,AT,Electronics,245.37,1,delivered
O104344,2026-01-16,C2299,CH,Books,17.06,2,delivered
O103027,2026-01-17,C2130,DE,Electronics,196.57,3,delivered
O104449,2026-01-17,C2083,CH,Home,57.11,2,delivered
O101820,2026-01-17,C2684,DE,Home,150.7,1,delivered
O103085,2026-01-17,C1829,DE,Fashion,45.68,2,delivered
O102175,2026-01-17,C1016,CH,Home,61.35,3,delivered
O103763,2026-01-17,C2292,CH,Books,35.59,1,delivered
O101648,2026-01-18,C2384,FR,Home,59.26,2,returned
O102924,2026-01-18,C2207,DE,Electronics,241.05,2,delivered
O101132,2026-01-18,C1908,CH,Electronics,264.61,1,returned
O103122,2026-01-18,C2191,DE,Electronics,68.38,3,delivered
O100338,2026-01-18,C1071,CH,Electronics,114.74,2,delivered
O104002,2026-01-18,C2313,DE,Sports,107.57,1,delivered
O100841,2026-01-18,C1640,DE,Home,40.1,1,delivered
O100415,2026-01-18,C1930,IT,Electronics,56.66,3,delivered
O102855,2026-01-18,C1379,DE,Electronics,54.94,3,returned
O101132,2026-01-18,C1908,CH,Electronics,264.61,1,returned
O104094,2026-01-19,C1178,CH,Sports,53.12,2,delivered
O104185,2026-01-19,C1821,AT,Home,51.45,1,delivered
O102936,2026-01-19,C1430,CH,Fashion,12.92,3,delivered
O101378,2026-01-19,C2658,CH,Books,8.96,3,delivered
O100405,2026-01-19,C2656,DE,Home,31.0,1,delivered
O101722,2026-01-19,C2632,DE,Books,11.75,2,delivered
O103609,2026-01-19,C1888,DE,Electronics,639.69,3,delivered
O101089,2026-01-19,C2446,DE,Electronics,113.67,2,delivered
O101072,2026-01-19,C1354,CH,Fashion,81.9,3,delivered
O102224,2026-01-19,C2131,CH,Fashion,28.98,2,returned
O101912,2026-01-19,C2034,CH,Sports,59.4,3,delivered
O102635,2026-01-20,C2132,DE,Home,63.76,3,delivered
O102554,2026-01-20,C1933,DE,Books,17.34,2,delivered
O102939,2026-01-20,C1577,CH,Sports,89.13,1,delivered
O103300,2026-01-20,C1567,DE,Electronics,332.35,2,delivered
O102832,2026-01-20,C1798,CH,Sports,89.23,2,delivered
O101065,2026-01-20,C1867,CH,Sports,95.06,1,delivered
O104060,2026-01-21,C1570,AT,Electronics,351.66,1,returned
O100019,2026-01-21,C2290,CH,Sports,34.83,2,delivered
O103467,2026-01-21,C1334,IT,Electronics,628.6,2,delivered
O100315,2026-01-21,C1567,IT,Electronics,54.03,3,delivered
O102350,2026-01-21,C2167,AT,Fashion,86.35,2,delivered
O102313,2026-01-21,C2711,DE,Sports,65.72,2,delivered
O103206,2026-01-21,C2652,CH,Home,105.84,2,delivered
O102934,2026-01-21,C1949,AT,Home,64.62,2,delivered
O103571,2026-01-22,C1132,IT,Home,48.31,2,delivered
O100778,2026-01-22,C2013,CH,Home,207.33,3,delivered
O101688,2026-01-22,C1806,CH,Fashion,25.2,1,returned
O101649,2026-01-22,C2519,AT,Electronics,54.41,1,delivered
O102369,2026-01-22,C2404,AT,Sports,75.03,2,delivered
O104110,2026-01-22,C2239,DE,Sports,274.22,2,delivered
O100671,2026-01-22,C2128,CH,Home,22.4,2,delivered
O102951,2026-01-22,C1747,AT,Books,20.61,2,delivered
O101940,2026-01-23,C2483,DE,Fashion,35.72,1,delivered
O102680,2026-01-23,C2692,DE,Sports,46.85,3,delivered
O101808,2026-01-23,C1954,CH,Books,9.93,3,delivered
O100464,2026-01-23,C1425,CH,Fashion,82.15,2,delivered
O102357,2026-01-23,C1089,CH,Books,13.37,3,delivered
O102971,2026-01-23,C2678,DE,Electronics,266.04,3,delivered
O104606,2026-01-23,C1459,DE,Electronics,212.68,2,delivered
O102606,2026-01-23,C1108,DE,Home,43.78,3,cancelled
O101136,2026-01-23,C2744,IT,Fashion,42.26,2,delivered
O100090,2026-01-23,C1651,DE,Home,207.05,2,delivered
O101059,2026-01-23,C1694,DE,Sports,121.56,3,delivered
O104043,2026-01-24,C2738,DE,Sports,133.63,3,delivered
O103960,2026-01-24,C1257,DE,Sports,65.75,1,delivered
O100945,2026-01-24,C1991,AT,Books,6.52,2,delivered
O104407,2026-01-24,C2557,DE,Sports,157.11,1,delivered
O100494,2026-01-24,C1328,CH,Fashion,86.24,2,delivered
O100199,2026-01-24,C2355,DE,Home,87.78,1,delivered
O103199,2026-01-25,C2565,CH,Sports,80.64,1,returned
O101852,2026-01-25,C2357,CH,Electronics,119.69,2,delivered
O101230,2026-01-25,C2624,CH,Sports,296.16,1,delivered
O103256,2026-01-25,C2217,AT,Fashion,31.15,3,delivered
O101852,2026-01-25,C2357,CH,Electronics,119.69,2,delivered
O104939,2026-01-25,C1463,DE,Fashion,24.04,2,delivered
O101565,2026-01-25,C1609,DE,Fashion,44.54,1,delivered
O101534,2026-01-26,C2025,CH,Home,39.75,2,delivered
O104270,2026-01-26,C1839,CH,Home,53.26,1,delivered
O102135,2026-01-26,C1971,FR,Home,61.41,2,delivered
O100843,2026-01-26,C1213,CH,Sports,164.9,1,returned
O100324,2026-01-26,C2080,DE,Home,134.01,3,delivered
O101292,2026-01-26,C1147,DE,Sports,66.66,1,delivered
O103819,2026-01-26,C1715,FR,Home,115.34,1,delivered
O102880,2026-01-26,C1177,DE,Fashion,31.06,3,delivered
O104862,2026-01-26,C1988,AT,Fashion,58.49,3,delivered
O102492,2026-01-27,C1507,CH,Home,27.9,2,delivered
O103036,2026-01-27,C1369,FR,Electronics,139.13,3,delivered
O103542,2026-01-27,C2202,AT,Electronics,525.07,3,delivered
O103087,2026-01-27,C1989,IT,Home,31.98,3,delivered
O103203,2026-01-27,C2540,DE,Fashion,21.44,1,delivered
O100752,2026-01-27,C2059,FR,Fashion,82.58,1,delivered
O101908,2026-01-27,C1119,DE,Home,72.11,2,returned
O104221,2026-01-27,C2101,IT,Home,36.94,3,delivered
O102601,2026-01-27,C2454,FR,Home,57.29,1,delivered
O103324,2026-01-27,C1016,DE,Books,17.26,3,returned
O101705,2026-01-27,C1863,DE,Books,49.49,1,delivered
O104377,2026-01-28,C1308,DE,Home,55.83,2,delivered
O103262,2026-01-28,C2792,FR,Books,22.95,2,cancelled
O102008,2026-01-28,C1926,CH,Electronics,298.64,2,delivered
O103341,2026-01-28,C2467,CH,Sports,85.78,3,delivered
O102137,2026-01-28,C2341,IT,Fashion,43.34,2,delivered
O104984,2026-01-28,C2072,CH,Home,151.44,1,delivered
O100983,2026-01-28,C1299,FR,Books,21.5,3,delivered
O100226,2026-01-28,C1634,CH,Home,95.05,2,delivered
O101379,2026-01-28,C1465,IT,Sports,91.19,2,delivered
O104812,2026-01-29,C2355,FR,Books,33.28,1,delivered
O102170,2026-01-29,C2379,CH,Electronics,443.27,3,delivered
O100905,2026-01-29,C1175,DE,Electronics,125.55,1,returned
O101489,2026-01-29,C1533,IT,Books,13.91,2,delivered
O103143,2026-01-29,C2325,FR,Books,10.31,3,returned
O103920,2026-01-29,C2582,DE,Fashion,29.0,3,delivered
O101140,2026-01-29,C1000,FR,Fashion,39.47,2,delivered
O103770,2026-01-29,C1227,CH,Electronics,503.03,2,returned
O102523,2026-01-29,C2446,FR,Home,70.51,2,delivered
O104266,2026-01-29,C1078,CH,Home,91.66,1,delivered
O104386,2026-01-29,C2726,DE,Electronics,73.54,1,delivered
O102711,2026-01-29,C2341,DE,Home,22.88,1,delivered
O104318,2026-01-29,C2071,CH,Home,64.04,3,delivered
O102341,2026-01-29,C1780,CH,Home,53.36,2,cancelled
O101932,2026-01-29,C2024,AT,Home,146.5,3,delivered
O101745,2026-01-29,C1738,IT,Fashion,29.24,1,delivered
O103883,2026-01-30,C2271,CH,Home,41.88,2,delivered
O104885,2026-01-30,C2235,IT,Home,40.68,2,delivered
O101458,2026-01-30,C1481,AT,Electronics,74.46,1,delivered
O103798,2026-01-30,C1049,DE,Electronics,110.47,1,delivered
O104817,2026-01-30,C2719,CH,Home,98.43,1,delivered
O102240,2026-01-30,C2064,FR,Electronics,156.63,3,delivered
O100351,2026-01-30,C2468,DE,Electronics,292.88,3,delivered
O103833,2026-01-30,C1990,CH,Electronics,154.13,2,delivered
O104979,2026-01-30,C2758,FR,Home,17.33,2,delivered
O100229,2026-01-30,C1138,AT,Sports,80.74,3,delivered
O100247,2026-01-30,C2676,FR,Home,49.66,1,delivered
O102212,2026-01-30,C1608,CH,Home,23.34,2,returned
O101161,2026-01-30,C2173,FR,Fashion,44.59,1,delivered
O101268,2026-01-30,C1830,CH,Home,20.36,3,delivered
O101528,2026-01-30,C1575,CH,Books,15.39,1,delivered
O102045,2026-01-30,C1451,CH,Sports,39.59,2,delivered
O103032,2026-01-31,C1868,CH,Electronics,226.73,3,delivered
O102854,2026-01-31,C1939,FR,Home,47.95,1,delivered
O103863,2026-01-31,C2330,DE,Fashion,49.82,1,delivered
O103668,2026-01-31,C1992,CH,Sports,78.75,3,delivered
O103168,2026-01-31,C1506,FR,Electronics,283.06,2,delivered
O102671,2026-01-31,C2700,CH,Books,20.97,3,delivered
O100620,2026-01-31,C1496,FR,Home,62.24,2,delivered
O104880,2026-01-31,C1653,CH,Fashion,19.6,1,delivered
O100242,2026-01-31,C2724,DE,Books,25.58,2,delivered
O103428,2026-02-01,C2202,DE,Home,85.46,1,delivered
O101037,2026-02-01,C2044,IT,Fashion,33.55,3,delivered
O102269,2026-02-01,C1849,DE,Electronics,113.73,2,delivered
O100214,2026-02-01,C1830,IT,Home,70.65,3,delivered
O104811,2026-02-01,C2430,CH,Sports,57.92,3,delivered
O103978,2026-02-01,C2161,FR,Home,19.49,2,delivered
O103140,2026-02-01,C1197,DE,Home,64.38,1,delivered
O102996,2026-02-01,C2090,CH,Sports,81.8,3,delivered
O104104,2026-02-02,C2596,AT,Electronics,134.77,2,returned
O101208,2026-02-02,C2766,DE,Fashion,57.58,3,cancelled
O101894,2026-02-02,C1219,CH,Sports,40.27,1,delivered
O100874,2026-02-02,C2560,FR,Electronics,302.72,1,delivered
O101571,2026-02-02,C1517,IT,Fashion,99.0,3,delivered
O104469,2026-02-02,C1512,AT,Fashion,49.61,1,cancelled
O103941,2026-02-02,C2799,CH,Home,134.45,2,delivered
O104522,2026-02-02,C2272,CH,Electronics,436.38,3,delivered
O104900,2026-02-03,C2519,DE,Fashion,70.85,3,delivered
O101168,2026-02-03,C2154,CH,Books,10.89,1,delivered
O102276,2026-02-03,C2401,CH,Home,47.79,2,returned
O101432,2026-02-03,C2703,CH,Books,43.71,2,delivered
O100251,2026-02-03,C2567,AT,Books,11.3,3,delivered
O100859,2026-02-03,C2222,FR,Home,52.98,3,delivered
O103400,2026-02-03,C2196,AT,Home,36.87,2,delivered
O103282,2026-02-03,C2132,AT,Home,111.68,1,delivered
O101442,2026-02-03,C2532,FR,Home,37.96,3,delivered
O101358,2026-02-03,C1879,DE,Home,64.09,1,delivered
O104370,2026-02-03,C2593,CH,Fashion,37.79,1,delivered
O102522,2026-02-03,C1254,IT,Home,34.1,1,delivered
O100359,2026-02-04,C2734,DE,Fashion,23.06,3,delivered
O100128,2026-02-04,C2678,CH,Electronics,660.03,3,delivered
O103409,2026-02-04,C1981,CH,Books,11.2,3,returned
O103627,2026-02-04,C1875,AT,Electronics,56.26,3,delivered
O103308,2026-02-05,C2091,AT,Fashion,78.42,2,delivered
O100890,2026-02-05,C1892,DE,Sports,78.32,3,returned
O101640,2026-02-05,C1122,CH,Home,138.39,3,delivered
O102821,2026-02-05,C2410,DE,Home,150.18,3,delivered
O103197,2026-02-05,C2291,DE,Electronics,545.42,2,delivered
O101975,2026-02-05,C1802,CH,Fashion,129.85,3,delivered
O102443,2026-02-06,C1803,DE,Fashion,42.47,1,delivered
O101190,2026-02-06,C1954,CH,Home,84.05,1,delivered
O101221,2026-02-06,C1085,AT,Books,14.89,1,delivered
O101294,2026-02-06,C2420,IT,Books,11.32,3,delivered
O103312,2026-02-06,C1067,CH,Fashion,39.95,1,cancelled
O101699,2026-02-06,C1199,CH,Books,23.41,3,delivered
O101398,2026-02-06,C2692,CH,Home,51.2,3,cancelled
O103348,2026-02-06,C1199,DE,Fashion,42.29,2,delivered
O104764,2026-02-06,C1801,IT,Home,46.45,3,returned
O100352,2026-02-07,C1819,DE,Electronics,82.08,2,delivered
O100742,2026-02-07,C1883,CH,Fashion,43.96,2,delivered
O104116,2026-02-07,C2097,AT,Home,50.62,3,delivered
O100860,2026-02-07,C1563,CH,Sports,46.57,2,cancelled
O104081,2026-02-07,C1943,CH,Home,116.31,1,delivered
O102309,2026-02-07,C1508,DE,Fashion,38.76,3,delivered
O104958,2026-02-07,C2015,CH,Home,48.32,2,delivered
O100390,2026-02-07,C1183,CH,Fashion,107.87,1,delivered
O102868,2026-02-07,C1649,AT,Electronics,837.64,1,delivered
O104761,2026-02-07,C1302,FR,Electronics,603.12,3,delivered
O102491,2026-02-07,C1809,FR,Books,22.08,2,delivered
O103128,2026-02-07,C1948,CH,Electronics,120.17,1,delivered
O101833,2026-02-08,C1892,IT,Electronics,722.14,2,delivered
O102500,2026-02-08,C2599,AT,Home,126.01,1,delivered
O101462,2026-02-08,C1227,AT,Electronics,52.76,2,delivered
O101282,2026-02-08,C1872,DE,Electronics,519.94,1,delivered
O102179,2026-02-08,C1680,CH,Home,47.67,3,delivered
O101712,2026-02-09,C2324,IT,Home,50.8,3,delivered
O102299,2026-02-09,C1184,CH,Electronics,265.48,3,delivered
O103722,2026-02-09,C2597,CH,Electronics,129.26,2,delivered
O102295,2026-02-09,C2548,CH,Electronics,80.37,2,delivered
O102891,2026-02-09,C2147,IT,Fashion,73.71,1,delivered
O102976,2026-02-09,C1354,DE,Electronics,119.71,1,cancelled
O103093,2026-02-10,C1983,DE,Home,73.24,2,delivered
O102689,2026-02-10,C1028,IT,Electronics,474.64,2,delivered
O101850,2026-02-10,C2010,DE,Home,96.65,1,returned
O104376,2026-02-10,C2537,CH,Sports,60.76,3,delivered
O104062,2026-02-10,C1343,CH,Fashion,54.07,3,delivered
O104114,2026-02-10,C2126,AT,Electronics,116.08,2,returned
O102412,2026-02-10,C2488,CH,Books,20.38,2,delivered
O102615,2026-02-10,C2254,CH,Electronics,164.24,3,delivered
O102235,2026-02-10,C2006,CH,Home,80.79,3,delivered
O101578,2026-02-10,C1932,DE,Fashion,36.68,1,delivered
O102979,2026-02-10,C1416,CH,Sports,129.15,1,delivered
O104003,2026-02-10,C1015,DE,Home,58.38,2,delivered
O103516,2026-02-10,C2482,DE,Home,54.39,2,delivered
O102185,2026-02-10,C2444,CH,Books,25.49,1,cancelled
O101920,2026-02-10,C1487,FR,Fashion,44.5,3,delivered
O104465,2026-02-11,C2772,AT,Books,17.79,3,delivered
O104058,2026-02-11,C2384,CH,Fashion,32.49,1,delivered
O102560,2026-02-11,C2539,CH,Home,25.93,1,delivered
O100782,2026-02-11,C1360,DE,Books,27.6,2,cancelled
O100744,2026-02-11,C1639,CH,Home,32.73,2,delivered
O101758,2026-02-11,C2210,DE,Electronics,122.96,2,delivered
O103049,2026-02-11,C2719,IT,Electronics,63.14,1,delivered
O104302,2026-02-11,C1396,DE,Sports,44.78,3,delivered
O100152,2026-02-11,C2420,IT,Fashion,49.81,3,delivered
O100679,2026-02-11,C2329,DE,Fashion,29.41,2,delivered
O102391,2026-02-12,C1010,IT,Electronics,236.05,3,delivered
O103780,2026-02-12,C2228,IT,Books,22.04,3,delivered
O100617,2026-02-13,C1202,FR,Electronics,126.93,1,delivered
O102494,2026-02-13,C2455,CH,Electronics,284.26,3,delivered
O103430,2026-02-13,C1638,DE,Fashion,24.81,3,cancelled
O101422,2026-02-13,C2243,CH,Fashion,57.42,1,delivered
O101468,2026-02-14,C2007,CH,Books,7.16,3,delivered
O102975,2026-02-14,C2041,DE,Sports,96.95,3,delivered
O100824,2026-02-14,C1797,CH,Books,15.05,1,delivered
O103095,2026-02-14,C1896,CH,Electronics,256.03,3,delivered
O103307,2026-02-14,C1755,DE,Electronics,181.85,3,delivered
O104673,2026-02-14,C2269,DE,Sports,63.05,3,delivered
O102963,2026-02-15,C1750,CH,Home,27.96,2,delivered
O100189,2026-02-15,C2219,IT,Books,12.06,2,delivered
O103065,2026-02-15,C2047,CH,Books,14.88,1,delivered
O100025,2026-02-15,C1813,DE,Sports,36.01,3,delivered
O101559,2026-02-15,C1077,FR,Books,16.54,2,delivered
O102836,2026-02-15,C1864,CH,Electronics,246.55,3,delivered
O104808,2026-02-15,C1742,CH,Fashion,85.88,3,delivered
O104493,2026-02-15,C1317,DE,Sports,103.27,1,delivered
O103292,2026-02-16,C2504,CH,Fashion,18.13,3,delivered
O103076,2026-02-16,C2420,IT,Electronics,57.9,3,delivered
O104272,2026-02-16,C1400,AT,Books,16.72,3,delivered
O102112,2026-02-16,C1758,FR,Home,67.66,-1,delivered
O100202,2026-02-16,C1857,DE,Electronics,334.8,2,delivered
O103813,2026-02-16,C2000,FR,Fashion,82.99,3,delivered
O104895,2026-02-16,C2155,CH,Books,19.23,2,delivered
O100294,2026-02-16,C1555,FR,Fashion,26.2,2,delivered
O104781,2026-02-16,C1281,DE,Fashion,52.96,2,delivered
O102874,2026-02-16,C2331,CH,Fashion,75.43,2,delivered
O103137,2026-02-16,C1178,FR,Electronics,62.33,3,delivered
O101406,2026-02-16,C2705,AT,Electronics,87.05,2,delivered
O100519,2026-02-16,C1784,AT,Home,43.12,2,delivered
O101824,2026-02-17,C1699,CH,Home,87.07,3,delivered
O104139,2026-02-17,C2529,CH,Home,29.77,3,delivered
O103002,2026-02-17,C1599,CH,Fashion,36.43,3,returned
O104359,2026-02-17,C2611,CH,Home,130.86,2,delivered
O103842,2026-02-17,C1222,FR,Electronics,521.39,3,delivered
O100492,2026-02-17,C1021,CH,Sports,25.97,3,delivered
O104878,2026-02-17,C2474,FR,Fashion,27.12,3,delivered
O103001,2026-02-18,C2683,DE,Home,30.17,2,delivered
O102012,2026-02-18,C2097,IT,Books,12.93,1,delivered
O103578,2026-02-18,C1562,CH,Fashion,24.96,2,delivered
O100706,2026-02-19,C1460,CH,Electronics,198.07,3,cancelled
O101668,2026-02-19,C2411,AT,Fashion,37.17,2,returned
O104070,2026-02-19,C1089,CH,Books,13.31,1,delivered
O103540,2026-02-19,C1736,AT,Home,43.61,2,delivered
O104940,2026-02-20,C2321,AT,Books,12.01,1,delivered
O104751,2026-02-20,C1713,CH,Books,16.4,2,delivered
O101767,2026-02-20,C2715,CH,Home,185.16,2,cancelled
O103839,2026-02-20,C1046,FR,Home,30.11,3,delivered
O101583,2026-02-20,C1557,CH,Books,17.91,2,returned
O100033,2026-02-20,C2796,DE,Electronics,76.7,2,delivered
O104688,2026-02-20,C2093,AT,Home,69.79,1,delivered
O101041,2026-02-20,C2378,FR,Home,24.08,1,delivered
O101033,2026-02-20,C2087,FR,Fashion,71.74,1,delivered
O103710,2026-02-21,C1245,DE,Books,30.78,1,delivered
O102316,2026-02-21,C2559,CH,Electronics,171.48,3,delivered
O103411,2026-02-21,C2266,AT,Home,42.69,3,cancelled
O104014,2026-02-21,C1381,IT,Fashion,96.57,3,delivered
O103096,2026-02-21,C1619,CH,Home,137.5,1,delivered
O100310,2026-02-21,C1445,DE,Sports,102.37,3,delivered
O102192,2026-02-21,C2494,DE,Books,20.26,1,delivered
O102527,2026-02-21,C2111,FR,Home,62.37,2,delivered
O101638,2026-02-21,C2271,CH,Fashion,33.47,3,returned
O103904,2026-02-21,C1668,AT,Books,14.95,1,delivered
O101931,2026-02-22,C2532,CH,Home,30.02,2,delivered
O101447,2026-02-22,C1517,CH,Home,79.71,1,delivered
O100073,2026-02-22,C1591,FR,Electronics,583.37,1,delivered
O101104,2026-02-22,C2218,IT,Fashion,19.68,3,delivered
O100537,2026-02-22,C1910,IT,Fashion,28.47,1,delivered
O101244,2026-02-22,C1973,DE,Fashion,68.28,2,delivered
O102687,2026-02-22,C2323,DE,Fashion,64.93,2,returned
O100329,2026-02-22,C2079,AT,Home,62.27,2,delivered
O104702,2026-02-22,C2062,DE,Fashion,16.89,1,delivered
O103573,2026-02-23,C1474,DE,Electronics,167.1,3,cancelled
O102621,2026-02-23,C1510,CH,Home,59.04,2,delivered
O101200,2026-02-23,C1775,CH,Home,36.37,2,delivered
O104281,2026-02-23,C1368,DE,Fashion,88.73,1,delivered
O103713,2026-02-23,C2711,CH,Electronics,50.88,3,delivered
O100654,2026-02-23,C1626,CH,Fashion,110.42,2,delivered
O101630,2026-02-23,C2081,FR,Sports,157.65,3,delivered
O102642,2026-02-23,C1139,DE,Home,30.23,1,cancelled
O104611,2026-02-23,C1542,DE,Home,48.56,1,returned
O103155,2026-02-23,C2636,AT,Fashion,56.83,1,delivered
O100911,2026-02-24,C2134,CH,Fashion,37.26,1,delivered
O104261,2026-02-24,C2124,DE,Sports,63.0,1,delivered
O104334,2026-02-24,C1886,CH,Fashion,40.49,1,delivered
O103771,2026-02-24,C1848,CH,Sports,29.11,1,returned
O101731,2026-02-24,C2027,AT,Fashion,34.17,2,delivered
O102207,2026-02-24,C1902,DE,Fashion,44.68,3,delivered
O101796,2026-02-24,C2722,DE,Fashion,26.76,1,delivered
O104780,2026-02-25,C2764,CH,Fashion,93.41,1,cancelled
O102954,2026-02-25,C1727,DE,Electronics,84.03,1,delivered
O102288,2026-02-25,C1294,AT,Sports,87.48,3,delivered
O101659,2026-02-25,C1062,CH,Electronics,1083.9,3,delivered
O103711,2026-02-25,C1581,FR,Home,34.07,2,delivered
O101977,2026-02-25,C1860,CH,Sports,27.43,2,returned
O100713,2026-02-25,C2526,DE,Fashion,34.54,2,delivered
O101096,2026-02-25,C1543,CH,Home,63.04,3,delivered
O103943,2026-02-26,C1422,FR,Fashion,30.27,2,delivered
O102222,2026-02-26,C1565,AT,Fashion,56.6,2,delivered
O100510,2026-02-26,C1456,AT,Fashion,63.2,3,delivered
O102297,2026-02-26,C2536,CH,Electronics,304.36,2,delivered
O104205,2026-02-26,C2171,CH,Home,89.55,1,delivered
O103283,2026-02-26,C1966,DE,Fashion,30.22,3,delivered
O100268,2026-02-26,C2157,DE,Fashion,86.52,2,delivered
O101260,2026-02-26,C1991,CH,Fashion,26.34,3,cancelled
O101935,2026-02-26,C2555,DE,Electronics,304.26,2,delivered
O104192,2026-02-26,C1885,CH,Home,41.57,1,delivered
O101106,2026-02-26,C2090,CH,Fashion,30.45,2,delivered
O100767,2026-02-26,C1081,DE,Electronics,199.78,3,delivered
O101737,2026-02-26,C2173,FR,Home,49.93,3,delivered
O100144,2026-02-27,C1859,FR,Electronics,159.06,1,delivered
O104085,2026-02-27,C2168,CH,Home,93.08,2,delivered
O100803,2026-02-27,C1776,CH,Sports,22.8,2,returned
O101847,2026-02-27,C1115,CH,Electronics,169.86,2,delivered
O101821,2026-02-27,C2502,CH,Books,18.56,2,delivered
O104487,2026-02-27,C1036,FR,Books,15.67,2,delivered
O100997,2026-02-27,C2319,AT,Home,227.93,1,delivered
O103968,2026-02-28,C2296,DE,Fashion,53.75,3,cancelled
O104527,2026-02-28,C2661,CH,Electronics,299.04,3,delivered
O101249,2026-02-28,C2512,CH,Fashion,38.64,3,delivered
O100721,2026-02-28,C1061,IT,Books,12.59,1,delivered
O104649,2026-02-28,C1329,AT,Fashion,26.45,1,delivered
O104907,2026-02-28,C1768,DE,Fashion,23.08,1,delivered
O104037,2026-02-28,C1516,CH,Electronics,414.67,2,delivered
O100279,2026-02-28,C1484,CH,Sports,32.61,2,delivered
O103845,2026-02-28,C2212,DE,Home,132.39,3,delivered
O102140,2026-02-28,C1849,DE,Fashion,25.56,1,delivered
O101921,2026-03-01,C2019,DE,Electronics,504.74,2,delivered
O101854,2026-03-01,C1619,DE,Fashion,37.92,3,delivered
O104080,2026-03-01,C1568,FR,Electronics,122.82,2,delivered
O104332,2026-03-01,C1927,CH,Home,102.89,3,delivered
O104080,2026-03-01,C1568,FR,Electronics,122.82,2,delivered
O100206,2026-03-01,C1550,IT,Fashion,31.88,2,delivered
O103521,2026-03-01,C1134,IT,Sports,101.4,3,delivered
O102705,2026-03-01,C1130,CH,Electronics,134.35,3,returned
O101919,2026-03-02,C1187,CH,Home,60.91,3,delivered
O104038,2026-03-02,C1025,CH,Electronics,105.09,3,delivered
O100854,2026-03-02,C1295,CH,Fashion,31.37,1,delivered
O104278,2026-03-02,C1041,CH,Books,19.97,1,cancelled
O104258,2026-03-02,C2420,FR,Fashion,90.27,2,returned
O101077,2026-03-02,C2455,DE,Home,32.45,1,delivered
O102428,2026-03-02,C1280,DE,Sports,78.59,2,delivered
O102263,2026-03-02,C1745,CH,Sports,121.67,3,delivered
O100062,2026-03-02,C2381,CH,Fashion,31.65,2,delivered
O103088,2026-03-02,C1242,AT,Fashion,42.81,3,delivered
O103700,2026-03-02,C1882,DE,Home,45.14,2,delivered
O103779,2026-03-02,C2190,AT,Home,104.55,2,delivered
O101255,2026-03-02,C2193,AT,Books,13.2,3,delivered
O102427,2026-03-03,C2547,DE,Home,70.66,2,delivered
O100703,2026-03-03,C1073,AT,Fashion,49.16,2,delivered
O102968,2026-03-03,C1108,FR,Electronics,305.45,2,delivered
O104117,2026-03-03,C1065,AT,Home,105.08,3,delivered
O102591,2026-03-03,C2258,DE,Home,59.88,1,delivered
O103281,2026-03-03,C1912,DE,Electronics,321.32,3,delivered
O101647,2026-03-03,C2749,FR,Electronics,297.04,1,delivered
O103327,2026-03-03,C2378,FR,Fashion,31.7,3,delivered
O103424,2026-03-03,C2502,CH,Home,52.84,2,delivered
O101623,2026-03-03,C2654,AT,Electronics,260.3,2,delivered
O102441,2026-03-04,C1771,CH,Sports,44.99,2,delivered
O103829,2026-03-04,C1587,AT,Books,24.83,2,delivered
O103244,2026-03-04,C1887,DE,Home,72.37,2,delivered
O102353,2026-03-04,C2045,CH,Fashion,60.39,1,delivered
O104248,2026-03-04,C2065,AT,Fashion,53.98,2,delivered
O103726,2026-03-04,C2123,DE,Electronics,60.53,3,delivered
O101969,2026-03-04,C2793,CH,Books,19.44,1,delivered
O102029,2026-03-05,C1109,AT,Fashion,37.31,2,delivered
O100549,2026-03-05,C1012,AT,Books,13.25,2,delivered
O103907,2026-03-05,C1412,DE,Sports,31.07,3,cancelled
O101960,2026-03-05,C2201,DE,Electronics,61.64,2,delivered
O100371,2026-03-05,C2726,FR,Books,10.09,3,delivered
O100103,2026-03-05,C1712,AT,Electronics,137.91,3,delivered
O104072,2026-03-05,C1684,AT,Sports,138.36,3,delivered
O104520,2026-03-05,C1372,CH,Books,28.77,2,delivered
O104889,2026-03-06,C2688,DE,Fashion,26.08,3,delivered
O100326,2026-03-06,C1245,AT,Fashion,18.09,3,delivered
O100488,2026-03-06,C2551,FR,Home,72.7,2,delivered
O101031,2026-03-06,C2390,DE,Home,66.53,1,delivered
O100970,2026-03-06,C2557,DE,Fashion,44.7,2,delivered
O103554,2026-03-06,C1883,CH,Fashion,58.24,1,delivered
O103881,2026-03-06,C2324,DE,Sports,54.85,1,delivered
O100191,2026-03-06,C1577,IT,Home,116.76,3,delivered
O102594,2026-03-06,C1595,DE,Electronics,85.13,2,delivered
O103272,2026-03-06,C1360,DE,Sports,26.99,1,delivered
O100368,2026-03-06,C1827,DE,Electronics,151.75,1,delivered
O103017,2026-03-07,C1503,CH,Fashion,43.52,1,delivered
O100710,2026-03-07,C1581,CH,Sports,68.81,3,delivered
O102196,2026-03-07,C2751,CH,Home,177.7,3,delivered
O104218,2026-03-07,C2174,FR,Home,36.54,1,delivered
O104456,2026-03-07,C2729,AT,Sports,59.8,2,returned
O100996,2026-03-07,C1060,AT,Sports,32.04,3,delivered
O100372,2026-03-07,C1929,DE,Books,13.3,3,delivered
O102993,2026-03-07,C2300,CH,Fashion,42.74,2,delivered
O103990,2026-03-07,C2357,CH,Fashion,61.3,2,delivered
O100799,2026-03-08,C1838,DE,Fashion,68.38,2,returned
O103025,2026-03-08,C1372,CH,Electronics,168.08,2,delivered
O101355,2026-03-08,C2306,DE,Home,121.79,3,delivered
O104207,2026-03-08,C1725,AT,Sports,277.52,1,delivered
O104531,2026-03-08,C1610,DE,Electronics,221.73,3,delivered
O101584,2026-03-08,C2558,DE,Fashion,52.55,2,delivered
O100354,2026-03-08,C2446,DE,Home,22.55,2,delivered
O100091,2026-03-09,C2798,CH,Home,90.59,2,delivered
O100146,2026-03-09,C1921,CH,Electronics,281.66,3,delivered
O103762,2026-03-09,C1424,IT,Electronics,67.95,3,cancelled
O103708,2026-03-09,C2676,CH,Fashion,26.57,2,delivered
O102469,2026-03-09,C1783,CH,Sports,111.6,3,delivered
O101279,2026-03-09,C1347,CH,Fashion,17.14,1,delivered
O101472,2026-03-09,C1348,IT,Home,55.24,3,delivered
O101859,2026-03-10,C1827,CH,Fashion,93.2,3,returned
O102826,2026-03-10,C1377,IT,Sports,192.21,1,delivered
O102480,2026-03-10,C1080,CH,Home,45.8,1,returned
O100532,2026-03-10,C2495,CH,Fashion,35.56,1,delivered
O104519,2026-03-10,C1085,DE,Electronics,395.22,3,delivered
O103995,2026-03-11,C1171,DE,Sports,80.31,1,cancelled
O100273,2026-03-11,C1744,IT,Fashion,32.48,2,delivered
O103967,2026-03-11,C2318,DE,Books,22.43,3,delivered
O102483,2026-03-11,C1336,DE,Electronics,553.35,2,delivered
O101315,2026-03-11,C1412,CH,Sports,30.97,1,delivered
O104251,2026-03-11,C1180,CH,Electronics,178.49,2,delivered
O104886,2026-03-11,C2156,DE,Sports,53.6,3,delivered
O101126,2026-03-12,C2501,AT,Fashion,59.6,3,delivered
O103222,2026-03-12,C1036,DE,Home,159.86,3,returned
O104767,2026-03-12,C1461,CH,Fashion,53.94,3,delivered
O104767,2026-03-12,C1461,CH,Fashion,53.94,3,delivered
O104732,2026-03-12,C1821,DE,Home,36.74,2,delivered
O104473,2026-03-12,C1449,FR,Home,75.52,3,delivered
O103488,2026-03-12,C1885,CH,Home,64.64,2,delivered
O104592,2026-03-12,C2286,DE,Electronics,344.52,1,delivered
O104957,2026-03-12,C2229,FR,Fashion,35.7,3,delivered
O102239,2026-03-12,C1071,CH,Fashion,23.78,3,delivered
O100374,2026-03-12,C2205,DE,Home,39.08,2,delivered
O102080,2026-03-13,C2363,CH,Books,11.66,1,delivered
O104550,2026-03-13,C1436,CH,Sports,27.74,3,delivered
O101276,2026-03-13,C2017,FR,Sports,101.47,1,delivered
O102152,2026-03-13,C1131,CH,Fashion,38.69,2,delivered
O104843,2026-03-13,C1490,DE,Home,37.32,1,delivered
O104978,2026-03-13,C2167,CH,Electronics,94.01,3,delivered
O103102,2026-03-14,C1133,CH,Electronics,60.86,3,returned
O102399,2026-03-14,C1228,FR,Sports,50.23,1,delivered
O103388,2026-03-14,C2615,FR,Home,95.83,1,delivered
O100554,2026-03-14,C1888,CH,Electronics,313.68,2,delivered
O103241,2026-03-14,C2007,DE,Electronics,179.19,2,delivered
O104381,2026-03-14,C1915,DE,Home,75.59,2,delivered
O103150,2026-03-14,C2300,CH,Sports,36.35,2,delivered
O103688,2026-03-14,C1232,CH,Fashion,151.5,2,delivered
O104554,2026-03-14,C2361,FR,Books,33.66,1,delivered
O100564,2026-03-14,C2572,DE,Books,14.64,1,delivered
O100389,2026-03-14,C2295,CH,Fashion,66.35,1,delivered
O104498,2026-03-15,C1105,DE,Sports,18.24,1,delivered
O100787,2026-03-15,C2143,DE,Sports,63.58,3,delivered
O101596,2026-03-15,C2000,AT,Electronics,534.99,2,delivered
O104034,2026-03-15,C1680,IT,Fashion,87.28,3,delivered
O103075,2026-03-15,C2793,CH,Fashion,69.35,2,delivered
O101724,2026-03-15,C1177,CH,Books,26.98,1,delivered
O101193,2026-03-15,C2273,DE,Sports,225.53,3,delivered
O103313,2026-03-15,C1626,FR,Home,34.28,3,delivered
O102912,2026-03-15,C2497,DE,Electronics,129.54,2,delivered
O104600,2026-03-15,C1437,CH,Electronics,407.49,1,delivered
O101818,2026-03-15,C1269,FR,Home,39.9,1,returned
O101724,2026-03-15,C1177,CH,Books,26.98,1,delivered
O101365,2026-03-15,C2473,IT,Sports,65.01,2,delivered
O102250,2026-03-16,C2635,CH,Fashion,54.45,3,delivered
O100813,2026-03-16,C2760,CH,Home,92.91,2,delivered
O103060,2026-03-16,C1618,AT,Fashion,60.28,2,delivered
O101138,2026-03-16,C2749,CH,Electronics,606.26,1,delivered
O104362,2026-03-16,C2394,CH,Electronics,380.7,3,delivered
O102887,2026-03-16,C1741,FR,Sports,66.73,1,delivered
O100899,2026-03-16,C1368,DE,Electronics,403.12,2,delivered
O104664,2026-03-17,C2577,AT,Books,28.58,1,delivered
O101331,2026-03-17,C2669,DE,Fashion,38.68,3,delivered
O102361,2026-03-17,C2583,AT,Home,56.53,3,delivered
O103569,2026-03-17,C1641,CH,Electronics,660.04,2,delivered
O102787,2026-03-17,C2752,DE,Sports,88.99,1,delivered
O104077,2026-03-18,C1272,CH,Books,12.55,2,delivered
O104665,2026-03-18,C2303,CH,Home,85.7,1,delivered
O103815,2026-03-18,C1412,IT,Electronics,280.18,1,delivered
O100006,2026-03-18,C1584,CH,Electronics,263.75,1,delivered
O102626,2026-03-18,C2678,FR,Fashion,28.84,3,delivered
O103697,2026-03-18,C1439,DE,Fashion,17.21,1,delivered
O101418,2026-03-18,C1429,CH,Fashion,24.3,3,delivered
O101063,2026-03-18,C1776,CH,Home,80.42,2,delivered
O102459,2026-03-18,C2456,CH,Fashion,77.85,3,delivered
O100812,2026-03-19,C1032,CH,Home,58.93,1,delivered
O100451,2026-03-19,C2046,IT,Fashion,69.06,3,returned
O102319,2026-03-19,C2301,FR,Fashion,40.12,2,delivered
O100658,2026-03-19,C1359,DE,Sports,,2,delivered
O104607,2026-03-19,C2206,DE,Fashion,77.24,1,delivered
O102277,2026-03-19,C2012,DE,Electronics,652.43,2,delivered
O102134,2026-03-19,C1953,FR,Electronics,103.83,1,delivered
O101484,2026-03-20,C2284,DE,Home,100.59,3,delivered
O104271,2026-03-20,C2199,IT,Books,13.62,2,delivered
O102564,2026-03-20,C1443,DE,Home,80.87,3,delivered
O100624,2026-03-20,C2451,CH,Fashion,34.26,3,delivered
O100775,2026-03-20,C1221,CH,Electronics,1063.58,3,delivered
O100462,2026-03-20,C2074,DE,Home,116.51,3,delivered
O102310,2026-03-20,C2671,CH,Electronics,101.06,2,delivered
O101508,2026-03-20,C1604,FR,Books,22.75,1,delivered
O102822,2026-03-21,C2515,CH,Fashion,48.12,2,delivered
O101295,2026-03-21,C1263,AT,Electronics,62.88,3,returned
O103450,2026-03-21,C1358,DE,Home,106.43,3,delivered
O101237,2026-03-21,C1215,IT,Home,40.65,2,delivered
O102965,2026-03-21,C1027,AT,Electronics,85.87,2,delivered
O104063,2026-03-21,C2528,DE,Fashion,59.74,1,delivered
O101176,2026-03-21,C2585,DE,Fashion,15.45,2,delivered
O102986,2026-03-21,C2026,CH,Fashion,67.84,3,delivered
O104227,2026-03-21,C1859,DE,Electronics,195.46,2,delivered
O103394,2026-03-21,C1443,CH,Home,32.46,3,delivered
O103323,2026-03-21,C2131,FR,Electronics,92.09,1,delivered
O103317,2026-03-22,C1949,DE,Electronics,150.47,1,delivered
O103966,2026-03-22,C1458,CH,Electronics,144.59,3,delivered
O100896,2026-03-22,C2749,IT,Electronics,426.69,1,delivered
O100611,2026-03-22,C2142,IT,Electronics,150.18,1,delivered
O102376,2026-03-22,C2127,CH,Home,62.55,1,delivered
O100289,2026-03-22,C1288,DE,Home,36.13,1,delivered
O104616,2026-03-22,C2033,DE,Books,8.34,1,delivered
O103480,2026-03-22,C1831,AT,Home,24.15,1,delivered
O102284,2026-03-23,C1250,CH,Fashion,34.38,1,delivered
O104680,2026-03-23,C1231,CH,Sports,208.97,2,delivered
O100545,2026-03-23,C2591,FR,Electronics,383.38,2,delivered
O103381,2026-03-23,C2083,CH,Sports,27.41,1,delivered
O101941,2026-03-23,C2492,FR,Sports,179.83,1,delivered
O104200,2026-03-23,C2732,DE,Fashion,31.91,3,delivered
O100052,2026-03-23,C1751,IT,Fashion,40.57,3,delivered
O104925,2026-03-23,C1271,FR,Books,9.97,1,delivered
O103618,2026-03-23,C1448,FR,Books,22.05,1,delivered
O100754,2026-03-23,C1893,CH,Electronics,255.7,2,delivered
O102991,2026-03-23,C2630,DE,Sports,62.41,2,delivered
O102306,2026-03-23,C2432,DE,Electronics,109.6,1,delivered
O100440,2026-03-23,C1079,DE,Electronics,137.61,1,delivered
O104163,2026-03-24,C2603,CH,Home,386.64,3,delivered
O102890,2026-03-24,C2319,CH,Home,49.37,3,delivered
O100719,2026-03-24,C1458,CH,Books,11.7,1,delivered
O101772,2026-03-24,C2438,CH,Fashion,52.0,3,delivered
O102128,2026-03-24,C2371,AT,Home,108.34,1,delivered
O100901,2026-03-24,C2316,AT,Fashion,63.84,3,delivered
O103457,2026-03-24,C2077,CH,Fashion,27.34,2,delivered
O102115,2026-03-24,C1051,CH,Books,20.68,1,delivered
O104923,2026-03-25,C2781,IT,Books,36.2,2,delivered
O103489,2026-03-25,C1512,FR,Electronics,94.22,1,delivered
O102016,2026-03-25,C1668,FR,Sports,45.54,3,delivered
O104694,2026-03-25,C1020,DE,Electronics,411.52,1,delivered
O100550,2026-03-25,C2139,AT,Sports,100.29,1,delivered
O104713,2026-03-25,C2261,CH,Home,60.04,1,delivered
O102462,2026-03-25,C2697,IT,Home,36.75,2,delivered
O102470,2026-03-25,C2504,DE,Fashion,16.88,2,delivered
O103580,2026-03-26,C2241,FR,Home,72.74,2,delivered
O100840,2026-03-26,C1713,FR,Fashion,27.73,2,delivered
O103936,2026-03-26,C2012,FR,Sports,38.34,3,delivered
O100086,2026-03-27,C1926,DE,Home,25.16,3,delivered
O103912,2026-03-27,C1929,FR,Fashion,65.34,2,delivered
O104184,2026-03-27,C1788,FR,Sports,66.95,3,delivered
O102817,2026-03-27,C1112,DE,Home,39.83,2,delivered
O100151,2026-03-27,C2008,CH,Home,60.05,2,delivered
O101917,2026-03-27,C1128,IT,Home,62.27,2,delivered
O102121,2026-03-27,C1609,CH,Electronics,111.08,1,delivered
O101449,2026-03-27,C1032,DE,Home,124.18,2,delivered
O101768,2026-03-27,C1887,AT,Home,21.51,1,delivered
O100985,2026-03-28,C2165,FR,Fashion,18.98,3,delivered
O102573,2026-03-28,C2338,CH,Sports,106.54,2,delivered
O104726,2026-03-28,C2127,CH,Fashion,44.23,3,returned
O103955,2026-03-29,C1619,DE,Home,144.79,2,delivered
O101693,2026-03-29,C2307,DE,Sports,141.74,2,delivered
O103720,2026-03-29,C1969,IT,Electronics,571.54,2,returned
O101875,2026-03-29,C1067,IT,Electronics,29.0,3,delivered
O104823,2026-03-29,C1831,FR,Home,63.4,2,delivered
O104697,2026-03-29,C1418,AT,Sports,154.43,2,delivered
O103413,2026-03-29,C1057,DE,Electronics,145.47,1,returned
O101363,2026-03-29,C2720,CH,Sports,46.09,3,delivered
O104822,2026-03-29,C2282,CH,Books,21.31,1,delivered
O104734,2026-03-29,C2469,DE,Books,15.84,2,delivered
O101084,2026-03-30,C1489,DE,Fashion,27.24,1,delivered
O101743,2026-03-30,C1584,CH,Books,14.93,3,delivered
O103545,2026-03-30,C2768,FR,Home,82.59,3,delivered
O102384,2026-03-30,C2295,AT,Home,44.41,1,delivered
O104042,2026-03-30,C2476,IT,Home,120.12,3,delivered
O103896,2026-03-30,C1210,DE,Home,49.48,1,delivered
O103170,2026-03-30,C2490,DE,Home,150.37,2,delivered
O104980,2026-03-30,C2582,CH,Home,55.97,1,delivered
O102068,2026-03-30,C2516,CH,Electronics,147.13,1,delivered
O104466,2026-03-30,C1896,FR,Books,19.53,1,delivered
O103426,2026-03-30,C2326,CH,Books,30.22,2,delivered
O102691,2026-03-30,C1456,CH,Fashion,58.86,1,delivered
O102202,2026-03-30,C1838,AT,Sports,135.92,3,delivered
O100780,2026-03-30,C2486,FR,Electronics,63.38,2,delivered
O104936,2026-03-31,C1907,CH,Fashion,46.14,2,delivered
O102074,2026-03-31,C2013,DE,Books,27.02,1,delivered
O103638,2026-03-31,C2587,DE,Fashion,93.79,1,delivered
O103172,2026-03-31,C2614,FR,Sports,52.66,2,delivered
O100630,2026-03-31,C1635,FR,Home,34.3,3,delivered
O101728,2026-03-31,C2344,DE,Books,24.39,1,delivered
O104746,2026-03-31,C2537,AT,Home,39.26,3,delivered
O101164,2026-03-31,C1008,CH,Sports,54.87,2,delivered
O102070,2026-03-31,C1747,FR,Home,39.08,1,delivered
O101843,2026-03-31,C2583,FR,Books,20.28,3,delivered
O101163,2026-04-01,C1465,CH,Home,66.56,1,delivered
O104046,2026-04-01,C1121,CH,Electronics,231.21,2,delivered
O100276,2026-04-01,C2355,FR,Electronics,439.92,2,delivered
O103194,2026-04-01,C1701,AT,Home,51.86,1,delivered
O100319,2026-04-01,C2531,DE,Home,100.19,2,delivered
O104398,2026-04-01,C1893,DE,Fashion,32.81,3,delivered
O103550,2026-04-01,C1152,CH,Books,18.86,3,delivered
O101976,2026-04-01,C2396,DE,Fashion,41.96,2,delivered
O104975,2026-04-01,C2172,CH,Electronics,500.28,2,returned
O102739,2026-04-02,C1410,DE,Books,14.3,3,returned
O103596,2026-04-02,C1234,AT,Sports,82.88,1,cancelled
O103734,2026-04-02,C2301,IT,Home,42.81,3,delivered
O101895,2026-04-02,C2405,IT,Home,85.85,3,delivered
O100694,2026-04-02,C1788,CH,Books,11.74,2,delivered
O104149,2026-04-02,C1944,DE,Home,34.16,2,returned
O102987,2026-04-02,C2234,DE,Sports,234.79,2,delivered
O103319,2026-04-03,C1448,CH,Fashion,16.89,1,delivered
O103623,2026-04-03,C1050,IT,Home,33.25,3,delivered
O101352,2026-04-03,C1387,CH,Fashion,47.72,3,returned
O100467,2026-04-03,C1788,DE,Home,186.05,1,delivered
O101634,2026-04-03,C1518,CH,Electronics,385.55,3,delivered
O103286,2026-04-03,C2546,FR,Home,26.87,1,delivered
O100129,2026-04-04,C2369,IT,Home,136.85,2,delivered
O100138,2026-04-04,C1321,AT,Electronics,67.74,2,returned
O100487,2026-04-04,C1929,CH,Fashion,39.93,2,delivered
O100944,2026-04-04,C1844,DE,Books,14.46,3,delivered
O104752,2026-04-04,C1581,IT,Sports,56.75,3,delivered
O103963,2026-04-04,C1887,CH,Fashion,33.77,2,delivered
O100922,2026-04-04,C1824,CH,Books,23.13,2,delivered
O101985,2026-04-04,C1367,AT,Fashion,45.12,1,delivered
O102467,2026-04-05,C2510,FR,Home,80.22,2,delivered
O103997,2026-04-05,C2356,CH,Home,30.57,1,cancelled
O102325,2026-04-05,C1604,CH,Books,17.48,3,delivered
O101819,2026-04-05,C1657,IT,Home,110.86,2,delivered
O103356,2026-04-05,C2270,CH,Fashion,28.08,3,delivered
O104869,2026-04-05,C1929,AT,Fashion,20.01,1,cancelled
O101517,2026-04-05,C1574,CH,Home,14.93,3,delivered
O102505,2026-04-05,C1037,CH,Fashion,62.91,1,delivered
O100185,2026-04-05,C1052,IT,Home,136.48,2,delivered
O103365,2026-04-06,C2004,DE,Fashion,30.45,1,delivered
O101121,2026-04-06,C1216,CH,Fashion,43.99,3,delivered
O104637,2026-04-06,C2471,CH,Books,24.92,3,delivered
O102769,2026-04-06,C1327,DE,Fashion,21.47,2,delivered
O104609,2026-04-06,C2351,CH,Fashion,67.9,1,delivered
O103574,2026-04-06,C2456,FR,Home,49.53,1,returned
O100949,2026-04-06,C2699,DE,Home,87.4,2,delivered
O104453,2026-04-06,C1208,IT,Home,90.36,3,delivered
O102718,2026-04-06,C1243,AT,Fashion,51.43,1,delivered
O104299,2026-04-07,C1442,AT,Fashion,34.91,2,delivered
O100373,2026-04-07,C1483,CH,Sports,45.88,3,delivered
O102349,2026-04-07,C1810,CH,Fashion,43.04,2,delivered
O104124,2026-04-08,C2249,DE,Electronics,1444.58,1,delivered
O102761,2026-04-08,C2573,IT,Electronics,135.83,3,delivered
O104990,2026-04-08,C1436,FR,Electronics,555.56,3,delivered
O102154,2026-04-08,C2395,CH,Home,31.73,3,delivered
O100687,2026-04-08,C1607,CH,Home,115.16,2,delivered
O101469,2026-04-08,C1403,IT,Home,130.45,3,delivered
O100509,2026-04-08,C1474,FR,Electronics,316.84,2,delivered
O100173,2026-04-08,C1917,FR,Home,44.67,2,delivered
O101413,2026-04-08,C2119,FR,Electronics,26.61,1,delivered
O101604,2026-04-08,C2010,AT,Books,14.52,2,delivered
O102442,2026-04-08,C2320,CH,Books,18.34,2,delivered
O100092,2026-04-08,C2214,DE,Electronics,69.59,3,delivered
O102158,2026-04-08,C1370,AT,Sports,230.07,1,returned
O104264,2026-04-08,C1819,CH,Home,97.53,1,delivered
O100800,2026-04-08,C2509,FR,Home,26.56,3,delivered
O102760,2026-04-08,C1705,CH,Fashion,22.13,1,delivered
O104095,2026-04-09,C2373,CH,Home,104.36,3,delivered
O102411,2026-04-09,C1355,DE,Sports,51.6,2,returned
O102429,2026-04-09,C2459,CH,Electronics,73.47,1,delivered
O103945,2026-04-09,C1337,DE,Fashion,49.17,3,delivered
O104064,2026-04-09,C2762,FR,Fashion,65.75,3,delivered
O100730,2026-04-09,C2340,IT,Home,53.9,1,delivered
O100404,2026-04-09,C1582,AT,Sports,26.48,2,delivered
O102973,2026-04-09,C1456,CH,Books,17.96,2,cancelled
O104068,2026-04-09,C2778,AT,Home,108.72,2,delivered
O100480,2026-04-10,C1442,IT,Sports,70.58,2,returned
O101582,2026-04-10,C2293,DE,Electronics,354.39,3,delivered
O101153,2026-04-10,C1564,AT,Electronics,70.1,3,delivered
O103302,2026-04-10,C1344,CH,Home,60.01,1,delivered
O102525,2026-04-10,C1221,DE,Books,14.92,2,delivered
O101805,2026-04-10,C2220,AT,Home,31.25,2,delivered
O102496,2026-04-10,C1897,CH,Home,38.25,1,delivered
O100363,2026-04-10,C1020,DE,Sports,67.82,2,delivered
O100673,2026-04-10,C1592,FR,Home,42.16,2,delivered
O100342,2026-04-10,C2524,CH,Home,46.24,3,delivered
O101512,2026-04-11,C1955,DE,Fashion,19.97,1,delivered
O102132,2026-04-11,C1811,FR,Electronics,111.16,3,delivered
O103903,2026-04-11,C2441,FR,Home,103.52,2,delivered
O101981,2026-04-11,C2657,IT,Fashion,,2,delivered
O103903,2026-04-11,C2441,FR,Home,103.52,2,delivered
O104495,2026-04-12,C2141,AT,Sports,100.88,1,returned
O101297,2026-04-12,C2558,FR,Home,88.66,3,delivered
O103946,2026-04-12,C1963,IT,Electronics,171.64,1,delivered
O101127,2026-04-12,C1132,CH,Home,249.56,3,delivered
O101817,2026-04-12,C2696,CH,Fashion,17.23,1,delivered
O103178,2026-04-12,C2137,CH,Fashion,75.38,1,delivered
O104652,2026-04-12,C1709,DE,Home,50.58,2,delivered
O103783,2026-04-12,C2440,CH,Fashion,29.71,1,delivered
O102864,2026-04-12,C1437,AT,Home,51.23,3,delivered
O100016,2026-04-13,C2662,DE,Electronics,95.92,1,delivered
O102484,2026-04-13,C1401,FR,Fashion,25.84,3,returned
O102588,2026-04-13,C2590,DE,Home,56.46,1,delivered
O102489,2026-04-13,C1100,IT,Home,30.46,1,delivered
O101889,2026-04-14,C2453,CH,Home,104.3,3,delivered
O101964,2026-04-14,C2443,CH,Fashion,36.2,3,delivered
O104596,2026-04-14,C2103,CH,Fashion,50.99,2,delivered
O101586,2026-04-14,C1570,DE,Fashion,88.41,2,delivered
O104641,2026-04-14,C1346,CH,Electronics,62.27,2,delivered
O102700,2026-04-14,C2755,CH,Sports,91.78,1,delivered
O100224,2026-04-14,C2700,DE,Home,135.52,1,returned
O103437,2026-04-14,C1957,FR,Fashion,29.08,2,delivered
O104571,2026-04-14,C1469,DE,Fashion,46.19,1,delivered
O100355,2026-04-14,C2228,CH,Books,19.04,3,delivered
O104870,2026-04-15,C2465,CH,Fashion,70.02,2,delivered
O101993,2026-04-15,C1753,CH,Fashion,54.05,3,delivered
O103930,2026-04-15,C1928,DE,Fashion,36.72,3,delivered
O102653,2026-04-15,C1370,CH,Fashion,54.81,2,delivered
O102636,2026-04-15,C2081,DE,Electronics,559.41,2,delivered
O101764,2026-04-15,C2234,IT,Electronics,80.03,3,delivered
O100478,2026-04-15,C1595,FR,Electronics,378.84,1,delivered
O103588,2026-04-15,C1555,AT,Fashion,88.45,1,delivered
O103755,2026-04-15,C1899,DE,Fashion,28.69,2,delivered
O103633,2026-04-15,C2714,CH,Books,18.52,3,delivered
O104507,2026-04-15,C1446,DE,Electronics,45.7,2,cancelled
O101735,2026-04-15,C2532,DE,Books,20.48,1,delivered
O100785,2026-04-15,C1222,AT,Home,80.97,2,delivered
O103556,2026-04-16,C2467,DE,Electronics,35.77,1,cancelled
O102703,2026-04-16,C1431,DE,Electronics,96.81,2,delivered
O103712,2026-04-16,C1853,DE,Sports,27.44,1,delivered
O101277,2026-04-16,C2744,DE,Fashion,43.16,3,delivered
O104998,2026-04-16,C2245,CH,Books,7.36,1,delivered
O103669,2026-04-16,C1583,IT,Books,12.03,3,delivered
O104952,2026-04-16,C1557,FR,Fashion,33.78,1,delivered
O100209,2026-04-16,C2666,DE,Books,11.69,3,delivered
O104884,2026-04-17,C1804,CH,Home,18.54,3,delivered
O100672,2026-04-17,C2015,FR,Fashion,84.49,3,delivered
O100709,2026-04-17,C1122,CH,Electronics,353.12,2,delivered
O101298,2026-04-17,C2087,FR,Fashion,26.89,3,delivered
O104027,2026-04-17,C1632,CH,Fashion,23.75,1,delivered
O104934,2026-04-17,C1634,AT,Books,32.41,1,delivered
O101781,2026-04-17,C1953,IT,Fashion,15.95,1,delivered
O104794,2026-04-17,C1730,DE,Sports,108.05,3,delivered
O101171,2026-04-17,C2025,FR,Books,25.58,2,delivered
O104435,2026-04-17,C2004,DE,Electronics,204.96,3,cancelled
O102203,2026-04-17,C1992,DE,Fashion,47.58,2,returned
O101324,2026-04-17,C1698,CH,Sports,94.8,1,delivered
O100293,2026-04-17,C1467,FR,Fashion,46.33,2,returned
O100678,2026-04-17,C2633,DE,Home,104.88,2,cancelled
O101720,2026-04-17,C1555,AT,Sports,45.43,1,delivered
O103670,2026-04-18,C2774,DE,Home,73.52,2,delivered
O104912,2026-04-18,C2265,DE,Home,20.46,1,cancelled
O103670,2026-04-18,C2774,DE,Home,73.52,2,delivered
O100676,2026-04-18,C1603,DE,Home,58.69,2,delivered
O101513,2026-04-19,C1700,FR,Home,27.59,1,delivered
O102478,2026-04-19,C2544,CH,Books,14.66,2,delivered
O103386,2026-04-19,C1680,AT,Books,24.83,2,delivered
O101620,2026-04-19,C2030,DE,Fashion,38.61,1,delivered
O102253,2026-04-19,C1877,DE,Electronics,144.97,3,delivered
O104737,2026-04-19,C2764,DE,Fashion,31.16,1,delivered
O101822,2026-04-19,C1543,DE,Fashion,70.55,1,delivered
O104195,2026-04-19,C1629,DE,Fashion,55.05,2,delivered
O103447,2026-04-19,C2024,AT,Books,11.14,2,delivered
O102463,2026-04-19,C1839,CH,Fashion,52.64,3,delivered
O100414,2026-04-19,C2253,FR,Books,13.25,2,delivered
O102437,2026-04-19,C1201,CH,Fashion,43.06,2,delivered
O102034,2026-04-20,C2770,FR,Home,151.32,1,delivered
O103098,2026-04-20,C2285,AT,Electronics,172.66,3,delivered
O100692,2026-04-20,C2498,FR,Fashion,28.06,3,delivered
O103179,2026-04-20,C2420,DE,Home,157.75,1,delivered
O100330,2026-04-20,C2473,DE,Home,80.49,2,delivered
O101098,2026-04-20,C2456,DE,Books,26.91,1,delivered
O101425,2026-04-20,C1127,CH,Home,77.69,1,delivered
O103895,2026-04-20,C1025,CH,Home,116.12,1,delivered
O103566,2026-04-20,C1046,FR,Electronics,374.45,3,delivered
O104273,2026-04-20,C1941,CH,Fashion,80.01,1,cancelled
O101322,2026-04-20,C1451,FR,Fashion,50.33,1,delivered
O100938,2026-04-20,C1758,CH,Fashion,82.33,2,delivered
O102941,2026-04-21,C1305,AT,Fashion,38.91,2,delivered
O103843,2026-04-21,C2592,AT,Books,9.15,3,delivered
O100668,2026-04-21,C1135,CH,Sports,44.89,2,delivered
O103339,2026-04-21,C1416,FR,Sports,128.29,2,delivered
O100892,2026-04-21,C1723,CH,Fashion,19.1,1,delivered
O102460,2026-04-21,C1533,CH,Home,177.74,3,delivered
O100461,2026-04-21,C1555,FR,Electronics,466.32,2,delivered
O104105,2026-04-22,C1120,FR,Sports,64.92,2,delivered
O102221,2026-04-22,C1275,IT,Home,116.57,1,delivered
O101674,2026-04-22,C1798,CH,Home,68.98,3,delivered
O101455,2026-04-22,C2253,CH,Home,53.57,1,delivered
O101945,2026-04-22,C1680,DE,Electronics,511.63,3,returned
O101961,2026-04-22,C1581,CH,Home,22.07,3,delivered
O100282,2026-04-22,C2788,FR,Sports,75.02,1,delivered
O104434,2026-04-22,C2050,CH,Electronics,192.25,1,delivered
O102453,2026-04-23,C2602,IT,Books,22.34,3,delivered
O102265,2026-04-23,C2698,AT,Home,18.83,2,delivered
O100616,2026-04-23,C2735,CH,Fashion,66.52,3,delivered
O102735,2026-04-23,C2287,CH,Books,14.53,2,delivered
O104007,2026-04-23,C1616,CH,Books,36.19,3,delivered
O103951,2026-04-23,C1844,CH,Fashion,43.52,2,delivered
O100486,2026-04-23,C1958,CH,Electronics,147.59,2,delivered
O102735,2026-04-23,C2287,CH,Books,14.53,2,delivered
O102004,2026-04-24,C2705,CH,Electronics,87.25,3,delivered
O100895,2026-04-24,C1013,CH,Fashion,46.07,1,delivered
O103212,2026-04-24,C1144,CH,Sports,39.59,1,delivered
O103948,2026-04-24,C1535,CH,Electronics,786.33,3,delivered
O102570,2026-04-24,C2796,DE,Books,16.04,1,delivered
O104681,2026-04-24,C2649,DE,Sports,134.45,1,returned
O104857,2026-04-24,C2039,FR,Fashion,21.44,1,delivered
O104786,2026-04-24,C2649,IT,Electronics,259.75,3,delivered
O102516,2026-04-25,C1013,CH,Fashion,40.77,3,delivered
O103336,2026-04-25,C1957,FR,Sports,43.43,3,delivered
O104059,2026-04-25,C1384,DE,Electronics,50.8,1,delivered
O100170,2026-04-25,C1603,FR,Fashion,72.75,3,delivered
O104640,2026-04-25,C1388,DE,Home,37.64,1,delivered
O102651,2026-04-26,C1849,DE,Home,126.98,3,delivered
O103846,2026-04-26,C1483,FR,Fashion,29.77,2,delivered
O100118,2026-04-26,C2380,DE,Electronics,231.51,2,delivered
O100908,2026-04-26,C1378,AT,Sports,172.31,2,delivered
O102879,2026-04-26,C1225,CH,Electronics,83.61,2,delivered
O104421,2026-04-26,C2050,CH,Fashion,79.61,1,delivered
O104172,2026-04-27,C1431,DE,Fashion,55.27,3,returned
O102544,2026-04-27,C2752,FR,Home,35.36,2,delivered
O102085,2026-04-27,C2544,DE,Electronics,261.81,1,delivered
O102640,2026-04-27,C1792,FR,Home,26.78,2,delivered
O104533,2026-04-27,C2107,CH,Home,63.21,1,delivered
O102279,2026-04-27,C2545,CH,Home,117.15,3,delivered
O104575,2026-04-27,C2657,DE,Home,88.95,2,delivered
O103929,2026-04-27,C2040,DE,Fashion,37.13,2,delivered
O103673,2026-04-27,C1071,CH,Fashion,76.01,2,returned
O103996,2026-04-28,C2148,CH,Fashion,43.7,1,delivered
O103421,2026-04-28,C2328,DE,Books,30.08,3,returned
O102988,2026-04-28,C1702,CH,Fashion,61.24,1,delivered
O101934,2026-04-28,C1439,CH,Fashion,40.98,2,delivered
O100060,2026-04-28,C1785,FR,Electronics,96.07,3,delivered
O101309,2026-04-28,C2677,CH,Electronics,107.41,1,returned
O103714,2026-04-29,C2723,DE,Sports,50.21,1,delivered
O103652,2026-04-29,C2213,DE,Home,62.09,2,delivered
O100580,2026-04-29,C2267,CH,Home,54.14,3,delivered
O104851,2026-04-29,C2017,CH,Sports,213.95,1,delivered
O104420,2026-04-29,C2310,DE,Sports,73.46,1,delivered
O104329,2026-04-29,C2748,CH,Books,21.81,2,delivered
O100791,2026-04-29,C2671,AT,Books,12.96,2,delivered
O100526,2026-04-29,C2060,IT,Fashion,60.8,2,delivered
O100608,2026-04-29,C1662,CH,Home,96.26,3,delivered
O104279,2026-04-30,C1126,DE,Sports,93.77,1,delivered
O102978,2026-04-30,C1363,CH,Home,24.05,1,delivered
O100193,2026-04-30,C1437,DE,Home,34.68,3,delivered
O103316,2026-04-30,C2273,DE,Books,20.58,1,delivered
O104581,2026-04-30,C1407,DE,Sports,88.29,2,returned
O102125,2026-04-30,C2261,DE,Sports,76.09,3,delivered
O103838,2026-05-01,C2345,AT,Home,95.64,3,returned
O101692,2026-05-01,C2563,IT,Home,98.58,3,delivered
O100920,2026-05-01,C2418,IT,Fashion,76.11,3,delivered
O100349,2026-05-01,C2517,DE,Electronics,1142.29,3,delivered
O103953,2026-05-01,C2783,DE,Fashion,20.1,3,delivered
O100377,2026-05-01,C1262,DE,Books,18.67,1,delivered
O104099,2026-05-01,C2189,CH,Electronics,62.62,1,returned
O102488,2026-05-02,C1809,DE,Electronics,53.76,3,delivered
O101576,2026-05-02,C1800,IT,Fashion,38.55,3,delivered
O102315,2026-05-02,C1195,DE,Fashion,42.55,1,delivered
O101564,2026-05-02,C2051,CH,Home,100.55,1,delivered
O104911,2026-05-02,C2060,CH,Electronics,244.39,1,delivered
O104626,2026-05-03,C2453,DE,Home,45.84,1,delivered
O103873,2026-05-03,C1161,CH,Electronics,123.83,3,delivered
O102927,2026-05-03,C2747,CH,Sports,84.26,1,cancelled
O104995,2026-05-03,C2740,FR,Electronics,43.6,1,delivered
O104366,2026-05-03,C1531,DE,Fashion,101.89,3,delivered
O104511,2026-05-03,C2492,CH,Fashion,39.67,2,delivered
O100205,2026-05-03,C2663,DE,Sports,58.99,3,delivered
O100631,2026-05-03,C1762,CH,Electronics,70.62,3,delivered
O101015,2026-05-03,C2516,DE,Electronics,113.11,2,delivered
O102298,2026-05-03,C1827,CH,Electronics,440.14,3,delivered
O100031,2026-05-04,C2734,CH,Books,9.91,2,delivered
O104758,2026-05-04,C2245,CH,Sports,92.6,1,delivered
O103691,2026-05-04,C1845,CH,Books,17.1,3,delivered
O103268,2026-05-04,C2765,CH,Electronics,47.7,1,delivered
O101664,2026-05-04,C2266,DE,Fashion,11.0,1,delivered
O104565,2026-05-04,C1128,CH,Home,40.68,3,returned
O101691,2026-05-04,C1766,CH,Home,119.8,2,delivered
O102130,2026-05-04,C1107,CH,Books,10.02,1,delivered
O103705,2026-05-04,C1544,CH,Fashion,86.32,1,delivered
O104691,2026-05-05,C2055,IT,Fashion,48.48,1,delivered
O104860,2026-05-05,C1944,DE,Home,102.49,3,delivered
O101175,2026-05-05,C2751,DE,Books,11.86,3,delivered
O101086,2026-05-05,C2271,FR,Books,13.05,2,delivered
O100297,2026-05-05,C2283,CH,Sports,188.51,1,delivered
O104019,2026-05-05,C1963,FR,Sports,115.78,2,delivered
O101246,2026-05-05,C1014,IT,Sports,167.82,2,delivered
O100446,2026-05-05,C2022,DE,Sports,212.8,1,delivered
O102625,2026-05-05,C1557,CH,Electronics,1204.2,3,delivered
O101682,2026-05-05,C2275,CH,Electronics,359.68,3,delivered
O103078,2026-05-06,C2017,DE,Electronics,691.87,3,delivered
O101552,2026-05-06,C2689,CH,Sports,65.69,2,delivered
O102311,2026-05-06,C2521,CH,Electronics,558.79,2,delivered
O101376,2026-05-06,C2283,CH,Sports,218.01,3,returned
O103696,2026-05-06,C1918,DE,Electronics,113.63,1,delivered
O102499,2026-05-06,C1168,CH,Electronics,1334.6,2,delivered
O102174,2026-05-07,C1247,CH,Electronics,143.35,2,delivered
O104411,2026-05-07,C1175,FR,Fashion,48.96,2,delivered
O102056,2026-05-07,C1503,FR,Home,114.25,2,returned
O104372,2026-05-07,C1196,CH,Fashion,26.7,2,delivered
O100777,2026-05-07,C2725,CH,Fashion,44.99,1,cancelled
O103582,2026-05-07,C1452,CH,Home,28.9,1,returned
O104779,2026-05-07,C1213,DE,Electronics,214.03,3,delivered
O104084,2026-05-07,C1651,DE,Sports,36.28,2,delivered
O100826,2026-05-07,C1225,CH,Books,13.34,2,delivered
O103063,2026-05-08,C1946,CH,Electronics,80.11,2,delivered
O102801,2026-05-08,C1526,DE,Sports,114.09,2,delivered
O103665,2026-05-08,C2588,DE,Fashion,49.42,2,delivered
O100314,2026-05-08,C2765,IT,Fashion,101.47,2,delivered
O102109,2026-05-08,C2557,CH,Books,26.87,3,delivered
O100914,2026-05-08,C2319,AT,Books,33.11,2,delivered
O103233,2026-05-08,C2629,DE,Home,110.01,1,delivered
O102201,2026-05-09,C1436,CH,Electronics,711.59,3,delivered
O103333,2026-05-09,C2693,CH,Electronics,222.97,2,delivered
O102733,2026-05-09,C1070,DE,Home,23.38,1,delivered
O103900,2026-05-09,C1613,AT,Books,14.52,2,cancelled
O103378,2026-05-09,C1927,DE,Fashion,28.0,1,delivered
O103011,2026-05-09,C2583,DE,Sports,25.13,1,delivered
O104036,2026-05-09,C2380,AT,Home,64.07,1,delivered
O101598,2026-05-09,C1636,CH,Fashion,15.68,2,delivered
O103666,2026-05-09,C1955,CH,Books,11.86,3,delivered
O104106,2026-05-09,C1316,FR,Fashion,66.89,1,cancelled
O103062,2026-05-09,C1190,DE,Books,32.21,1,delivered
O100002,2026-05-10,C2151,CH,Home,172.28,2,delivered
O100999,2026-05-10,C1342,FR,Fashion,47.01,1,delivered
O101318,2026-05-10,C1385,IT,Electronics,405.95,3,cancelled
O103043,2026-05-10,C1850,DE,Electronics,381.06,1,delivered
O102734,2026-05-10,C2319,DE,Electronics,1476.17,3,delivered
O103461,2026-05-10,C1808,FR,Home,42.5,3,delivered
O102562,2026-05-11,C1768,DE,Electronics,97.35,1,delivered
O102345,2026-05-11,C1954,DE,Home,126.56,3,delivered
O103329,2026-05-11,C2415,DE,Fashion,71.18,3,delivered
O101256,2026-05-11,C2342,FR,Home,71.88,3,delivered
O100603,2026-05-11,C2594,FR,Home,40.2,3,returned
O100323,2026-05-11,C1797,CH,Sports,77.31,1,delivered
O100591,2026-05-11,C1086,FR,Home,78.58,1,delivered
O103200,2026-05-11,C1824,FR,Home,43.16,2,delivered
O100347,2026-05-11,C2085,DE,Books,14.22,3,delivered
O101675,2026-05-11,C1843,AT,Fashion,59.55,3,delivered
O104216,2026-05-11,C2055,FR,Electronics,39.14,3,delivered
O101535,2026-05-11,C1918,AT,Sports,66.0,1,delivered
O101427,2026-05-11,C1457,CH,Home,69.65,3,delivered
O100814,2026-05-11,C2654,DE,Fashion,43.23,2,delivered
O102122,2026-05-11,C2314,DE,Electronics,243.71,1,delivered
O102624,2026-05-12,C1442,FR,Books,24.49,2,delivered
O103035,2026-05-12,C1248,FR,Fashion,96.35,3,delivered
O103064,2026-05-12,C2056,DE,Books,11.88,2,delivered
O100827,2026-05-12,C1300,CH,Fashion,38.25,1,delivered
O101906,2026-05-12,C1700,CH,Fashion,53.86,1,delivered
O104813,2026-05-13,C1191,FR,Sports,30.7,1,cancelled
O103679,2026-05-13,C2121,CH,Books,26.91,2,delivered
O103072,2026-05-13,C1568,CH,Electronics,92.49,2,delivered
O100287,2026-05-13,C2757,DE,Sports,58.49,2,delivered
O102293,2026-05-13,C1424,IT,Fashion,57.7,1,delivered
O100055,2026-05-13,C1318,CH,Home,69.11,3,delivered
O102026,2026-05-13,C1330,AT,Fashion,53.47,3,delivered
O100391,2026-05-13,C1789,FR,Fashion,47.0,2,delivered
O103068,2026-05-13,C2096,CH,Books,15.31,1,delivered
O103405,2026-05-13,C1771,DE,Books,16.57,3,delivered
O102697,2026-05-14,C2557,FR,Electronics,147.38,1,delivered
O103161,2026-05-14,C1626,DE,Electronics,270.01,1,cancelled
O103732,2026-05-14,C1448,CH,Electronics,551.21,3,delivered
O100291,2026-05-14,C2633,IT,Electronics,16.05,1,returned
O101939,2026-05-14,C1527,AT,Sports,96.4,3,delivered
O103512,2026-05-14,C2356,CH,Electronics,165.22,1,delivered
O102984,2026-05-14,C1539,DE,Home,,1,delivered
O104903,2026-05-14,C2250,DE,Fashion,30.27,3,delivered
O100348,2026-05-14,C2243,CH,Electronics,109.54,3,delivered
O100636,2026-05-15,C2488,FR,Home,24.69,3,delivered
O104639,2026-05-15,C2391,CH,Home,116.7,1,delivered
O100951,2026-05-15,C1370,DE,Fashion,21.62,2,delivered
O103885,2026-05-15,C1271,CH,Books,16.76,3,delivered
O101826,2026-05-15,C1274,CH,Books,24.22,1,delivered
O101461,2026-05-15,C2033,DE,Home,70.46,1,delivered
O102759,2026-05-15,C1343,DE,Sports,85.93,2,delivered
O102566,2026-05-15,C2759,IT,Electronics,147.92,1,delivered
O104486,2026-05-15,C2460,CH,Home,30.89,1,delivered
O101777,2026-05-15,C1194,CH,Home,74.11,3,delivered
O100277,2026-05-15,C1467,CH,Home,40.29,1,delivered
O100141,2026-05-15,C1576,IT,Electronics,210.3,2,delivered
O104312,2026-05-15,C2177,DE,Sports,25.09,2,delivered
O103810,2026-05-16,C1076,CH,Fashion,91.47,3,delivered
O103856,2026-05-16,C2523,CH,Fashion,149.53,3,delivered
O103577,2026-05-16,C1026,CH,Fashion,63.43,3,delivered
O100898,2026-05-16,C1998,DE,Fashion,95.21,2,delivered
O101409,2026-05-16,C1880,CH,Sports,40.84,1,delivered
O100284,2026-05-16,C1051,CH,Home,,1,delivered
O104523,2026-05-16,C2503,DE,Home,43.17,1,delivered
O100434,2026-05-16,C2523,DE,Fashion,36.64,1,delivered
O102108,2026-05-17,C1977,CH,Sports,51.69,3,delivered
O100521,2026-05-17,C1799,CH,Sports,60.56,1,delivered
O104379,2026-05-17,C2799,IT,Sports,119.2,3,delivered
O103841,2026-05-17,C1594,CH,Books,29.61,1,delivered
O104613,2026-05-17,C2321,CH,Sports,61.62,3,returned
O101574,2026-05-17,C1759,AT,Electronics,116.01,1,delivered
O104953,2026-05-17,C1168,AT,Electronics,169.72,1,delivered
O100835,2026-05-17,C2608,FR,Home,67.72,3,delivered
O104285,2026-05-17,C2416,CH,Home,161.19,1,delivered
O101815,2026-05-17,C2322,CH,Sports,64.1,2,delivered
O104328,2026-05-17,C1608,AT,Electronics,204.03,1,delivered
O102495,2026-05-17,C1422,AT,Home,60.07,2,delivered
O101990,2026-05-18,C2370,CH,Electronics,276.2,1,delivered
O104391,2026-05-18,C1771,FR,Home,34.7,3,delivered
O102838,2026-05-18,C1461,CH,Home,42.22,1,delivered
O101654,2026-05-18,C1957,FR,Fashion,49.77,3,delivered
O104130,2026-05-18,C2644,DE,Fashion,55.85,2,delivered
O103029,2026-05-18,C1033,DE,Fashion,38.47,3,delivered
O101754,2026-05-18,C2725,CH,Sports,166.57,3,delivered
O100737,2026-05-18,C1711,IT,Sports,18.85,1,delivered
O101047,2026-05-18,C1492,DE,Fashion,26.65,1,delivered
O103657,2026-05-19,C2308,DE,Books,9.2,2,delivered
O103914,2026-05-19,C2377,CH,Home,40.53,3,delivered
O101863,2026-05-19,C2668,DE,Fashion,26.32,3,delivered
O103152,2026-05-19,C2267,DE,Home,44.68,3,delivered
O102064,2026-05-19,C1323,CH,Books,31.12,3,delivered
O104816,2026-05-19,C1843,IT,Home,119.5,3,delivered
O104562,2026-05-19,C2116,DE,Electronics,203.69,3,delivered
O104802,2026-05-20,C1939,AT,Home,114.12,1,delivered
O101437,2026-05-20,C1529,IT,Fashion,70.01,2,delivered
O102327,2026-05-20,C1735,DE,Fashion,79.94,3,delivered
O104832,2026-05-20,C2598,CH,Electronics,46.34,1,delivered
O102356,2026-05-20,C1666,DE,Fashion,46.85,3,delivered
O104208,2026-05-21,C1555,IT,Fashion,52.86,2,delivered
O103482,2026-05-21,C2591,CH,Books,11.17,2,delivered
O102091,2026-05-21,C1496,CH,Home,45.33,3,delivered
O103481,2026-05-21,C1493,AT,Sports,90.09,3,delivered
O100387,2026-05-21,C2794,IT,Home,76.6,2,returned
O104462,2026-05-21,C2758,DE,Home,37.52,1,delivered
O104260,2026-05-21,C1794,IT,Sports,220.56,3,delivered
O104784,2026-05-21,C1063,DE,Fashion,51.51,2,delivered
O104282,2026-05-21,C2551,IT,Books,16.44,1,delivered
O100848,2026-05-22,C1153,CH,Books,28.64,3,delivered
O104187,2026-05-22,C1105,CH,Fashion,66.05,3,returned
O104922,2026-05-22,C1406,CH,Books,30.17,2,delivered
O103217,2026-05-22,C1926,CH,Fashion,51.58,3,delivered
O103401,2026-05-22,C2560,DE,Books,9.83,3,delivered
O101094,2026-05-22,C1673,DE,Sports,33.95,2,delivered
O100476,2026-05-22,C1270,CH,Fashion,39.75,3,delivered
O103177,2026-05-22,C2694,FR,Home,37.5,3,delivered
O102524,2026-05-22,C2388,DE,Home,27.12,2,cancelled
O104830,2026-05-22,C1316,IT,Electronics,328.36,3,returned
O100037,2026-05-22,C2718,DE,Electronics,3263.04,1,delivered
O103534,2026-05-22,C2638,AT,Fashion,33.83,2,delivered
O104535,2026-05-22,C2058,IT,Fashion,49.99,3,delivered
O103748,2026-05-22,C2652,FR,Home,34.99,2,delivered
O100919,2026-05-23,C1887,DE,Fashion,84.49,3,delivered
O104513,2026-05-23,C2426,DE,Home,42.94,2,delivered
O103567,2026-05-23,C1562,AT,Home,104.19,1,delivered
O101156,2026-05-23,C1499,FR,Fashion,55.4,1,delivered
O103349,2026-05-23,C1962,CH,Fashion,21.28,3,delivered
O102104,2026-05-23,C1878,CH,Books,27.21,2,delivered
O103593,2026-05-23,C1230,CH,Home,51.44,3,delivered
O103444,2026-05-23,C2279,DE,Fashion,43.0,2,delivered
O104050,2026-05-23,C2036,AT,Books,16.79,2,delivered
O101157,2026-05-23,C1975,IT,Electronics,230.81,3,delivered
O102182,2026-05-23,C2771,IT,Books,16.73,3,delivered
O103038,2026-05-23,C1151,FR,Fashion,67.91,3,delivered
O101194,2026-05-23,C1244,DE,Fashion,40.27,3,delivered
O103167,2026-05-23,C1022,FR,Books,18.82,3,delivered
O104835,2026-05-24,C2532,DE,Books,17.57,1,delivered
O101008,2026-05-24,C1338,IT,Sports,154.95,3,delivered
O104749,2026-05-24,C2191,IT,Home,206.88,1,delivered
O102580,2026-05-24,C1186,DE,Fashion,60.12,3,delivered
O101434,2026-05-24,C2174,AT,Electronics,689.93,2,delivered
O100102,2026-05-24,C1114,DE,Fashion,54.25,3,delivered
O104646,2026-05-24,C2171,AT,Sports,73.39,1,delivered
O103570,2026-05-24,C2326,DE,Sports,21.98,1,delivered
O103320,2026-05-24,C2334,CH,Home,87.94,3,delivered
O102127,2026-05-24,C1654,CH,Home,23.32,3,delivered
O103220,2026-05-25,C1665,IT,Sports,102.79,2,delivered
O102672,2026-05-25,C1050,CH,Fashion,23.23,3,delivered
O100691,2026-05-25,C1585,CH,Home,57.7,1,delivered
O101495,2026-05-25,C2590,DE,Electronics,251.81,1,delivered
O103205,2026-05-25,C2009,CH,Fashion,85.75,2,returned
O102885,2026-05-25,C1243,CH,Sports,91.54,1,delivered
O102404,2026-05-26,C2287,AT,Home,58.95,3,delivered
O104824,2026-05-26,C1176,DE,Sports,52.65,2,delivered
O102424,2026-05-26,C1837,FR,Electronics,209.9,1,delivered
O103355,2026-05-26,C1428,DE,Home,28.28,2,delivered
O102980,2026-05-26,C2601,IT,Home,27.76,3,delivered
O103067,2026-05-26,C1295,CH,Fashion,42.45,2,delivered
O103121,2026-05-26,C1451,DE,Books,21.36,3,delivered
O102897,2026-05-26,C2675,AT,Fashion,38.28,2,delivered
O104235,2026-05-26,C1606,DE,Electronics,823.46,1,returned
O104852,2026-05-26,C2279,FR,Sports,101.33,1,delivered
O100770,2026-05-26,C2181,DE,Books,12.4,3,delivered
O100046,2026-05-26,C2060,CH,Home,50.83,2,delivered
O100916,2026-05-27,C1847,DE,Electronics,285.31,2,delivered
O101531,2026-05-27,C2659,CH,Home,31.31,3,delivered
O101426,2026-05-27,C2633,CH,Books,9.91,2,delivered
O104297,2026-05-27,C1884,CH,Electronics,197.04,1,delivered
O102414,2026-05-27,C2691,DE,Sports,102.73,1,delivered
O102011,2026-05-27,C2682,DE,Home,33.36,2,delivered
O100412,2026-05-28,C2499,CH,Books,17.42,2,delivered
O104874,2026-05-28,C2671,IT,Home,74.31,2,delivered
O103126,2026-05-28,C2502,FR,Books,23.09,2,returned
O103735,2026-05-28,C1283,DE,Fashion,106.31,2,cancelled
O100274,2026-05-28,C1352,CH,Home,96.81,3,delivered
O101278,2026-05-28,C1725,CH,Home,25.58,2,delivered
O103532,2026-05-28,C1258,AT,Home,216.13,2,delivered
O101570,2026-05-28,C1834,AT,Books,10.24,3,delivered
O101482,2026-05-29,C1470,CH,Home,48.64,2,delivered
O100727,2026-05-29,C1369,CH,Sports,45.73,1,delivered
O101766,2026-05-29,C2351,CH,Sports,76.05,2,delivered
O103004,2026-05-29,C2784,FR,Home,106.09,1,delivered
O103598,2026-05-29,C2165,FR,Home,41.4,2,delivered
O103442,2026-05-30,C1144,IT,Home,89.6,2,delivered
O100292,2026-05-30,C2431,IT,Fashion,47.54,1,returned
O102234,2026-05-30,C1069,FR,Home,19.78,1,delivered
O102961,2026-05-30,C1801,IT,Home,38.98,3,delivered
O104873,2026-05-30,C1240,DE,Home,56.18,2,delivered
O102676,2026-05-30,C1323,IT,Electronics,92.05,2,delivered
O103526,2026-05-30,C2520,CH,Home,57.49,1,delivered
O101887,2026-05-31,C1016,IT,Fashion,22.35,3,delivered
O103559,2026-05-31,C1499,IT,Home,106.87,1,delivered
O100973,2026-05-31,C1302,IT,Fashion,39.21,1,delivered
O101830,2026-05-31,C2052,DE,Fashion,77.88,2,delivered
O104406,2026-06-01,C2038,CH,Fashion,28.32,1,delivered
O102001,2026-06-01,C2647,CH,Fashion,83.38,3,delivered
O104203,2026-06-01,C1132,CH,Sports,62.64,2,delivered
O100774,2026-06-01,C2348,CH,Books,13.36,2,delivered
O102255,2026-06-01,C2407,DE,Sports,251.34,1,delivered
O102683,2026-06-01,C1089,FR,Fashion,53.25,1,returned
O102126,2026-06-01,C1073,CH,Electronics,782.74,2,delivered
O102597,2026-06-01,C1229,CH,Sports,74.59,3,delivered
O102521,2026-06-01,C2470,FR,Books,13.77,1,delivered
O100847,2026-06-01,C1361,DE,Sports,60.01,2,delivered
O102166,2026-06-01,C2422,CH,Fashion,82.96,1,delivered
O101362,2026-06-02,C2545,DE,Home,45.75,2,delivered
O100484,2026-06-02,C1481,DE,Fashion,32.96,2,delivered
O102449,2026-06-02,C1713,CH,Electronics,83.26,3,delivered
O104924,2026-06-02,C2028,FR,Books,12.42,1,delivered
O101032,2026-06-03,C2256,IT,Sports,66.76,3,delivered
O102198,2026-06-03,C1138,AT,Fashion,33.28,1,delivered
O100400,2026-06-03,C1288,DE,Electronics,484.0,1,delivered
O101036,2026-06-03,C2766,CH,Sports,93.51,3,delivered
O104338,2026-06-03,C1957,IT,Fashion,39.83,3,delivered
O103412,2026-06-03,C2305,CH,Electronics,422.7,2,cancelled
O103909,2026-06-03,C1755,AT,Books,18.95,2,delivered
O104162,2026-06-04,C1488,CH,Home,100.83,2,delivered
O103144,2026-06-04,C2393,IT,Home,72.16,1,returned
O103579,2026-06-04,C1447,CH,Home,57.28,2,delivered
O103463,2026-06-04,C1799,CH,Fashion,37.85,2,delivered
O103311,2026-06-04,C1696,CH,Sports,25.44,1,delivered
O104242,2026-06-04,C1007,CH,Home,77.74,1,delivered
O104821,2026-06-05,C1988,IT,Books,15.48,1,delivered
O101307,2026-06-05,C1908,DE,Home,61.87,1,delivered
O100038,2026-06-05,C2556,AT,Home,40.63,3,delivered
O104881,2026-06-05,C1679,AT,Electronics,112.5,1,delivered
O104371,2026-06-05,C1578,FR,Home,74.0,2,returned
O100470,2026-06-05,C1871,IT,Sports,107.25,2,delivered
O100123,2026-06-05,C1274,DE,Sports,67.17,2,delivered
O103061,2026-06-05,C1046,DE,Fashion,15.35,1,delivered
O102107,2026-06-05,C1438,DE,Books,9.15,2,delivered
O101012,2026-06-06,C2753,CH,Home,30.57,3,delivered
O101383,2026-06-06,C1828,DE,Home,56.07,2,delivered
O100664,2026-06-06,C2588,CH,Home,37.73,1,delivered
O104292,2026-06-06,C1042,CH,Fashion,87.87,1,delivered
O104326,2026-06-07,C1427,CH,Electronics,102.68,2,delivered
O102514,2026-06-07,C1397,DE,Sports,96.02,3,delivered
O102388,2026-06-07,C1786,FR,Home,122.15,1,delivered
O101903,2026-06-07,C1838,DE,Electronics,44.21,3,delivered
O103208,2026-06-07,C2620,IT,Fashion,42.2,2,delivered
O101111,2026-06-07,C2597,CH,Electronics,26.76,2,delivered
O103906,2026-06-07,C2143,CH,Books,12.28,2,delivered
O103009,2026-06-07,C2652,CH,Books,15.76,3,delivered
O104803,2026-06-07,C1781,CH,Sports,57.25,3,delivered
O102236,2026-06-07,C1209,DE,Fashion,90.6,1,delivered
O100700,2026-06-07,C2302,DE,Home,86.65,3,delivered
O103683,2026-06-08,C2633,CH,Books,16.45,2,delivered
O104557,2026-06-08,C1793,CH,Fashion,73.17,3,delivered
O101998,2026-06-08,C1182,CH,Electronics,1162.87,1,delivered
O101500,2026-06-08,C1622,CH,Home,34.74,1,delivered
O103375,2026-06-08,C2554,AT,Fashion,43.95,1,delivered
O102798,2026-06-08,C2008,AT,Home,192.59,3,delivered
O102774,2026-06-08,C2117,IT,Sports,31.0,3,delivered
O104397,2026-06-08,C1404,FR,Electronics,100.27,3,delivered
O100244,2026-06-08,C1926,FR,Books,6.63,3,delivered
O101954,2026-06-09,C1354,FR,Electronics,73.5,1,delivered
O103016,2026-06-09,C1136,FR,Books,12.97,3,delivered
O100109,2026-06-09,C2666,CH,Fashion,91.84,1,delivered
O101061,2026-06-09,C2412,AT,Sports,74.59,1,delivered
O100183,2026-06-09,C1068,CH,Home,39.49,3,delivered
O101987,2026-06-09,C1517,DE,Fashion,85.55,2,delivered
O104120,2026-06-09,C1372,FR,Home,32.42,2,delivered
O103234,2026-06-09,C1384,DE,Books,15.0,2,delivered
O102482,2026-06-09,C1777,CH,Electronics,101.82,3,delivered
O100817,2026-06-10,C1123,CH,Electronics,141.32,2,delivered
O102955,2026-06-10,C2030,IT,Electronics,79.79,1,delivered
O104927,2026-06-10,C2626,AT,Electronics,71.12,3,delivered
O101341,2026-06-10,C2427,DE,Home,41.73,1,delivered
O100576,2026-06-10,C1556,AT,Sports,35.37,2,delivered
O103816,2026-06-10,C2489,CH,Books,22.57,2,delivered
O103124,2026-06-10,C1895,DE,Electronics,155.09,1,delivered
O101387,2026-06-10,C1621,DE,Books,35.59,2,delivered
O104897,2026-06-10,C1031,CH,Home,84.84,2,delivered
O102307,2026-06-11,C2138,CH,Books,12.1,2,delivered
O104426,2026-06-11,C1406,CH,Sports,142.16,3,delivered
O101973,2026-06-11,C1113,IT,Home,46.51,2,returned
O103518,2026-06-11,C2589,CH,Fashion,34.51,2,delivered
O103608,2026-06-11,C2603,IT,Fashion,34.9,3,delivered
O101137,2026-06-11,C1605,CH,Books,20.25,3,delivered
O103800,2026-06-11,C1188,DE,Electronics,140.09,1,delivered
O102526,2026-06-11,C2173,FR,Home,89.77,1,delivered
O103974,2026-06-11,C1611,IT,Fashion,29.89,2,delivered
O101152,2026-06-12,C1265,CH,Sports,39.64,2,delivered
O104730,2026-06-12,C1404,DE,Fashion,33.21,1,delivered
O100386,2026-06-12,C1804,AT,Electronics,119.75,2,delivered
O102584,2026-06-12,C1326,AT,Home,,3,delivered
O101476,2026-06-12,C1571,CH,Electronics,167.74,2,delivered
O100424,2026-06-12,C2537,CH,Home,65.03,1,delivered
O101401,2026-06-12,C2090,AT,Fashion,32.66,2,delivered
O102071,2026-06-12,C2544,IT,Books,18.06,3,delivered
O101536,2026-06-12,C1505,FR,Fashion,72.28,3,cancelled
O102998,2026-06-12,C2057,FR,Books,14.47,3,delivered
O102903,2026-06-12,C2245,CH,Books,29.22,3,delivered
O100592,2026-06-13,C1770,CH,Sports,56.81,1,delivered
O100155,2026-06-13,C1590,CH,Books,26.99,2,delivered
O102047,2026-06-13,C2612,DE,Fashion,49.25,2,delivered
O102777,2026-06-13,C1304,DE,Sports,158.16,1,delivered
O101732,2026-06-13,C2124,CH,Fashion,64.46,3,returned
O102205,2026-06-13,C2353,CH,Fashion,60.85,3,delivered
O103051,2026-06-13,C1426,AT,Sports,77.88,3,delivered
O100411,2026-06-13,C1212,FR,Electronics,166.21,1,delivered
O103716,2026-06-14,C2567,DE,Electronics,111.83,1,delivered
O103188,2026-06-14,C2685,DE,Fashion,27.73,3,delivered
O102448,2026-06-14,C1233,IT,Books,34.24,3,delivered
O101293,2026-06-14,C1362,AT,Books,24.71,2,delivered
O101124,2026-06-14,C2221,DE,Home,82.6,3,delivered
O102816,2026-06-14,C2638,CH,Sports,39.56,3,delivered
O103541,2026-06-14,C1138,CH,Sports,30.07,1,delivered
O101020,2026-06-14,C2315,DE,Electronics,55.97,2,delivered
O103761,2026-06-14,C1545,DE,Home,17.8,1,delivered
O103082,2026-06-15,C1820,CH,Fashion,18.34,3,returned
O102220,2026-06-15,C2167,FR,Home,97.61,1,delivered
O102272,2026-06-15,C2542,AT,Fashion,43.21,2,cancelled
O103784,2026-06-15,C1236,DE,Home,61.79,3,delivered
O104838,2026-06-15,C2045,CH,Fashion,37.13,3,delivered
O102359,2026-06-15,C1376,FR,Books,19.38,2,delivered
O100028,2026-06-15,C1503,CH,Fashion,23.18,3,delivered
O102401,2026-06-15,C1408,DE,Fashion,19.81,2,delivered
O104838,2026-06-15,C2045,CH,Fashion,37.13,3,delivered
O102997,2026-06-15,C1273,IT,Home,135.48,1,delivered
O101046,2026-06-16,C2423,CH,Sports,29.03,1,delivered
O100104,2026-06-16,C1864,DE,Home,95.79,3,delivered
O100674,2026-06-16,C2460,CH,Home,108.01,2,delivered
O100072,2026-06-16,C1820,AT,Fashion,40.06,1,returned
O100450,2026-06-16,C1155,CH,Sports,133.47,2,delivered
O100702,2026-06-16,C1217,DE,Sports,25.16,3,delivered
O101876,2026-06-16,C2701,CH,Sports,30.57,2,delivered
O100604,2026-06-16,C1448,FR,Sports,49.49,3,delivered
O103048,2026-06-17,C1993,DE,Home,66.03,1,delivered
O103613,2026-06-17,C2193,CH,Sports,31.46,1,delivered
O104785,2026-06-17,C1216,CH,Electronics,277.53,1,delivered
O102036,2026-06-17,C1890,CH,Home,89.74,3,delivered
O101684,2026-06-17,C1106,DE,Home,61.42,1,delivered
O104636,2026-06-18,C1213,AT,Home,32.79,1,delivered
O102757,2026-06-18,C2511,DE,Books,13.48,2,delivered
O104738,2026-06-18,C2158,IT,Electronics,409.51,1,cancelled
O103828,2026-06-18,C1181,IT,Books,25.74,1,delivered
O102046,2026-06-18,C2241,AT,Home,101.23,1,delivered
O104054,2026-06-18,C1934,DE,Fashion,42.22,1,returned
O104054,2026-06-18,C1934,DE,Fashion,42.22,1,returned
O102214,2026-06-18,C1244,AT,Books,36.53,1,delivered
O102117,2026-06-18,C1530,IT,Home,58.67,2,delivered
O102662,2026-06-18,C1399,IT,Fashion,26.96,1,delivered
O101516,2026-06-18,C2026,FR,Fashion,33.69,1,delivered
O102464,2026-06-18,C1711,DE,Electronics,89.68,3,delivered
O102321,2026-06-19,C1400,AT,Home,41.37,1,delivered
O100427,2026-06-19,C1789,CH,Home,96.82,1,delivered
O102000,2026-06-19,C1417,FR,Electronics,198.42,3,delivered
O100796,2026-06-19,C1613,CH,Electronics,135.73,1,cancelled
O101746,2026-06-19,C1311,DE,Electronics,12.67,1,delivered
O101829,2026-06-20,C2087,AT,Home,97.74,2,returned
O101673,2026-06-20,C1915,DE,Fashion,77.59,3,delivered
O102072,2026-06-20,C1751,IT,Books,13.93,2,delivered
O103224,2026-06-20,C2516,FR,Home,40.75,3,delivered
O100627,2026-06-21,C2113,DE,Fashion,41.03,2,delivered
O101958,2026-06-21,C2310,CH,Electronics,64.08,3,delivered
O102947,2026-06-21,C1527,DE,Books,19.09,1,delivered
O104236,2026-06-21,C1568,AT,Home,74.26,2,delivered
O100856,2026-06-21,C2166,CH,Home,28.69,3,delivered
O100981,2026-06-21,C2139,FR,Home,106.57,2,delivered
O101369,2026-06-21,C2278,DE,Home,16.94,3,delivered
O103471,2026-06-22,C1013,DE,Fashion,24.69,1,delivered
O100057,2026-06-22,C1041,DE,Home,30.16,1,delivered
O102668,2026-06-22,C1146,AT,Electronics,87.98,3,delivered
O100490,2026-06-22,C2308,CH,Home,164.98,2,delivered
O100136,2026-06-22,C2440,CH,Home,53.44,1,delivered
O104455,2026-06-22,C2403,DE,Sports,80.61,2,delivered
O102292,2026-06-22,C2250,CH,Fashion,46.37,3,returned
O103053,2026-06-22,C1616,CH,Fashion,34.04,3,delivered
O101729,2026-06-22,C2541,IT,Electronics,519.64,1,delivered
O100459,2026-06-22,C1421,DE,Home,26.73,3,delivered
O102507,2026-06-22,C1931,CH,Fashion,39.75,2,delivered
O102195,2026-06-23,C2775,DE,Fashion,17.23,1,delivered
O104810,2026-06-23,C2687,IT,Electronics,173.31,2,delivered
O100020,2026-06-23,C1592,DE,Home,20.7,3,returned
O104321,2026-06-23,C2026,DE,Books,18.47,2,returned
O102098,2026-06-23,C1542,CH,Sports,91.08,2,delivered
O102444,2026-06-23,C1556,DE,Books,24.28,2,delivered
O103924,2026-06-23,C2448,AT,Electronics,775.25,3,delivered
O100360,2026-06-23,C1386,CH,Fashion,19.24,3,delivered
O100885,2026-06-23,C1118,DE,Fashion,89.63,1,delivered
O100531,2026-06-24,C1714,DE,Books,30.49,2,delivered
O102155,2026-06-24,C2728,DE,Home,15.01,1,delivered
O103772,2026-06-24,C1200,CH,Fashion,56.69,3,delivered
O103186,2026-06-24,C1767,FR,Fashion,32.94,2,delivered
O101347,2026-06-24,C2745,DE,Home,24.14,2,returned
O100227,2026-06-24,C2679,CH,Home,51.28,2,returned
O104490,2026-06-24,C1084,DE,Fashion,66.36,2,delivered
O101235,2026-06-25,C1705,CH,Sports,56.31,2,delivered
O100516,2026-06-25,C1510,CH,Home,69.6,1,delivered
O101214,2026-06-25,C2091,AT,Fashion,71.83,1,delivered
O104801,2026-06-25,C2238,CH,Fashion,54.81,2,delivered
O104708,2026-06-25,C2294,AT,Home,41.16,2,delivered
O103594,2026-06-25,C1343,CH,Electronics,584.26,1,delivered
O102294,2026-06-25,C1563,CH,Sports,123.78,1,delivered
O102238,2026-06-25,C2297,FR,Sports,145.06,2,delivered
O102783,2026-06-25,C1064,CH,Home,65.86,3,delivered
O101965,2026-06-26,C2276,DE,Home,172.63,1,delivered
O101349,2026-06-26,C1413,CH,Home,28.88,1,returned
O101254,2026-06-26,C2135,DE,Home,34.14,2,delivered
O104736,2026-06-26,C2711,CH,Fashion,74.53,3,delivered
O102582,2026-06-26,C1176,FR,Electronics,286.57,3,delivered
O101066,2026-06-26,C2258,DE,Fashion,32.18,1,delivered
O104624,2026-06-27,C1636,DE,Home,76.01,3,delivered
O103462,2026-06-27,C2691,CH,Home,23.32,3,delivered
O100399,2026-06-27,C1098,IT,Sports,32.79,3,delivered
O104645,2026-06-27,C1491,FR,Fashion,26.77,2,delivered
O100222,2026-06-27,C2456,IT,Home,45.51,3,delivered
O100497,2026-06-27,C1338,CH,Fashion,39.56,3,delivered
O104796,2026-06-27,C2543,FR,Fashion,58.47,3,delivered
O101787,2026-06-27,C1069,CH,Fashion,36.68,3,delivered
O104354,2026-06-28,C2608,DE,Fashion,26.2,2,delivered
O101751,2026-06-28,C2129,FR,Home,74.47,1,delivered
O101055,2026-06-28,C1102,DE,Sports,48.39,2,delivered
O100369,2026-06-28,C2627,IT,Fashion,21.93,2,delivered
O102270,2026-06-28,C1023,CH,Electronics,26.29,2,delivered
O103026,2026-06-29,C1873,FR,Sports,75.76,2,delivered
O104928,2026-06-29,C1048,DE,Electronics,258.95,2,delivered
O102408,2026-06-29,C1212,CH,Fashion,37.64,1,delivered
O101520,2026-06-29,C1770,CH,Home,17.18,3,delivered
O100962,2026-06-29,C1391,FR,Electronics,128.93,3,delivered
O100174,2026-06-29,C2450,IT,Fashion,14.54,3,delivered
O103684,2026-06-29,C1494,CH,Sports,96.8,3,delivered
O104263,2026-06-29,C2638,FR,Home,71.59,2,delivered
O100837,2026-06-29,C1731,DE,Books,19.57,2,delivered
O103908,2026-06-29,C2693,DE,Fashion,25.49,1,delivered
O100192,2026-06-29,C2793,IT,Electronics,472.88,1,delivered
O103358,2026-06-30,C1466,FR,Books,16.91,1,delivered
O101543,2026-06-30,C2156,CH,Sports,42.27,3,delivered
O102022,2026-06-30,C1273,DE,Home,58.02,2,delivered
O102367,2026-06-30,C1335,AT,Books,32.97,3,delivered
O104494,2026-06-30,C1688,DE,Fashion,42.27,3,delivered
O102273,2026-06-30,C2090,CH,Electronics,21.28,2,delivered
O101424,2026-06-30,C1518,DE,Electronics,470.36,1,delivered
O104494,2026-06-30,C1688,DE,Fashion,42.27,3,delivered
O101093,2026-06-30,C1604,DE,Electronics,35.54,3,delivered
O103448,2026-07-01,C2167,DE,Sports,101.73,1,delivered
O102786,2026-07-01,C2009,CH,Fashion,45.1,1,delivered
O103465,2026-07-01,C1363,DE,Home,36.66,3,delivered
O101154,2026-07-01,C1022,CH,Home,41.84,2,delivered
O103676,2026-07-01,C1227,CH,Home,46.67,2,delivered
O100395,2026-07-01,C2187,CH,Fashion,58.79,1,returned
O100402,2026-07-01,C2128,CH,Home,78.1,3,delivered
O104615,2026-07-01,C2043,CH,Electronics,363.43,1,returned
O102910,2026-07-01,C2505,CH,Home,23.18,1,delivered
O100880,2026-07-01,C1361,DE,Fashion,142.57,2,delivered
O103671,2026-07-01,C1931,CH,Sports,23.24,1,delivered
O100769,2026-07-02,C2012,DE,Sports,88.7,3,delivered
O101861,2026-07-02,C2480,CH,Sports,37.7,3,returned
O102600,2026-07-02,C1010,CH,Fashion,110.54,2,delivered
O101433,2026-07-02,C2684,FR,Books,24.94,3,delivered
O104170,2026-07-02,C2693,DE,Electronics,195.48,1,delivered
O104146,2026-07-03,C2332,CH,Home,39.92,2,delivered
O102902,2026-07-03,C2718,CH,Fashion,25.28,3,delivered
O101430,2026-07-03,C1564,CH,Sports,182.4,2,returned
O101092,2026-07-03,C2485,IT,Home,51.06,1,delivered
O103117,2026-07-03,C2342,DE,Electronics,733.98,2,delivered
O102389,2026-07-03,C2011,IT,Home,96.39,3,delivered
O104133,2026-07-03,C1836,DE,Sports,71.28,3,delivered
O101915,2026-07-03,C1700,CH,Sports,95.51,1,returned
O104560,2026-07-04,C1358,IT,Fashion,41.03,1,delivered
O103959,2026-07-04,C1777,DE,Home,96.6,1,delivered
O100056,2026-07-04,C2507,CH,Fashion,24.06,1,delivered
O102194,2026-07-04,C1012,DE,Sports,81.56,3,delivered
O104343,2026-07-04,C2280,FR,Sports,277.59,1,delivered
O103519,2026-07-04,C1849,CH,Electronics,72.57,3,delivered
O104704,2026-07-04,C1008,FR,Books,14.05,1,delivered
O102379,2026-07-04,C2338,DE,Fashion,38.19,3,delivered
O103299,2026-07-04,C2020,IT,Home,43.85,1,delivered
O100452,2026-07-04,C1238,DE,Fashion,110.38,3,delivered
O103445,2026-07-04,C1845,CH,Books,14.16,1,delivered
O103768,2026-07-05,C2684,FR,Electronics,220.15,3,delivered
O101742,2026-07-05,C2017,FR,Fashion,53.62,3,delivered
O102764,2026-07-05,C1443,DE,Sports,563.97,3,returned
O102764,2026-07-05,C1443,DE,Sports,563.97,3,returned
O100503,2026-07-05,C1578,CH,Fashion,71.67,1,delivered
O103537,2026-07-05,C1457,CH,Home,43.82,1,delivered
O101302,2026-07-05,C2655,CH,Books,30.63,2,delivered
O102792,2026-07-05,C1285,CH,Books,21.32,3,delivered
O100651,2026-07-05,C2089,FR,Sports,43.17,2,delivered
O102609,2026-07-05,C2328,FR,Books,14.72,2,delivered
O101115,2026-07-05,C1847,DE,Home,69.72,3,delivered
O104010,2026-07-06,C1604,DE,Home,149.72,1,delivered
O104915,2026-07-06,C2614,DE,Books,25.83,2,delivered
O104361,2026-07-06,C1580,DE,Home,31.95,1,returned
O100685,2026-07-06,C1238,FR,Sports,45.17,1,delivered
O103202,2026-07-06,C1484,CH,Home,98.51,1,delivered
O103332,2026-07-06,C2252,FR,Home,38.51,1,delivered
O101612,2026-07-07,C1847,CH,Fashion,21.02,1,delivered
O100094,2026-07-07,C1877,DE,Books,24.27,1,delivered
O102738,2026-07-07,C2447,FR,Fashion,63.54,2,delivered
O102416,2026-07-07,C2737,CH,Sports,79.04,3,delivered
O100797,2026-07-07,C2596,CH,Sports,131.88,3,delivered
O103216,2026-07-07,C2394,FR,Fashion,84.55,3,delivered
O104301,2026-07-07,C1011,DE,Books,15.17,2,delivered
O102416,2026-07-07,C2737,CH,Sports,79.04,3,delivered
O100871,2026-07-07,C1434,FR,Fashion,47.22,2,delivered
O100740,2026-07-08,C1628,CH,Electronics,72.39,2,delivered
O103431,2026-07-09,C1764,FR,Books,16.49,2,delivered
O100816,2026-07-09,C1370,IT,Fashion,60.57,2,delivered
O100207,2026-07-09,C2064,DE,Electronics,53.63,1,delivered
O100067,2026-07-10,C2399,CH,Home,36.87,2,delivered
O103915,2026-07-10,C2768,CH,Home,99.38,2,delivered
O104775,2026-07-10,C1201,IT,Electronics,90.45,2,delivered
O102913,2026-07-10,C2293,DE,Books,25.55,3,delivered
O102943,2026-07-10,C2031,CH,Electronics,171.28,1,delivered
O104314,2026-07-10,C1376,FR,Books,13.78,3,delivered
O104941,2026-07-10,C1829,FR,Electronics,317.38,1,delivered
O100137,2026-07-10,C2154,CH,Sports,32.59,3,delivered
O101051,2026-07-10,C1123,CH,Home,106.14,2,returned
O102690,2026-07-10,C1332,AT,Books,18.04,2,delivered
O102598,2026-07-10,C2135,CH,Electronics,545.42,2,delivered
O103796,2026-07-10,C2317,DE,Electronics,126.13,1,delivered
O100789,2026-07-10,C1557,CH,Home,42.24,2,delivered
O100923,2026-07-11,C1349,CH,Electronics,58.65,2,cancelled
O102534,2026-07-11,C2183,IT,Fashion,,1,delivered
O102990,2026-07-11,C2362,AT,Sports,97.4,3,delivered
O102747,2026-07-11,C1262,IT,Fashion,31.19,3,delivered
O104069,2026-07-11,C1589,DE,Sports,62.01,3,delivered
O104349,2026-07-11,C1921,DE,Electronics,107.19,2,delivered
O102614,2026-07-11,C2375,CH,Fashion,31.2,3,delivered
O104654,2026-07-12,C1271,CH,Fashion,24.39,2,delivered
O101733,2026-07-12,C1203,DE,Books,36.81,2,delivered
O102710,2026-07-12,C1911,CH,Electronics,634.94,1,delivered
O104948,2026-07-12,C2258,DE,Home,74.98,2,delivered
O100430,2026-07-12,C1736,AT,Books,12.9,3,delivered
O103118,2026-07-12,C1684,FR,Fashion,23.61,2,delivered
O102828,2026-07-12,C1719,CH,Books,14.54,2,delivered
O103952,2026-07-12,C1337,DE,Home,69.41,1,delivered
O103497,2026-07-12,C2626,DE,Books,12.87,3,delivered
O101202,2026-07-12,C1777,IT,Electronics,729.04,2,delivered
O103427,2026-07-12,C2161,DE,Sports,87.55,2,returned
O104580,2026-07-12,C2257,CH,Home,35.12,3,delivered
O101842,2026-07-13,C1827,DE,Fashion,66.64,3,delivered
O104603,2026-07-13,C2732,CH,Home,20.71,2,delivered
O100077,2026-07-13,C1698,CH,Sports,43.92,3,delivered
O101997,2026-07-13,C1428,CH,Sports,88.67,2,delivered
O103012,2026-07-13,C1236,FR,Sports,60.98,2,delivered
O100585,2026-07-13,C1322,DE,Electronics,242.49,2,returned
O104743,2026-07-13,C1328,DE,Books,24.68,3,delivered
O102731,2026-07-14,C2675,CH,Electronics,106.22,1,delivered
O101017,2026-07-14,C1786,CH,Fashion,71.36,3,delivered
O104022,2026-07-14,C2695,CH,Books,27.65,1,delivered
O101783,2026-07-14,C2489,CH,Sports,38.15,2,delivered
O102168,2026-07-14,C1288,CH,Home,17.58,2,delivered
O100353,2026-07-14,C2678,IT,Home,60.59,3,delivered
O101261,2026-07-14,C2793,CH,Fashion,47.61,2,delivered
O100529,2026-07-14,C1010,CH,Fashion,24.34,3,delivered
O102837,2026-07-14,C2538,FR,Home,18.43,1,delivered
O102318,2026-07-15,C1536,DE,Electronics,410.58,1,delivered
O103086,2026-07-15,C1669,DE,Books,21.58,3,delivered
O103751,2026-07-15,C2080,DE,Fashion,29.86,3,delivered
O100472,2026-07-15,C1859,CH,Books,33.52,1,delivered
O104502,2026-07-15,C1253,CH,Electronics,82.87,3,delivered
O104378,2026-07-15,C1235,FR,Electronics,715.44,3,delivered
O104947,2026-07-15,C2417,IT,Sports,93.27,3,delivered
O104894,2026-07-15,C1117,CH,Fashion,33.85,2,delivered
O103416,2026-07-16,C1589,DE,Electronics,643.8,3,delivered
O103834,2026-07-16,C1919,DE,Fashion,32.72,3,delivered
O100089,2026-07-16,C1966,DE,Fashion,20.93,2,delivered
O100915,2026-07-16,C2639,CH,Home,84.44,1,delivered
O101011,2026-07-16,C1661,CH,Books,14.12,2,delivered
O102995,2026-07-16,C2637,FR,Electronics,780.74,1,delivered
O103560,2026-07-17,C1948,DE,Home,121.75,3,delivered
O100271,2026-07-17,C2260,CH,Electronics,94.2,3,delivered
O104239,2026-07-17,C1313,DE,Fashion,41.87,2,delivered
O102665,2026-07-17,C2031,DE,Books,14.63,1,delivered
O102281,2026-07-17,C2077,FR,Fashion,28.14,2,delivered
O104307,2026-07-17,C2225,FR,Electronics,63.85,3,delivered
O103238,2026-07-18,C1676,CH,Home,101.67,3,delivered
O101024,2026-07-18,C1683,CH,Electronics,55.42,3,delivered
O102865,2026-07-18,C1699,FR,Fashion,42.56,3,delivered
O100258,2026-07-18,C2351,DE,Fashion,39.22,3,delivered
O102059,2026-07-18,C2494,CH,Books,20.06,3,delivered
O103277,2026-07-18,C1311,AT,Fashion,45.22,3,delivered
O101913,2026-07-18,C2266,CH,Home,36.14,1,delivered
O103517,2026-07-18,C1778,DE,Electronics,153.58,1,delivered
O104658,2026-07-18,C2410,AT,Home,25.93,3,returned
O102641,2026-07-18,C2646,DE,Home,64.95,1,delivered
O101174,2026-07-18,C1178,CH,Home,50.51,1,delivered
O101467,2026-07-18,C2411,FR,Home,59.29,2,delivered
O102732,2026-07-18,C1743,DE,Electronics,391.5,1,delivered
O100761,2026-07-18,C1433,CH,Fashion,43.51,1,delivered
O102974,2026-07-19,C2515,CH,Fashion,26.26,3,delivered
O101600,2026-07-19,C2610,FR,Sports,23.03,2,cancelled
O104987,2026-07-19,C2064,DE,Sports,173.44,3,delivered
O104760,2026-07-19,C1694,DE,Fashion,71.58,3,delivered
O103290,2026-07-19,C2749,DE,Home,66.91,3,delivered
O102351,2026-07-19,C1536,CH,Books,20.83,2,delivered
O103853,2026-07-19,C2757,AT,Fashion,36.71,2,delivered
O102430,2026-07-19,C1114,CH,Home,84.77,1,delivered
O100266,2026-07-19,C2100,FR,Electronics,1126.85,2,delivered
O101551,2026-07-19,C1878,IT,Books,27.52,2,delivered
O104982,2026-07-19,C1390,IT,Books,6.65,1,delivered
O102742,2026-07-19,C1441,FR,Electronics,425.42,1,delivered
O103173,2026-07-19,C2418,CH,Fashion,71.39,2,delivered
O101423,2026-07-20,C1274,IT,Fashion,46.38,3,delivered
O100587,2026-07-20,C1154,IT,Home,111.51,2,returned
O104840,2026-07-20,C2494,DE,Fashion,45.17,2,delivered
O100261,2026-07-20,C1273,DE,Books,15.59,1,delivered
O102501,2026-07-20,C2233,CH,Electronics,40.88,1,delivered
O103185,2026-07-20,C2152,AT,Books,38.93,1,delivered
O101892,2026-07-20,C1241,CH,Sports,63.6,2,delivered
O103185,2026-07-20,C2152,AT,Books,38.93,1,delivered
O101810,2026-07-20,C2216,CH,Fashion,47.84,1,delivered
O103998,2026-07-20,C1203,FR,Electronics,181.96,1,delivered
O100864,2026-07-21,C1550,CH,Fashion,10.51,2,delivered
O101415,2026-07-21,C1024,CH,Books,21.18,3,delivered
O101129,2026-07-21,C2700,DE,Fashion,47.37,3,delivered
O100990,2026-07-21,C2373,CH,Home,34.55,2,delivered
O102737,2026-07-21,C2068,FR,Electronics,111.23,2,cancelled
O104792,2026-07-21,C1778,CH,Fashion,59.53,2,delivered
O103765,2026-07-21,C1013,CH,Fashion,78.58,1,delivered
O103433,2026-07-22,C1984,DE,Home,85.32,3,delivered
O102508,2026-07-22,C1631,DE,Fashion,24.87,3,delivered
O100499,2026-07-22,C1689,CH,Sports,204.53,2,delivered
O100190,2026-07-22,C2515,FR,Sports,43.2,1,delivered
O103985,2026-07-22,C1609,CH,Fashion,34.66,1,delivered
O104417,2026-07-22,C2309,AT,Fashion,45.1,2,delivered
O100792,2026-07-22,C2149,CH,Electronics,187.73,1,delivered
O103889,2026-07-22,C1134,FR,Books,13.02,3,returned
O100792,2026-07-22,C2149,CH,Electronics,187.73,1,delivered
O100523,2026-07-22,C2556,CH,Electronics,94.18,2,delivered
O102923,2026-07-23,C1985,IT,Fashion,92.06,3,returned
O101727,2026-07-23,C2788,CH,Electronics,612.61,3,delivered
O100693,2026-07-23,C2666,DE,Home,47.6,3,returned
O103107,2026-07-23,C1237,CH,Home,45.36,3,delivered
O104241,2026-07-23,C1628,FR,Home,147.34,2,delivered
O102271,2026-07-23,C1386,FR,Electronics,116.84,3,delivered
O103778,2026-07-23,C1909,DE,Fashion,22.37,3,delivered
O101804,2026-07-23,C2685,DE,Fashion,39.39,2,delivered
O103325,2026-07-23,C2374,CH,Books,19.68,2,delivered
O102233,2026-07-23,C1571,CH,Electronics,89.66,2,delivered
O104902,2026-07-23,C1692,DE,Electronics,248.37,1,delivered
O104497,2026-07-23,C2579,CH,Fashion,74.58,1,delivered
O102779,2026-07-24,C1044,DE,Sports,161.53,1,cancelled
O103040,2026-07-24,C2170,DE,Fashion,45.23,3,delivered
O102497,2026-07-24,C2019,FR,Home,77.31,1,delivered
O103485,2026-07-24,C2150,AT,Fashion,63.72,2,delivered
O103893,2026-07-24,C1776,FR,Sports,95.1,1,delivered
O101738,2026-07-24,C1476,DE,Sports,88.57,3,delivered
O102853,2026-07-25,C2392,AT,Home,126.6,3,delivered
O104700,2026-07-25,C2518,FR,Home,79.93,3,delivered
O104182,2026-07-25,C1372,CH,Sports,23.88,3,delivered
O104436,2026-07-25,C2325,CH,Home,16.16,1,delivered
O102917,2026-07-25,C1478,IT,Home,41.84,3,delivered
O100991,2026-07-25,C1692,DE,Fashion,29.45,3,delivered
O102218,2026-07-25,C2218,DE,Fashion,87.78,1,delivered
O101530,2026-07-25,C2633,FR,Home,68.75,3,delivered
O101039,2026-07-26,C1905,CH,Home,86.13,3,delivered
O101130,2026-07-26,C1577,DE,Sports,52.28,2,delivered
O104262,2026-07-27,C2183,CH,Electronics,113.76,3,delivered
O102333,2026-07-27,C2042,DE,Home,70.5,3,delivered
O104517,2026-07-27,C1947,IT,Sports,72.01,1,returned
O100686,2026-07-27,C1967,AT,Home,47.95,3,delivered
O100132,2026-07-27,C1734,AT,Books,13.78,3,delivered
O104549,2026-07-27,C2034,DE,Books,18.95,3,delivered
O103242,2026-07-27,C1813,CH,Home,65.13,1,delivered
O103458,2026-07-28,C1737,CH,Fashion,114.57,2,delivered
O103584,2026-07-28,C1086,DE,Fashion,102.73,1,delivered
O104570,2026-07-29,C2715,FR,Electronics,173.2,1,delivered
O102504,2026-07-29,C1479,CH,Electronics,234.02,3,delivered
O104112,2026-07-29,C1180,IT,Home,32.1,1,delivered
O101107,2026-07-29,C2140,DE,Electronics,313.16,1,delivered
O103498,2026-07-29,C2243,IT,Fashion,51.69,2,delivered
O100823,2026-07-29,C1169,DE,Home,88.86,2,delivered
O103432,2026-07-29,C1267,CH,Fashion,59.86,2,delivered
O100011,2026-07-30,C2372,IT,Fashion,47.1,2,delivered
O104351,2026-07-30,C1189,IT,Fashion,90.37,3,delivered
O103135,2026-07-30,C1823,IT,Books,18.9,3,cancelled
O100050,2026-07-30,C2060,FR,Electronics,68.66,1,delivered
O100195,2026-07-30,C1835,DE,Fashion,28.52,1,delivered
O103814,2026-07-30,C1914,DE,Sports,107.01,2,delivered
O103814,2026-07-30,C1914,DE,Sports,107.01,2,delivered
O100878,2026-07-30,C2710,DE,Fashion,36.18,3,returned
O100318,2026-07-31,C1096,IT,Sports,54.97,1,delivered
O102006,2026-07-31,C1433,IT,Electronics,97.5,3,delivered
O100508,2026-07-31,C2661,CH,Books,54.05,1,delivered
O100505,2026-07-31,C1918,IT,Home,51.2,1,delivered
O101034,2026-07-31,C2648,CH,Home,90.99,1,delivered
O100444,2026-07-31,C2636,CH,Home,20.03,2,delivered
O101909,2026-07-31,C2109,DE,Fashion,66.71,2,returned
O103620,2026-07-31,C2095,CH,Fashion,38.76,3,returned
O102547,2026-07-31,C2044,CH,Home,56.21,1,delivered
O103738,2026-07-31,C2152,CH,Fashion,85.02,3,delivered
O103218,2026-07-31,C1194,CH,Electronics,356.12,3,delivered
O101526,2026-08-01,C2639,DE,Electronics,97.58,1,delivered
O104188,2026-08-01,C1070,IT,Home,81.22,1,delivered
O104232,2026-08-01,C1267,DE,Electronics,234.58,3,delivered
O101320,2026-08-01,C2748,FR,Electronics,75.37,1,delivered
O101901,2026-08-01,C2463,DE,Fashion,28.91,2,delivered
O100941,2026-08-02,C1104,AT,Home,46.95,1,delivered
O102820,2026-08-02,C1424,CH,Electronics,438.14,1,delivered
O100114,2026-08-02,C2529,CH,Home,41.03,3,delivered
O101311,2026-08-02,C2482,CH,Fashion,13.54,3,delivered
O103511,2026-08-03,C1345,DE,Sports,86.21,1,cancelled
O104825,2026-08-03,C1664,DE,Home,78.06,1,delivered
O103191,2026-08-03,C1656,DE,Electronics,90.05,1,delivered
O103855,2026-08-04,C1387,CH,Sports,196.14,1,delivered
O103766,2026-08-04,C1502,IT,Home,216.53,1,delivered
O104478,2026-08-04,C1570,CH,Sports,69.91,1,cancelled
O100589,2026-08-04,C2557,FR,Fashion,23.28,1,delivered
O101670,2026-08-04,C2385,DE,Home,61.44,1,delivered
O101101,2026-08-04,C2139,FR,Fashion,34.91,1,delivered
O102519,2026-08-04,C2470,DE,Fashion,73.67,2,delivered
O103607,2026-08-04,C1850,IT,Home,16.62,3,delivered
O104904,2026-08-04,C1224,CH,Home,97.59,2,delivered
O102725,2026-08-04,C2479,CH,Home,281.12,3,delivered
O100168,2026-08-04,C2565,CH,Fashion,71.78,2,delivered
O100815,2026-08-04,C2501,IT,Sports,158.43,3,delivered
O102087,2026-08-04,C2713,FR,Sports,66.03,2,delivered
O102344,2026-08-04,C1813,CH,Home,35.27,3,delivered
O102143,2026-08-05,C2160,DE,Home,32.15,3,delivered
O102161,2026-08-05,C1753,CH,Books,11.35,1,delivered
O104317,2026-08-05,C2331,DE,Home,59.55,3,delivered
O101962,2026-08-05,C1885,FR,Fashion,35.92,3,returned
O100563,2026-08-05,C1161,CH,Electronics,366.75,1,delivered
O103184,2026-08-05,C1358,DE,Electronics,312.27,3,delivered
O100594,2026-08-05,C1957,CH,Fashion,22.59,3,delivered
O104463,2026-08-05,C1176,FR,Home,64.72,3,delivered
O103366,2026-08-05,C1689,CH,Home,87.37,1,delivered
O101436,2026-08-06,C1499,DE,Fashion,,3,delivered
O101672,2026-08-06,C1096,DE,Fashion,61.59,3,delivered
O102921,2026-08-06,C1145,CH,Home,24.76,2,delivered
O101144,2026-08-06,C2791,DE,Electronics,484.71,2,delivered
O100150,2026-08-06,C2762,AT,Electronics,337.28,2,delivered
O102881,2026-08-06,C1754,FR,Electronics,208.02,2,delivered
O104627,2026-08-07,C1402,FR,Home,59.54,1,delivered
O103125,2026-08-07,C2565,DE,Fashion,75.48,2,delivered
O101655,2026-08-07,C1884,CH,Books,13.67,1,delivered
O100036,2026-08-07,C1651,AT,Home,36.23,3,delivered
O104118,2026-08-07,C1351,DE,Fashion,22.72,1,delivered
O100893,2026-08-07,C2611,DE,Home,138.59,1,delivered
O100165,2026-08-07,C2768,AT,Fashion,28.68,2,delivered
O102162,2026-08-07,C2302,CH,Home,38.66,2,delivered
O101159,2026-08-07,C1810,IT,Electronics,399.49,3,returned
O102243,2026-08-07,C2561,DE,Fashion,46.65,1,delivered
O100432,2026-08-08,C1771,CH,Home,61.43,3,delivered
O101719,2026-08-08,C2659,DE,Fashion,40.32,1,delivered
O100750,2026-08-08,C1810,CH,Electronics,50.8,3,delivered
O104339,2026-08-08,C1869,CH,Home,55.83,3,delivered
O104448,2026-08-08,C1890,CH,Books,27.7,3,returned
O100689,2026-08-08,C2329,FR,Sports,40.15,2,delivered
O101178,2026-08-08,C1433,FR,Electronics,258.89,1,delivered
O104219,2026-08-08,C1645,DE,Electronics,565.52,2,delivered
O104432,2026-08-09,C2241,CH,Electronics,204.19,1,delivered
O103641,2026-08-09,C2562,IT,Fashion,53.94,3,delivered
O101879,2026-08-09,C1270,DE,Sports,97.54,1,delivered
O102227,2026-08-09,C1184,FR,Books,17.56,1,delivered
O102960,2026-08-09,C1516,FR,Electronics,52.2,3,delivered
O102438,2026-08-09,C1045,FR,Electronics,306.46,1,delivered
O101775,2026-08-09,C1490,CH,Fashion,105.53,1,delivered
O100590,2026-08-09,C1859,AT,Sports,145.98,1,delivered
O102688,2026-08-09,C1928,DE,Electronics,182.08,3,delivered
O101201,2026-08-10,C1344,DE,Electronics,123.7,3,delivered
O100156,2026-08-10,C1046,DE,Books,13.89,2,delivered
O102471,2026-08-10,C1352,CH,Fashion,52.4,1,delivered
O102282,2026-08-10,C1457,DE,Books,20.37,3,delivered
O104610,2026-08-10,C1183,AT,Books,26.16,3,returned
O101354,2026-08-10,C1688,AT,Fashion,143.26,2,delivered
O102217,2026-08-10,C2189,DE,Home,43.03,1,cancelled
O102679,2026-08-10,C2191,IT,Home,33.57,1,delivered
O101755,2026-08-10,C1015,DE,Books,14.37,1,delivered
O101206,2026-08-10,C2425,DE,Books,20.52,1,delivered
O101603,2026-08-11,C1725,IT,Books,16.41,2,delivered
O103964,2026-08-11,C2429,DE,Sports,46.14,1,delivered
O100017,2026-08-11,C1483,IT,Home,74.4,1,delivered
O102362,2026-08-11,C1247,AT,Electronics,557.13,1,delivered
O104558,2026-08-11,C1089,DE,Home,74.9,3,delivered
O102563,2026-08-11,C2202,CH,Home,145.53,2,returned
O104773,2026-08-11,C2576,CH,Electronics,828.98,3,delivered
O101118,2026-08-11,C1180,DE,Books,10.62,1,delivered
O104564,2026-08-11,C1352,CH,Home,23.46,1,delivered
O102502,2026-08-11,C1475,CH,Home,126.96,2,delivered
O101706,2026-08-12,C2344,IT,Sports,90.72,2,delivered
O101350,2026-08-12,C1613,AT,Electronics,145.87,2,delivered
O104295,2026-08-12,C1404,FR,Electronics,137.6,3,delivered
O102079,2026-08-12,C1939,DE,Electronics,150.08,2,delivered
O104656,2026-08-12,C2725,CH,Home,48.77,1,returned
O104180,2026-08-12,C2119,FR,Books,28.56,1,delivered
O102532,2026-08-13,C2289,FR,Fashion,68.11,1,delivered
O104715,2026-08-13,C1194,CH,Home,211.36,1,delivered
O102084,2026-08-13,C2482,CH,Fashion,23.19,1,delivered
O103954,2026-08-13,C2195,DE,Home,194.56,2,delivered
O103790,2026-08-13,C2744,DE,Electronics,357.05,2,delivered
O104755,2026-08-14,C1322,AT,Fashion,50.02,3,delivered
O104868,2026-08-14,C2171,FR,Fashion,26.76,2,delivered
O103525,2026-08-14,C1598,CH,Fashion,25.94,1,delivered
O103826,2026-08-14,C1820,FR,Fashion,53.64,1,returned
O101338,2026-08-14,C1332,DE,Fashion,56.44,1,delivered
O101038,2026-08-14,C2121,FR,Sports,68.6,1,delivered
O100380,2026-08-14,C1820,DE,Electronics,587.16,2,delivered
O104791,2026-08-14,C1950,IT,Electronics,212.72,3,delivered
O101704,2026-08-14,C1510,CH,Fashion,41.69,2,delivered
O104705,2026-08-14,C1130,IT,Fashion,29.11,3,delivered
O104524,2026-08-15,C1635,CH,Sports,55.37,3,cancelled
O102546,2026-08-15,C1136,IT,Home,63.87,3,delivered
O101075,2026-08-15,C1689,DE,Electronics,658.01,3,delivered
O102972,2026-08-15,C1777,CH,Fashion,39.75,1,delivered
O101062,2026-08-15,C1714,DE,Fashion,53.6,1,delivered
O100881,2026-08-15,C2217,CH,Home,63.85,3,delivered
O104577,2026-08-15,C1235,CH,Sports,56.01,2,delivered
O101212,2026-08-16,C2296,CH,Fashion,52.2,2,delivered
O103870,2026-08-16,C1469,AT,Home,69.57,2,delivered
O101780,2026-08-16,C2328,CH,Fashion,46.4,2,delivered
O101359,2026-08-16,C1410,IT,Electronics,98.12,3,delivered
O101926,2026-08-16,C2390,DE,Electronics,467.51,3,delivered
O104671,2026-08-16,C1263,CH,Fashion,45.3,3,delivered
O101864,2026-08-16,C2148,CH,Electronics,46.15,2,delivered
O102487,2026-08-17,C1638,DE,Fashion,75.49,1,delivered
O103616,2026-08-17,C1320,AT,Books,15.43,1,delivered
O104310,2026-08-17,C2432,CH,Fashion,58.47,2,delivered
O101390,2026-08-17,C1974,DE,Electronics,242.52,3,delivered
O104244,2026-08-17,C2123,AT,Sports,28.67,3,delivered
O100675,2026-08-17,C1404,DE,Electronics,100.33,2,delivered
O101188,2026-08-17,C2114,AT,Fashion,80.33,2,delivered
O100987,2026-08-17,C1803,CH,Electronics,242.23,2,delivered
O101155,2026-08-17,C2749,IT,Fashion,13.2,2,delivered
O103322,2026-08-18,C1731,DE,Home,32.53,2,delivered
O101125,2026-08-18,C1682,DE,Home,55.18,2,delivered
O103752,2026-08-18,C1855,CH,Electronics,157.44,1,delivered
O100556,2026-08-18,C2401,CH,Fashion,68.5,1,delivered
O104814,2026-08-18,C1365,CH,Books,23.61,3,delivered
O102608,2026-08-18,C1288,DE,Fashion,24.16,2,delivered
O101078,2026-08-19,C1615,AT,Fashion,16.98,1,delivered
O104672,2026-08-19,C1780,DE,Electronics,134.38,3,delivered
O102942,2026-08-19,C1308,CH,Sports,152.7,2,returned
O104725,2026-08-19,C1247,CH,Fashion,23.6,2,delivered
O101592,2026-08-19,C1269,FR,Books,16.57,1,delivered
O100738,2026-08-19,C2769,CH,Books,19.19,1,delivered
O104684,2026-08-20,C2573,DE,Fashion,34.7,3,delivered
O104501,2026-08-20,C2266,IT,Sports,177.3,3,delivered
O102053,2026-08-20,C1580,CH,Fashion,25.9,2,delivered
O101334,2026-08-20,C1208,CH,Fashion,65.21,2,delivered
O101242,2026-08-20,C1344,CH,Electronics,952.36,3,delivered
O100851,2026-08-20,C2014,AT,Sports,21.71,2,delivered
O102743,2026-08-20,C2728,CH,Home,90.44,1,delivered
O104457,2026-08-21,C2561,FR,Sports,92.42,2,delivered
O100925,2026-08-21,C1986,DE,Sports,20.02,2,delivered
O103715,2026-08-21,C2473,DE,Electronics,63.37,1,returned
O104721,2026-08-21,C1595,DE,Sports,138.2,1,delivered
O100269,2026-08-21,C1648,CH,Home,43.79,1,delivered
O102092,2026-08-21,C1908,CH,Fashion,12.39,1,returned
O103239,2026-08-21,C2532,CH,Books,17.18,1,delivered
O100220,2026-08-22,C1892,CH,Fashion,27.14,1,delivered
O104545,2026-08-22,C2443,CH,Electronics,477.8,1,delivered
O103305,2026-08-22,C2453,DE,Home,46.91,3,returned
O104461,2026-08-22,C2599,CH,Sports,30.67,2,delivered
O103050,2026-08-22,C1890,IT,Electronics,104.9,2,returned
O101730,2026-08-22,C2420,FR,Home,36.4,2,delivered
O104559,2026-08-23,C1257,DE,Books,17.29,3,delivered
O100533,2026-08-23,C1691,AT,Electronics,125.07,1,delivered
O100555,2026-08-23,C2361,FR,Home,105.06,3,delivered
O102364,2026-08-23,C2494,CH,Home,43.85,1,delivered
O100058,2026-08-23,C2269,FR,Fashion,38.68,2,delivered
O102629,2026-08-23,C1784,FR,Electronics,174.79,1,delivered
O103971,2026-08-24,C1330,CH,Fashion,40.14,1,delivered
O101995,2026-08-24,C1554,CH,Electronics,1654.04,3,delivered
O101747,2026-08-24,C2212,DE,Sports,177.87,2,cancelled
O103799,2026-08-24,C1028,AT,Sports,98.13,1,delivered
O100278,2026-08-24,C2412,CH,Electronics,121.44,3,delivered
O102877,2026-08-24,C1440,IT,Electronics,,3,delivered
O103019,2026-08-24,C1333,CH,Books,49.25,1,delivered
O102830,2026-08-24,C2399,IT,Home,40.42,3,delivered
O103245,2026-08-24,C1536,CH,Fashion,92.85,3,delivered
O101765,2026-08-24,C2272,IT,Electronics,81.88,1,delivered
O100469,2026-08-25,C2191,AT,Home,46.99,1,delivered
O103859,2026-08-25,C1987,DE,Sports,35.15,1,delivered
O104932,2026-08-25,C1185,CH,Electronics,141.47,3,delivered
O103760,2026-08-25,C1599,CH,Home,34.81,3,delivered
O101067,2026-08-25,C2193,FR,Home,43.1,1,delivered
O104836,2026-08-26,C1308,FR,Home,47.2,2,delivered
O101466,2026-08-26,C1646,AT,Books,16.95,2,delivered
O103476,2026-08-26,C1395,DE,Electronics,261.0,3,returned
O103970,2026-08-26,C2717,IT,Home,158.93,2,delivered
O103195,2026-08-26,C1776,CH,Books,28.35,2,cancelled
O101343,2026-08-26,C2065,AT,Electronics,123.62,3,delivered
O104107,2026-08-26,C2258,DE,Fashion,45.21,3,delivered
O100876,2026-08-26,C1920,DE,Fashion,31.16,1,delivered
O100496,2026-08-27,C1276,CH,Sports,64.9,3,delivered
O104005,2026-08-27,C1393,DE,Books,41.22,1,delivered
O100066,2026-08-27,C2188,FR,Fashion,27.89,3,delivered
O100741,2026-08-27,C1915,CH,Fashion,33.34,2,delivered
O103464,2026-08-27,C2498,AT,Home,47.14,2,delivered
O100852,2026-08-27,C1331,CH,Books,17.67,2,delivered
O102472,2026-08-27,C2611,DE,Electronics,209.55,3,delivered
O102323,2026-08-27,C1081,DE,Fashion,19.98,2,delivered
O100698,2026-08-27,C1383,CH,Fashion,16.83,1,cancelled
O103500,2026-08-27,C1715,CH,Sports,113.46,1,delivered
O103658,2026-08-27,C1978,DE,Home,91.42,1,returned
O101776,2026-08-27,C2742,DE,Electronics,142.81,2,delivered
O104353,2026-08-27,C1171,DE,Home,11.15,1,delivered
O104666,2026-08-28,C2233,FR,Books,8.16,3,delivered
O104670,2026-08-28,C1278,CH,Fashion,67.27,1,delivered
O100437,2026-08-28,C1877,DE,Electronics,95.39,1,delivered
O104101,2026-08-28,C1770,IT,Books,10.72,2,delivered
O101043,2026-08-28,C1519,CH,Fashion,25.06,3,delivered
O100994,2026-08-28,C2222,FR,Books,10.23,1,delivered
O102605,2026-08-28,C2624,DE,Fashion,49.02,1,returned
O101248,2026-08-28,C1782,DE,Fashion,53.78,3,returned
O103730,2026-08-29,C1203,CH,Electronics,223.54,2,delivered
O102010,2026-08-29,C2185,AT,Electronics,501.09,3,delivered
O102413,2026-08-29,C2541,DE,Electronics,312.22,1,delivered
O103680,2026-08-30,C1422,FR,Home,116.33,1,delivered
O100163,2026-08-30,C1609,CH,Fashion,57.01,1,delivered
O103611,2026-08-30,C1636,DE,Books,9.0,1,delivered
O104599,2026-08-30,C1578,FR,Electronics,156.34,2,delivered
O100634,2026-08-30,C1542,DE,Home,29.33,3,delivered
O102164,2026-08-30,C2579,DE,Sports,146.26,3,delivered
O101273,2026-08-30,C1025,DE,Sports,66.9,3,delivered
O102720,2026-08-30,C1969,DE,Fashion,96.57,2,delivered
O104024,2026-08-30,C2750,DE,Books,10.6,1,delivered
O104472,2026-08-30,C2290,CH,Fashion,48.96,2,delivered
O102241,2026-08-30,C2326,FR,Electronics,161.36,1,delivered
O100794,2026-08-30,C1275,DE,Electronics,145.41,2,delivered
O100018,2026-08-31,C1614,CH,Home,44.53,2,delivered
O100889,2026-08-31,C1802,CH,Sports,116.44,2,cancelled
O101683,2026-08-31,C1309,DE,Fashion,88.54,3,delivered
O100180,2026-08-31,C2343,CH,Sports,84.35,2,returned
O100335,2026-08-31,C2280,CH,Fashion,54.46,3,delivered
O102677,2026-08-31,C1891,CH,Fashion,37.79,3,delivered
O101021,2026-08-31,C2345,FR,Electronics,32.78,1,delivered
O103119,2026-08-31,C1499,FR,Fashion,39.55,3,delivered
O103455,2026-08-31,C1439,DE,Electronics,176.51,1,delivered
O101271,2026-08-31,C2163,IT,Electronics,245.01,3,cancelled
O101956,2026-09-01,C2245,IT,Sports,115.26,1,delivered
O104695,2026-09-01,C2612,FR,Fashion,63.28,1,delivered
O101009,2026-09-01,C1345,CH,Fashion,78.26,3,delivered
O104092,2026-09-01,C1805,DE,Sports,41.6,2,cancelled
O100041,2026-09-01,C2774,DE,Electronics,70.37,3,delivered
O101554,2026-09-01,C1621,CH,Home,75.75,1,delivered
O103052,2026-09-02,C1620,CH,Books,21.16,2,returned
O101798,2026-09-02,C1359,DE,Books,23.72,1,delivered
O103443,2026-09-02,C2615,CH,Fashion,46.93,1,delivered
O100040,2026-09-02,C1416,CH,Sports,49.96,2,delivered
O103408,2026-09-02,C2218,CH,Fashion,56.58,2,delivered
O101870,2026-09-02,C1939,CH,Fashion,45.39,3,delivered
O102752,2026-09-02,C2439,DE,Home,108.57,3,delivered
O104255,2026-09-02,C2207,CH,Home,50.56,2,delivered
O100622,2026-09-02,C2743,FR,Fashion,89.26,2,delivered
O102569,2026-09-02,C2450,CH,Books,23.48,2,delivered
O103962,2026-09-02,C1736,IT,Fashion,33.39,2,delivered
O102110,2026-09-02,C2706,DE,Electronics,116.1,2,delivered
O100048,2026-09-02,C1147,FR,Home,112.91,1,delivered
O104305,2026-09-03,C2432,CH,Electronics,25.42,3,delivered
O100130,2026-09-03,C1606,DE,Fashion,76.12,1,returned
O102020,2026-09-03,C2263,DE,Home,56.6,1,delivered
O101131,2026-09-04,C1523,CH,Electronics,272.33,2,delivered
O103802,2026-09-04,C2475,CH,Fashion,72.27,3,returned
O103451,2026-09-04,C2227,IT,Home,80.36,1,delivered
O100921,2026-09-04,C2082,FR,Home,77.1,2,delivered
O101740,2026-09-04,C1657,DE,Home,132.71,2,delivered
O103472,2026-09-04,C2603,DE,Electronics,445.01,2,delivered
O103849,2026-09-05,C1834,FR,Fashion,37.07,2,delivered
O102630,2026-09-05,C2430,CH,Sports,47.4,2,returned
O102849,2026-09-05,C1276,DE,Electronics,545.66,3,delivered
O103882,2026-09-05,C2738,CH,Books,32.82,1,delivered
O101866,2026-09-05,C2088,CH,Sports,87.47,2,returned
O103899,2026-09-05,C2761,CH,Home,44.47,3,returned
O103261,2026-09-05,C1961,FR,Fashion,27.77,3,delivered
O104529,2026-09-05,C1465,CH,Electronics,53.95,3,returned
O102172,2026-09-06,C1291,FR,Fashion,77.41,3,delivered
O104846,2026-09-06,C1729,CH,Books,11.72,3,delivered
O104930,2026-09-06,C2175,FR,Electronics,119.94,3,delivered
O103606,2026-09-06,C1201,IT,Sports,202.26,2,delivered
O104275,2026-09-06,C1794,CH,Electronics,222.47,2,delivered
O101123,2026-09-06,C2421,IT,Fashion,48.16,2,delivered
O102017,2026-09-06,C2156,CH,Fashion,40.4,2,returned
O103331,2026-09-06,C2057,AT,Electronics,70.59,2,delivered
O104872,2026-09-06,C2473,FR,Electronics,138.41,3,delivered
O101162,2026-09-06,C1083,CH,Home,12.86,3,delivered
O103830,2026-09-06,C2349,DE,Sports,82.41,1,delivered
O102707,2026-09-06,C2710,DE,Fashion,37.48,2,delivered
O104863,2026-09-06,C2082,IT,Home,17.38,2,delivered
O104153,2026-09-06,C1136,DE,Home,45.27,2,delivered
O103415,2026-09-07,C2597,DE,Books,15.72,1,delivered
O103176,2026-09-07,C1666,CH,Fashion,37.07,1,delivered
O100441,2026-09-07,C2504,CH,Fashion,44.92,2,delivered
O101555,2026-09-07,C2066,CH,Sports,73.32,1,delivered
O104211,2026-09-07,C2046,DE,Sports,71.69,3,delivered
O100808,2026-09-08,C2481,IT,Fashion,82.82,1,returned
O104238,2026-09-08,C1982,CH,Books,25.28,1,delivered
O102646,2026-09-08,C2467,CH,Books,29.0,2,delivered
O104477,2026-09-08,C1440,CH,Electronics,211.68,3,delivered
O104304,2026-09-09,C2586,CH,Electronics,82.75,2,delivered
O101910,2026-09-09,C1831,CH,Home,20.6,2,delivered
O103659,2026-09-09,C1815,DE,Sports,21.87,2,delivered
O104122,2026-09-09,C1649,DE,Fashion,45.43,2,delivered
O102477,2026-09-09,C1236,DE,Books,21.4,2,returned
O102216,2026-09-09,C1856,FR,Home,91.71,2,delivered
O102025,2026-09-09,C1179,DE,Books,20.96,2,delivered
O100026,2026-09-09,C2607,DE,Fashion,184.46,1,delivered
O101546,2026-09-09,C1062,AT,Home,103.23,3,delivered
O101546,2026-09-09,C1062,AT,Home,103.23,3,delivered
O102776,2026-09-10,C2718,CH,Sports,75.57,1,delivered
O101757,2026-09-10,C1024,DE,Electronics,1015.14,2,delivered
O100099,2026-09-10,C2296,CH,Fashion,126.98,1,delivered
O100078,2026-09-10,C1671,CH,Electronics,58.72,2,delivered
O102803,2026-09-10,C1736,DE,Books,18.72,1,delivered
O102317,2026-09-10,C2092,DE,Sports,136.62,2,delivered
O103304,2026-09-10,C1075,IT,Electronics,167.05,1,delivered
O103295,2026-09-10,C1945,CH,Sports,60.94,3,delivered
O101763,2026-09-11,C2569,CH,Home,67.05,1,delivered
O102386,2026-09-11,C1543,FR,Fashion,35.31,2,delivered
O103114,2026-09-11,C1100,DE,Electronics,140.74,2,returned
O100870,2026-09-11,C2061,FR,Electronics,207.64,3,delivered
O104352,2026-09-11,C2794,CH,Fashion,73.64,3,returned
O103820,2026-09-12,C2355,DE,Fashion,50.11,3,delivered
O103484,2026-09-12,C2699,DE,Electronics,77.76,2,returned
O101844,2026-09-12,C2455,DE,Fashion,49.82,1,delivered
O100217,2026-09-12,C1896,AT,Books,28.79,1,delivered
O102528,2026-09-12,C2286,CH,Electronics,382.99,2,delivered
O104589,2026-09-12,C2451,CH,Fashion,43.32,1,returned
O101380,2026-09-12,C1708,FR,Home,146.4,1,delivered
O104134,2026-09-12,C2636,AT,Electronics,96.02,1,returned
O100172,2026-09-12,C1679,CH,Electronics,965.37,2,delivered
O104481,2026-09-12,C1913,CH,Electronics,518.53,3,delivered
O103403,2026-09-12,C2094,AT,Books,20.68,1,delivered
O102358,2026-09-12,C1776,CH,Books,11.78,1,delivered
