customer_id,tenure_months,contract,plan,monthly_fee,support_tickets_90d,autopay,logins_30d,churned
U10000,64,monthly,standard,67.8,1,1,3,0
U10001,62,two_year,premium,91.4,1,1,20,0
U10002,59,two_year,premium,39.4,2,0,2,0
U10003,61,two_year,standard,23.82,2,1,11,0
U10004,5,two_year,standard,86.13,0,1,13,0
U10005,58,one_year,standard,,0,0,12,0
U10006,67,monthly,standard,84.84,1,1,13,0
U10007,19,monthly,basic,,0,0,8,0
U10008,13,two_year,basic,80.56,1,1,11,0
U10009,6,two_year,standard,97.52,1,1,20,0
U10010,57,monthly,basic,71.11,2,0,14,0
U10011,68,monthly,standard,31.7,0,1,3,0
U10012,43,monthly,premium,,1,0,6,0
U10013,44,monthly,premium,66.52,0,0,6,0
U10014,57,two_year,premium,87.53,0,1,9,0
U10015,1,two_year,basic,61.69,0,0,9,0
U10016,60,monthly,premium,46.02,2,1,9,0
U10017,65,two_year,standard,56.77,0,0,4,0
U10018,10,one_year,premium,15.0,0,0,1,0
U10019,70,monthly,standard,75.76,3,0,10,0
U10020,61,monthly,basic,48.31,1,1,9,0
U10021,21,monthly,basic,107.39,4,1,15,0
U10022,35,monthly,basic,81.93,0,0,11,1
U10023,58,monthly,standard,97.89,2,0,4,0
U10024,64,monthly,standard,81.78,0,1,10,0
U10025,6,monthly,basic,49.99,1,1,2,0
U10026,47,two_year,basic,68.96,2,0,5,0
U10027,32,monthly,basic,92.86,0,1,6,0
U10028,25,monthly,premium,61.84,2,1,2,1
U10029,59,two_year,standard,71.88,1,1,8,0
U10030,49,monthly,basic,68.88,1,1,18,0
U10031,30,monthly,standard,,1,1,18,1
U10032,63,one_year,premium,67.22,2,1,5,0
U10033,37,monthly,basic,,2,0,24,0
U10034,61,one_year,basic,88.09,0,0,31,0
U10035,9,monthly,basic,69.96,0,1,12,0
U10036,65,monthly,basic,77.34,0,0,3,0
U10037,58,two_year,basic,52.06,0,1,18,0
U10038,38,two_year,premium,65.93,4,0,9,0
U10039,36,monthly,basic,76.08,2,0,13,0
U10040,23,two_year,basic,75.73,2,1,24,0
U10041,18,monthly,premium,16.02,1,1,2,0
U10042,20,monthly,basic,52.24,2,0,5,0
U10043,56,monthly,basic,38.86,1,1,7,0
U10044,28,two_year,premium,119.69,0,0,8,0
U10045,70,monthly,basic,98.45,1,1,3,0
U10046,28,monthly,standard,82.01,0,0,20,0
U10047,39,two_year,basic,51.8,0,0,9,0
U10048,29,two_year,premium,63.93,1,0,13,0
U10049,53,two_year,standard,75.1,0,1,14,0
U10050,26,two_year,premium,101.21,1,1,6,0
U10051,71,monthly,standard,37.35,0,0,5,0
U10052,46,one_year,standard,44.48,1,1,5,0
U10053,3,two_year,premium,35.67,5,0,17,1
U10054,68,monthly,basic,40.42,1,0,5,0
U10055,43,two_year,standard,49.79,1,1,5,0
U10056,49,monthly,basic,57.69,1,1,10,0
U10057,69,two_year,premium,91.13,1,1,17,0
U10058,21,two_year,basic,49.15,1,1,1,0
U10059,9,one_year,basic,69.88,1,1,7,0
U10060,49,one_year,basic,58.2,0,0,6,0
U10061,16,two_year,basic,27.55,1,1,27,0
U10062,2,two_year,standard,92.1,2,0,35,0
U10063,40,one_year,basic,87.41,1,0,2,0
U10064,39,two_year,standard,64.54,0,1,10,0
U10065,52,two_year,basic,56.6,4,1,11,0
U10066,65,monthly,standard,66.72,2,0,22,1
U10067,40,one_year,premium,80.94,1,0,11,0
U10068,18,monthly,premium,47.64,0,0,2,0
U10069,39,monthly,basic,49.01,4,0,18,0
U10070,5,monthly,premium,73.77,2,1,12,1
U10071,4,two_year,basic,39.25,4,0,5,1
U10072,8,monthly,basic,29.73,0,1,20,1
U10073,53,one_year,standard,69.88,1,1,11,0
U10074,64,monthly,basic,51.04,0,1,12,0
U10075,23,two_year,premium,24.93,2,0,4,0
U10076,7,one_year,standard,94.45,3,1,4,1
U10077,6,two_year,basic,72.12,3,1,7,0
U10078,10,one_year,basic,35.35,2,0,14,0
U10079,69,monthly,standard,28.08,1,1,10,0
U10080,12,two_year,basic,44.77,1,1,6,0
U10081,47,monthly,basic,55.71,3,1,6,0
U10082,44,monthly,basic,86.48,2,0,5,0
U10083,33,monthly,basic,42.17,3,1,8,0
U10084,34,monthly,basic,67.44,1,1,11,0
U10085,53,one_year,basic,26.47,1,1,16,0
U10086,58,one_year,basic,72.1,1,1,31,0
U10087,34,monthly,standard,76.01,0,1,22,0
U10088,48,monthly,premium,99.56,1,1,10,0
U10089,9,monthly,standard,84.32,0,1,9,0
U10090,67,monthly,basic,37.31,0,1,11,0
U10091,43,one_year,basic,65.08,0,0,6,0
U10092,49,monthly,standard,,0,0,1,1
U10093,54,monthly,basic,48.34,0,0,10,0
U10094,19,monthly,basic,51.01,0,0,11,0
U10095,53,monthly,basic,63.06,0,1,13,0
U10096,69,monthly,basic,64.72,1,1,9,0
U10097,40,one_year,standard,29.4,0,1,20,0
U10098,23,one_year,premium,70.09,0,0,10,0
U10099,66,monthly,standard,85.51,2,0,4,0
U10100,56,two_year,basic,56.9,1,1,16,0
U10101,68,monthly,standard,73.46,1,0,11,0
U10102,51,monthly,standard,76.03,3,0,6,0
U10103,63,two_year,basic,66.38,1,1,10,0
U10104,56,monthly,basic,49.31,0,0,9,0
U10105,27,one_year,standard,49.9,0,1,15,0
U10106,57,monthly,basic,102.53,2,0,7,0
U10107,20,monthly,basic,96.62,1,0,12,0
U10108,67,monthly,standard,25.69,0,0,4,0
U10109,38,one_year,basic,50.38,0,0,13,0
U10110,38,one_year,basic,75.65,2,1,20,0
U10111,47,monthly,basic,68.36,1,1,10,0
U10112,23,one_year,standard,117.92,4,0,6,1
U10113,12,two_year,basic,40.09,3,0,18,0
U10114,52,one_year,standard,77.49,1,0,5,0
U10115,40,two_year,premium,70.7,1,0,3,0
U10116,51,monthly,premium,67.46,1,1,34,0
U10117,32,one_year,basic,44.31,2,1,2,0
U10118,32,one_year,premium,40.52,2,0,55,0
U10119,1,monthly,premium,56.57,2,0,10,1
U10120,49,one_year,basic,15.0,1,1,5,0
U10121,30,monthly,premium,99.23,2,0,31,0
U10122,6,monthly,basic,69.26,1,0,16,1
U10123,29,one_year,standard,92.42,0,1,27,0
U10124,4,monthly,basic,71.12,2,1,7,0
U10125,69,two_year,basic,117.14,0,0,11,0
U10126,16,one_year,basic,72.28,1,0,7,0
U10127,4,two_year,standard,68.88,3,1,7,0
U10128,53,monthly,basic,107.56,1,0,6,0
U10129,66,monthly,basic,84.89,0,0,24,0
U10130,20,monthly,basic,126.65,1,0,7,1
U10131,65,monthly,basic,69.43,0,1,5,0
U10132,16,monthly,basic,69.35,2,1,8,0
U10133,43,one_year,premium,85.26,1,0,16,0
U10134,49,monthly,standard,71.35,0,1,7,0
U10135,14,monthly,basic,72.0,0,1,10,0
U10136,12,two_year,basic,81.55,1,1,16,0
U10137,57,monthly,standard,35.9,1,0,15,0
U10138,36,monthly,premium,62.57,1,1,20,0
U10139,12,two_year,basic,79.41,1,0,14,1
U10140,59,one_year,premium,45.27,0,0,13,0
U10141,23,monthly,basic,35.32,0,0,11,1
U10142,23,monthly,standard,15.0,1,1,0,0
U10143,48,monthly,premium,52.93,1,0,14,0
U10144,16,one_year,standard,54.55,1,1,7,0
U10145,31,two_year,basic,51.04,2,0,7,0
U10146,52,monthly,basic,102.15,0,0,7,0
U10147,33,one_year,premium,113.22,2,1,15,0
U10148,38,monthly,premium,42.36,1,1,2,0
U10149,22,one_year,basic,38.61,0,1,26,0
U10150,64,monthly,standard,70.91,0,0,14,1
U10151,3,one_year,standard,79.23,1,1,17,0
U10152,5,one_year,basic,40.48,0,0,6,0
U10153,26,monthly,basic,50.91,3,0,4,1
U10154,52,one_year,standard,,0,0,13,0
U10155,59,monthly,premium,21.18,1,1,15,0
U10156,41,one_year,premium,39.41,1,0,5,0
U10157,59,monthly,basic,75.25,3,0,8,1
U10158,50,monthly,standard,84.17,1,1,7,0
U10159,6,monthly,premium,62.03,1,0,21,1
U10160,45,monthly,standard,55.49,1,0,10,0
U10161,40,one_year,basic,83.46,2,0,5,0
U10162,52,monthly,premium,62.45,2,0,27,0
U10163,26,monthly,basic,28.53,2,1,10,0
U10164,24,monthly,premium,74.67,1,1,8,0
U10165,29,monthly,premium,90.42,1,0,4,0
U10166,23,monthly,standard,74.39,2,0,3,0
U10167,71,two_year,premium,54.4,2,1,23,0
U10168,7,monthly,premium,54.75,1,0,5,0
U10169,58,monthly,basic,30.5,2,0,7,0
U10170,34,one_year,standard,34.69,0,1,17,0
U10171,36,monthly,premium,49.01,1,0,11,0
U10172,1,monthly,basic,53.95,0,0,3,0
U10173,37,monthly,basic,46.81,2,0,15,0
U10174,61,two_year,standard,62.13,1,0,6,0
U10175,66,monthly,standard,60.44,0,1,7,0
U10176,31,monthly,basic,69.94,1,0,22,0
U10177,27,monthly,standard,25.14,5,1,6,0
U10178,62,monthly,standard,80.96,0,0,2,0
U10179,56,monthly,standard,,1,0,2,0
U10180,68,two_year,standard,66.23,0,1,10,0
U10181,52,two_year,standard,88.13,0,1,14,0
U10182,70,monthly,basic,68.2,2,0,7,0
U10183,53,two_year,basic,19.14,1,1,1,0
U10184,10,monthly,basic,91.3,0,0,16,1
U10185,33,one_year,standard,60.46,1,0,3,0
U10186,30,monthly,premium,28.18,0,0,16,0
U10187,49,monthly,standard,15.73,1,0,4,0
U10188,33,one_year,standard,82.64,5,1,20,0
U10189,60,monthly,standard,78.53,3,0,3,0
U10190,6,two_year,basic,50.21,1,1,14,0
U10191,21,monthly,basic,47.86,4,0,25,1
U10192,58,two_year,basic,84.49,2,0,7,0
U10193,55,two_year,standard,61.23,1,0,11,0
U10194,55,one_year,premium,50.46,0,0,1,0
U10195,35,one_year,standard,37.22,3,0,9,0
U10196,3,monthly,standard,60.92,4,0,1,1
U10197,38,monthly,premium,17.53,3,1,10,0
U10198,2,one_year,standard,90.2,2,1,18,1
U10199,34,monthly,standard,62.99,3,0,6,0
U10200,25,one_year,basic,65.56,0,1,5,0
U10201,27,monthly,basic,38.42,1,1,7,1
U10202,16,one_year,standard,62.36,0,0,12,0
U10203,54,one_year,standard,44.28,1,0,18,0
U10204,34,monthly,premium,55.71,1,0,10,0
U10205,28,one_year,premium,30.26,1,0,12,0
U10206,66,two_year,basic,61.4,2,0,7,0
U10207,13,two_year,standard,44.62,4,1,10,1
U10208,36,one_year,premium,53.31,3,0,4,0
U10209,56,one_year,premium,45.26,1,0,7,0
U10210,40,monthly,standard,22.47,2,0,30,0
U10211,29,monthly,standard,107.76,0,0,7,0
U10212,33,one_year,premium,20.4,1,0,10,1
U10213,42,one_year,standard,21.62,1,1,4,0
U10214,58,monthly,standard,28.54,2,0,6,0
U10215,70,monthly,standard,93.76,3,0,4,1
U10216,53,monthly,basic,72.26,1,1,15,0
U10217,46,one_year,premium,46.81,1,0,11,0
U10218,9,two_year,basic,50.64,0,1,6,0
U10219,38,one_year,premium,92.67,1,0,20,0
U10220,3,monthly,premium,58.29,0,1,13,0
U10221,21,monthly,basic,41.97,4,1,20,0
U10222,30,monthly,standard,43.06,1,1,8,1
U10223,51,monthly,premium,102.72,2,0,44,0
U10224,44,monthly,standard,27.87,2,1,30,0
U10225,69,monthly,basic,115.71,1,0,10,0
U10226,34,monthly,standard,62.85,0,1,25,0
U10227,51,monthly,standard,125.36,1,0,4,0
U10228,36,one_year,standard,65.09,2,1,3,0
U10229,55,two_year,basic,53.66,0,0,7,0
U10230,53,two_year,premium,19.0,0,0,10,0
U10231,23,monthly,premium,15.0,0,0,22,1
U10232,26,monthly,standard,53.51,2,1,20,0
U10233,23,monthly,standard,39.28,1,0,4,0
U10234,43,monthly,premium,43.8,1,0,14,0
U10235,26,two_year,premium,41.67,1,1,21,0
U10236,65,two_year,basic,49.97,2,0,9,0
U10237,34,monthly,standard,29.15,5,0,1,1
U10238,55,monthly,premium,,0,1,12,0
U10239,64,monthly,basic,69.99,1,1,13,0
U10240,41,monthly,standard,96.37,3,0,13,1
U10241,34,monthly,basic,70.13,2,0,3,0
U10242,62,two_year,standard,46.19,0,0,13,0
U10243,13,one_year,basic,88.48,2,0,6,0
U10244,67,one_year,standard,104.62,1,1,3,0
U10245,38,two_year,standard,61.83,3,1,19,0
U10246,65,monthly,standard,77.67,1,1,24,0
U10247,19,monthly,basic,73.06,1,1,23,0
U10248,65,one_year,basic,65.33,1,1,9,0
U10249,46,monthly,standard,89.09,2,1,10,0
U10250,1,two_year,basic,,0,1,18,0
U10251,25,monthly,standard,93.79,2,0,8,1
U10252,68,one_year,basic,39.92,1,1,4,0
U10253,68,two_year,standard,46.84,3,1,21,0
U10254,43,two_year,standard,93.84,1,1,15,0
U10255,32,monthly,basic,58.21,1,1,2,0
U10256,40,one_year,basic,76.1,1,0,9,0
U10257,42,one_year,standard,33.97,1,0,3,0
U10258,2,monthly,basic,79.55,1,1,6,1
U10259,42,two_year,premium,98.63,1,1,7,0
U10260,14,two_year,basic,45.36,5,0,12,0
U10261,30,one_year,premium,77.51,1,1,11,0
U10262,33,monthly,basic,72.36,2,1,4,0
U10263,70,monthly,basic,62.78,2,1,15,0
U10264,68,two_year,premium,33.77,1,0,25,0
U10265,4,monthly,basic,78.06,2,0,7,0
U10266,31,monthly,premium,82.3,3,0,4,0
U10267,53,monthly,basic,67.37,0,1,7,0
U10268,61,monthly,standard,41.2,1,1,13,0
U10269,19,monthly,premium,87.36,3,1,6,0
U10270,29,monthly,basic,72.97,2,1,7,0
U10271,5,one_year,basic,60.59,0,0,40,0
U10272,6,one_year,basic,84.96,0,0,4,0
U10273,13,one_year,standard,51.15,1,1,13,0
U10274,11,monthly,basic,67.99,1,1,6,0
U10275,54,one_year,basic,71.5,0,0,11,0
U10276,29,monthly,basic,75.45,1,1,2,0
U10277,65,monthly,basic,41.38,2,0,12,0
U10278,13,two_year,basic,62.5,0,0,5,1
U10279,56,monthly,basic,67.64,1,1,3,0
U10280,25,monthly,standard,71.99,3,1,8,1
U10281,21,monthly,premium,78.24,1,0,19,0
U10282,21,monthly,basic,61.89,3,0,26,0
U10283,36,monthly,basic,87.68,2,0,19,0
U10284,64,two_year,standard,58.81,1,1,13,0
U10285,9,monthly,basic,42.29,2,1,9,1
U10286,42,two_year,premium,72.76,2,1,9,0
U10287,30,two_year,basic,48.14,0,1,11,0
U10288,45,one_year,basic,46.93,0,1,17,0
U10289,19,two_year,standard,116.48,0,1,6,0
U10290,21,monthly,standard,67.97,0,1,4,1
U10291,3,two_year,basic,67.5,0,0,2,0
U10292,69,one_year,premium,94.98,0,1,14,0
U10293,21,monthly,standard,41.19,2,0,13,1
U10294,10,monthly,standard,41.79,3,0,4,1
U10295,66,two_year,standard,116.57,1,1,2,0
U10296,37,monthly,premium,61.24,0,0,12,0
U10297,38,monthly,basic,53.96,2,0,7,0
U10298,41,one_year,standard,85.54,1,1,13,0
U10299,20,one_year,standard,15.0,0,0,18,0
U10300,4,monthly,basic,69.74,1,0,8,0
U10301,9,two_year,basic,55.38,1,1,2,0
U10302,67,one_year,standard,90.66,1,0,16,0
U10303,64,monthly,standard,81.91,1,0,7,0
U10304,57,monthly,basic,84.31,1,0,3,1
U10305,7,monthly,standard,94.67,3,0,9,1
U10306,42,monthly,standard,73.76,0,1,16,0
U10307,3,one_year,basic,42.22,2,0,13,0
U10308,15,two_year,premium,85.15,2,0,16,0
U10309,8,two_year,standard,81.36,0,0,13,0
U10310,65,monthly,basic,95.46,3,1,11,0
U10311,54,one_year,basic,79.95,0,0,8,0
U10312,53,monthly,basic,70.73,2,0,3,0
U10313,67,monthly,basic,107.73,3,1,5,0
U10314,45,monthly,basic,38.17,0,1,28,0
U10315,7,two_year,basic,79.96,0,1,22,0
U10316,10,one_year,premium,44.3,0,0,9,0
U10317,46,two_year,standard,37.32,2,0,6,0
U10318,24,monthly,basic,70.69,2,1,2,1
U10319,47,monthly,premium,62.22,1,1,10,0
U10320,24,one_year,premium,15.0,3,0,12,0
U10321,38,two_year,standard,82.79,0,1,26,0
U10322,61,monthly,basic,58.43,1,1,5,0
U10323,1,monthly,basic,83.41,3,0,29,0
U10324,41,monthly,basic,104.38,1,1,4,0
U10325,50,two_year,premium,63.77,0,1,7,0
U10326,21,monthly,standard,45.73,0,1,4,0
U10327,31,one_year,basic,66.08,2,0,4,1
U10328,55,two_year,standard,39.34,1,1,15,0
U10329,67,two_year,premium,53.5,1,0,1,0
U10330,41,one_year,basic,76.37,1,1,1,0
U10331,71,monthly,basic,68.83,1,0,7,1
U10332,22,one_year,standard,68.8,0,0,11,0
U10333,46,monthly,basic,39.16,1,0,5,0
U10334,30,one_year,standard,92.51,1,0,5,0
U10335,9,monthly,basic,15.0,0,0,18,0
U10336,49,monthly,basic,60.95,1,1,18,0
U10337,23,monthly,basic,56.47,0,0,13,0
U10338,41,two_year,premium,36.87,1,0,8,0
U10339,45,two_year,standard,69.82,0,0,9,0
U10340,43,two_year,premium,49.5,0,1,12,0
U10341,62,monthly,premium,35.39,3,0,24,0
U10342,66,monthly,basic,50.66,0,0,6,0
U10343,30,one_year,standard,80.56,0,0,6,0
U10344,8,two_year,basic,81.71,0,0,4,0
U10345,26,monthly,standard,76.92,2,0,11,0
U10346,33,monthly,premium,44.52,2,0,42,0
U10347,44,monthly,basic,52.09,2,0,10,1
U10348,37,monthly,standard,87.66,2,0,19,0
U10349,61,monthly,standard,45.65,0,0,31,0
U10350,60,one_year,basic,76.86,0,0,3,0
U10351,14,one_year,premium,48.72,1,0,7,0
U10352,26,one_year,basic,72.59,1,0,6,0
U10353,43,monthly,premium,60.84,0,1,7,0
U10354,35,two_year,standard,50.86,1,0,31,0
U10355,44,monthly,basic,69.57,0,0,6,0
U10356,70,monthly,basic,109.06,2,1,22,0
U10357,34,one_year,standard,78.11,0,1,15,0
U10358,64,monthly,standard,88.09,1,1,34,0
U10359,26,monthly,basic,62.13,1,0,6,1
U10360,46,one_year,premium,76.63,1,0,4,0
U10361,68,one_year,basic,84.88,0,0,27,0
U10362,57,monthly,basic,40.79,0,1,4,0
U10363,58,monthly,basic,69.91,1,1,12,0
U10364,18,monthly,basic,26.92,0,0,12,0
U10365,12,monthly,basic,59.25,3,1,12,0
U10366,34,two_year,basic,100.22,1,1,6,0
U10367,1,one_year,standard,58.25,0,0,38,0
U10368,53,monthly,standard,89.02,1,0,5,0
U10369,19,one_year,premium,20.86,0,0,21,0
U10370,24,monthly,standard,87.75,1,0,1,0
U10371,31,monthly,basic,76.19,0,1,17,0
U10372,27,one_year,standard,54.82,1,1,18,0
U10373,12,monthly,basic,63.44,0,1,11,0
U10374,70,monthly,basic,38.17,1,0,16,1
U10375,24,monthly,basic,65.53,0,0,7,0
U10376,60,monthly,standard,42.71,1,0,28,0
U10377,49,two_year,standard,66.76,0,0,28,0
U10378,11,monthly,basic,114.93,1,1,6,1
U10379,53,monthly,basic,58.56,1,1,16,1
U10380,4,monthly,premium,49.25,1,0,35,0
U10381,59,monthly,standard,60.79,2,1,2,0
U10382,22,one_year,basic,88.47,2,1,0,0
U10383,58,monthly,basic,73.47,2,0,11,0
U10384,26,monthly,premium,58.29,0,0,12,1
U10385,23,monthly,basic,40.0,0,1,2,1
U10386,10,one_year,standard,64.92,1,1,10,0
U10387,38,monthly,premium,58.26,1,1,21,0
U10388,70,one_year,standard,85.92,1,1,8,0
U10389,53,monthly,premium,35.23,1,1,20,0
U10390,60,monthly,standard,101.47,0,0,24,0
U10391,44,monthly,basic,69.97,4,0,12,0
U10392,42,monthly,standard,103.98,0,0,16,0
U10393,42,monthly,standard,32.35,0,0,20,0
U10394,35,monthly,standard,55.71,0,0,9,1
U10395,58,monthly,basic,118.61,3,1,5,0
U10396,69,monthly,standard,81.4,1,1,14,0
U10397,68,one_year,basic,34.73,1,1,8,0
U10398,5,one_year,premium,41.42,3,0,10,0
U10399,64,monthly,basic,43.25,0,1,6,0
U10400,24,two_year,premium,19.33,2,0,3,0
U10401,20,monthly,premium,87.14,0,1,11,1
U10402,60,one_year,standard,53.3,1,1,3,0
U10403,9,one_year,premium,33.16,3,0,24,0
U10404,45,monthly,basic,71.05,1,1,10,0
U10405,21,one_year,premium,88.33,0,1,8,0
U10406,48,one_year,premium,68.75,1,0,11,0
U10407,57,monthly,basic,15.0,1,0,3,0
U10408,49,monthly,premium,23.12,2,1,12,0
U10409,23,two_year,premium,53.66,0,1,5,0
U10410,15,monthly,standard,50.72,1,1,2,0
U10411,53,two_year,standard,56.82,4,1,3,0
U10412,39,monthly,standard,68.18,3,0,9,1
U10413,43,monthly,standard,60.31,1,0,11,0
U10414,28,monthly,standard,68.7,2,0,7,0
U10415,71,two_year,basic,37.27,3,0,8,0
U10416,4,monthly,standard,85.44,1,0,4,0
U10417,9,monthly,basic,53.63,1,1,20,0
U10418,34,monthly,basic,55.19,2,1,13,0
U10419,59,two_year,standard,89.04,5,1,15,0
U10420,47,two_year,standard,57.23,0,0,8,0
U10421,4,one_year,basic,25.14,0,0,2,0
U10422,67,monthly,premium,76.45,1,1,6,0
U10423,46,monthly,standard,102.15,1,1,7,0
U10424,44,monthly,premium,68.56,1,0,10,1
U10425,39,monthly,premium,75.4,2,1,17,0
U10426,38,monthly,standard,69.86,1,0,6,0
U10427,18,two_year,premium,106.5,0,0,24,0
U10428,15,monthly,standard,38.25,0,0,7,0
U10429,19,one_year,premium,62.63,0,0,15,0
U10430,65,one_year,standard,88.65,1,1,12,0
U10431,28,monthly,basic,46.79,0,0,10,0
U10432,48,monthly,standard,93.88,2,1,14,0
U10433,35,two_year,premium,82.61,1,1,4,0
U10434,61,monthly,premium,58.89,0,0,9,0
U10435,12,one_year,basic,76.84,2,0,10,1
U10436,28,one_year,premium,92.34,1,1,21,0
U10437,32,one_year,premium,47.66,3,0,9,0
U10438,62,monthly,standard,83.02,0,0,20,0
U10439,7,two_year,basic,52.79,1,1,6,0
U10440,44,monthly,basic,53.35,2,0,6,0
U10441,36,monthly,standard,95.35,1,0,8,0
U10442,23,one_year,premium,74.31,1,1,20,0
U10443,39,monthly,standard,28.17,1,1,9,0
U10444,21,monthly,premium,54.73,1,0,12,1
U10445,28,monthly,standard,59.13,1,1,0,0
U10446,1,one_year,standard,57.74,1,1,23,0
U10447,36,one_year,basic,44.15,2,1,7,0
U10448,14,monthly,standard,60.74,3,0,5,1
U10449,41,two_year,premium,94.97,3,0,13,0
U10450,34,monthly,standard,88.65,1,0,7,1
U10451,38,two_year,standard,32.31,1,1,15,0
U10452,50,monthly,standard,66.52,1,0,10,0
U10453,13,monthly,basic,123.65,3,1,22,1
U10454,23,monthly,standard,83.73,1,0,4,0
U10455,16,one_year,standard,84.53,2,1,14,0
U10456,10,monthly,basic,72.62,2,0,1,1
U10457,19,one_year,basic,68.53,1,1,25,0
U10458,14,monthly,basic,94.63,0,1,18,0
U10459,71,one_year,standard,17.15,1,0,16,0
U10460,22,monthly,basic,79.3,0,1,4,1
U10461,36,one_year,standard,76.14,2,0,11,0
U10462,6,monthly,basic,26.7,1,1,10,1
U10463,51,monthly,standard,73.86,1,1,20,1
U10464,45,monthly,basic,32.91,2,1,2,0
U10465,15,monthly,standard,67.5,1,1,15,1
U10466,23,two_year,premium,75.74,1,0,10,0
U10467,37,two_year,premium,101.76,2,1,12,0
U10468,31,monthly,standard,44.18,2,0,12,1
U10469,32,two_year,standard,78.11,3,0,11,0
U10470,71,two_year,standard,68.6,2,0,5,0
U10471,15,one_year,basic,50.82,3,1,8,0
U10472,17,one_year,basic,41.73,0,0,18,0
U10473,16,one_year,standard,38.44,2,0,3,0
U10474,36,monthly,standard,64.54,2,1,29,0
U10475,18,monthly,standard,65.34,0,1,2,0
U10476,48,monthly,standard,54.61,0,1,8,1
U10477,53,monthly,standard,95.52,1,0,4,0
U10478,47,two_year,standard,70.89,2,0,34,0
U10479,53,monthly,standard,55.78,1,1,6,0
U10480,13,monthly,basic,40.48,2,0,36,0
U10481,62,monthly,basic,80.9,0,0,10,0
U10482,3,monthly,standard,15.79,2,0,17,0
U10483,24,monthly,premium,68.61,1,0,11,0
U10484,48,monthly,basic,108.64,0,1,2,0
U10485,37,monthly,premium,45.21,0,1,5,1
U10486,53,monthly,standard,75.86,1,1,4,1
U10487,52,two_year,basic,50.98,1,1,5,0
U10488,8,monthly,basic,71.91,0,1,14,0
U10489,40,monthly,basic,73.57,0,0,7,0
U10490,52,monthly,basic,73.35,3,1,6,0
U10491,62,two_year,standard,54.31,2,1,28,0
U10492,64,two_year,basic,50.51,0,0,4,0
U10493,2,monthly,standard,66.65,2,1,3,1
U10494,66,monthly,standard,66.73,1,0,5,1
U10495,50,monthly,standard,62.65,1,1,4,0
U10496,14,monthly,basic,72.75,3,0,11,1
U10497,10,one_year,standard,56.45,2,0,22,0
U10498,37,monthly,standard,15.0,0,0,4,0
U10499,37,one_year,standard,60.41,4,1,16,0
U10500,59,monthly,standard,50.54,0,0,13,0
U10501,28,one_year,standard,81.22,3,1,8,0
U10502,7,two_year,standard,15.0,1,0,1,1
U10503,33,monthly,premium,76.17,0,0,7,1
U10504,23,monthly,basic,72.04,2,0,6,0
U10505,55,monthly,standard,39.82,2,1,1,0
U10506,28,monthly,basic,24.19,0,1,20,0
U10507,7,monthly,standard,68.37,2,1,6,0
U10508,42,monthly,premium,52.9,1,0,4,1
U10509,4,monthly,standard,15.0,2,0,16,0
U10510,9,one_year,basic,26.85,4,1,6,0
U10511,67,monthly,standard,54.71,1,1,12,0
U10512,3,monthly,standard,40.16,2,1,7,1
U10513,35,two_year,premium,129.95,2,0,33,0
U10514,65,monthly,standard,91.79,0,0,20,0
U10515,30,two_year,standard,62.45,0,0,11,0
U10516,31,monthly,premium,88.77,0,0,11,0
U10517,11,two_year,standard,57.18,1,0,5,0
U10518,64,two_year,basic,115.91,0,0,1,0
U10519,36,one_year,standard,89.58,0,1,12,0
U10520,26,one_year,basic,60.9,5,0,40,0
U10521,48,monthly,standard,25.51,1,1,14,0
U10522,41,two_year,standard,77.61,1,0,12,0
U10523,64,two_year,standard,15.0,0,1,9,0
U10524,7,one_year,basic,82.86,0,0,21,0
U10525,28,monthly,standard,41.12,1,0,15,0
U10526,37,one_year,basic,131.92,0,0,2,0
U10527,10,two_year,basic,57.69,1,0,5,0
U10528,61,one_year,basic,45.96,4,0,16,0
U10529,54,monthly,standard,106.52,0,0,19,0
U10530,60,monthly,basic,68.08,0,0,20,0
U10531,22,monthly,basic,62.48,0,1,5,0
U10532,52,two_year,basic,18.74,1,0,14,1
U10533,51,monthly,standard,47.0,1,1,12,0
U10534,41,one_year,standard,72.65,0,1,6,0
U10535,57,two_year,standard,104.91,1,1,1,0
U10536,26,two_year,basic,88.95,1,0,19,0
U10537,69,monthly,basic,70.78,2,1,20,1
U10538,65,one_year,standard,68.11,0,0,58,0
U10539,13,two_year,basic,88.32,1,1,3,0
U10540,29,one_year,premium,73.8,1,0,12,0
U10541,19,monthly,basic,56.59,0,0,10,0
U10542,32,monthly,premium,27.19,0,1,17,0
U10543,28,monthly,basic,68.79,1,1,8,0
U10544,64,monthly,standard,46.98,0,0,5,0
U10545,59,monthly,basic,46.33,1,0,17,0
U10546,39,monthly,premium,56.2,2,1,8,0
U10547,31,monthly,standard,36.61,1,1,11,0
U10548,1,one_year,premium,94.92,3,0,2,1
U10549,31,one_year,premium,72.36,4,0,10,0
U10550,66,monthly,basic,62.78,1,0,11,0
U10551,60,one_year,premium,19.73,1,0,18,0
U10552,20,monthly,premium,67.51,1,1,5,0
U10553,9,two_year,basic,76.76,2,0,4,0
U10554,22,monthly,standard,18.95,1,0,13,0
U10555,8,monthly,standard,27.8,2,1,21,0
U10556,36,one_year,standard,56.67,2,0,18,0
U10557,7,two_year,standard,90.92,0,0,18,0
U10558,41,monthly,basic,136.16,0,1,9,1
U10559,37,two_year,premium,95.06,1,1,17,1
U10560,6,one_year,premium,45.33,0,0,16,0
U10561,15,monthly,basic,64.14,0,1,16,0
U10562,46,one_year,basic,123.89,2,0,4,0
U10563,26,monthly,basic,80.69,1,1,14,0
U10564,11,monthly,standard,79.74,0,0,17,0
U10565,36,one_year,premium,76.61,1,1,5,0
U10566,48,monthly,premium,56.39,0,0,12,0
U10567,38,two_year,basic,15.0,1,0,5,0
U10568,50,monthly,basic,35.61,0,0,2,0
U10569,28,one_year,premium,47.79,1,0,12,0
U10570,55,monthly,standard,78.1,3,1,32,0
U10571,10,two_year,standard,77.03,0,1,46,0
U10572,70,two_year,standard,70.49,1,0,8,0
U10573,59,one_year,standard,53.85,1,0,11,0
U10574,23,monthly,premium,97.37,0,1,19,1
U10575,62,monthly,standard,,2,0,36,0
U10576,67,monthly,standard,69.95,2,0,12,0
U10577,41,two_year,premium,48.56,1,0,10,0
U10578,46,monthly,standard,69.0,2,1,2,0
U10579,21,monthly,basic,83.67,0,1,14,0
U10580,33,monthly,premium,85.91,1,0,5,0
U10581,71,monthly,standard,60.65,2,1,3,0
U10582,45,monthly,standard,76.81,1,0,35,0
U10583,9,monthly,standard,62.0,1,1,1,0
U10584,11,two_year,standard,82.96,1,0,1,0
U10585,63,one_year,standard,59.39,0,0,12,0
U10586,26,monthly,basic,116.2,3,0,3,1
U10587,45,monthly,standard,106.48,0,0,5,0
U10588,55,one_year,basic,37.45,2,0,11,0
U10589,19,two_year,basic,72.47,1,1,14,0
U10590,55,two_year,premium,80.84,2,0,16,0
U10591,42,monthly,basic,87.49,2,0,18,0
U10592,13,one_year,basic,29.04,1,0,10,0
U10593,40,monthly,basic,42.61,0,0,7,0
U10594,7,monthly,standard,88.94,2,0,15,0
U10595,1,monthly,basic,74.21,1,0,9,1
U10596,34,monthly,standard,102.72,0,1,3,0
U10597,34,one_year,basic,96.23,1,0,4,0
U10598,58,monthly,premium,45.39,2,1,9,0
U10599,56,monthly,premium,67.51,0,0,13,0
U10600,39,monthly,standard,54.24,0,1,3,0
U10601,46,one_year,basic,75.79,0,1,11,0
U10602,43,one_year,premium,111.68,0,0,4,0
U10603,10,one_year,standard,61.57,2,0,2,0
U10604,49,monthly,standard,94.12,0,1,15,0
U10605,16,one_year,basic,76.98,2,1,11,0
U10606,4,monthly,standard,76.31,3,0,22,1
U10607,50,monthly,basic,68.6,0,1,7,0
U10608,43,one_year,standard,67.23,0,1,25,0
U10609,2,one_year,basic,85.35,0,0,8,0
U10610,59,monthly,standard,55.49,0,1,1,0
U10611,50,two_year,standard,86.04,2,0,9,0
U10612,30,two_year,premium,70.14,1,1,13,0
U10613,38,two_year,premium,45.32,2,0,5,0
U10614,45,monthly,premium,40.11,2,0,29,1
U10615,28,monthly,standard,98.58,2,0,2,1
U10616,24,monthly,premium,28.93,1,0,16,1
U10617,30,monthly,basic,78.55,2,0,23,0
U10618,12,monthly,basic,150.0,1,0,3,1
U10619,34,monthly,basic,38.88,2,1,1,0
U10620,43,two_year,basic,77.68,2,0,22,0
U10621,8,one_year,premium,32.32,0,0,12,0
U10622,7,two_year,standard,,1,0,11,0
U10623,66,two_year,premium,83.41,1,1,29,0
U10624,14,two_year,basic,73.5,3,1,0,0
U10625,30,two_year,basic,83.78,0,0,7,0
U10626,15,monthly,basic,40.73,1,0,7,0
U10627,48,monthly,premium,68.08,2,0,8,0
U10628,33,monthly,basic,39.9,2,0,3,1
U10629,8,one_year,standard,81.87,2,1,6,1
U10630,1,monthly,standard,30.11,1,1,34,0
U10631,63,monthly,standard,78.02,1,0,14,0
U10632,31,monthly,basic,98.38,0,1,19,0
U10633,50,monthly,premium,99.01,1,1,2,0
U10634,16,one_year,basic,69.46,0,1,47,0
U10635,19,one_year,basic,70.17,1,0,4,1
U10636,38,monthly,basic,52.5,0,0,14,0
U10637,65,monthly,basic,69.31,1,1,18,0
U10638,29,one_year,premium,43.64,0,0,10,0
U10639,63,two_year,basic,18.11,4,0,4,0
U10640,3,monthly,basic,51.11,2,1,4,0
U10641,33,monthly,premium,81.14,0,0,4,0
U10642,26,monthly,standard,37.24,0,1,8,0
U10643,20,one_year,standard,82.58,1,0,6,0
U10644,1,one_year,basic,119.57,1,1,13,0
U10645,59,monthly,premium,72.54,4,1,4,0
U10646,2,two_year,standard,71.23,0,0,9,0
U10647,1,two_year,standard,15.26,1,0,18,0
U10648,1,monthly,standard,55.44,1,0,20,0
U10649,68,one_year,standard,29.71,1,1,7,0
U10650,38,monthly,basic,81.45,1,1,6,0
U10651,69,monthly,premium,45.7,1,0,13,0
U10652,32,monthly,standard,63.87,2,0,19,0
U10653,6,monthly,basic,48.2,0,0,7,0
U10654,8,one_year,basic,63.89,0,1,4,0
U10655,67,monthly,premium,59.66,1,0,28,0
U10656,50,monthly,standard,83.57,2,1,25,0
U10657,21,monthly,premium,121.91,1,1,14,0
U10658,32,one_year,basic,76.19,3,0,9,0
U10659,58,monthly,standard,46.4,1,1,21,0
U10660,64,two_year,premium,53.65,0,0,26,0
U10661,62,monthly,standard,56.3,1,0,7,0
U10662,71,two_year,basic,33.56,2,0,4,0
U10663,13,one_year,basic,65.97,0,1,14,0
U10664,10,two_year,premium,44.25,2,1,12,0
U10665,25,two_year,basic,60.59,0,1,3,0
U10666,6,monthly,standard,71.97,0,1,13,0
U10667,68,monthly,basic,113.49,1,0,3,0
U10668,9,two_year,basic,62.77,2,0,12,0
U10669,56,monthly,basic,93.15,1,1,3,0
U10670,26,one_year,basic,96.62,1,1,1,0
U10671,50,one_year,basic,38.8,2,0,11,1
U10672,69,monthly,basic,62.53,0,1,7,0
U10673,17,monthly,basic,49.47,1,0,6,1
U10674,56,monthly,premium,104.98,2,1,5,0
U10675,53,monthly,basic,85.73,0,0,29,0
U10676,21,one_year,standard,77.6,4,0,21,0
U10677,3,monthly,standard,66.13,2,1,19,1
U10678,35,monthly,basic,23.1,3,0,3,0
U10679,19,one_year,basic,57.42,2,1,13,0
U10680,50,monthly,basic,45.98,1,1,4,0
U10681,18,monthly,premium,64.55,1,1,4,0
U10682,24,monthly,basic,34.08,0,0,4,1
U10683,5,one_year,basic,25.6,1,0,3,0
U10684,13,monthly,standard,38.1,1,0,7,0
U10685,34,two_year,standard,80.85,1,1,8,0
U10686,25,monthly,basic,78.67,0,1,11,0
U10687,3,one_year,basic,70.12,1,1,50,0
U10688,53,monthly,basic,69.04,1,1,1,0
U10689,70,one_year,standard,54.46,1,0,24,0
U10690,21,monthly,basic,82.64,0,1,16,0
U10691,35,two_year,standard,46.4,1,1,11,0
U10692,25,two_year,standard,61.49,1,1,1,0
U10693,55,one_year,premium,82.13,0,0,2,0
U10694,13,one_year,basic,83.66,1,1,10,0
U10695,38,monthly,standard,41.52,0,1,9,0
U10696,26,monthly,standard,57.18,3,1,6,0
U10697,9,two_year,standard,82.57,2,0,5,0
U10698,51,monthly,standard,68.27,1,1,15,0
U10699,33,one_year,standard,74.25,1,0,13,0
U10700,18,two_year,standard,86.54,1,0,5,0
U10701,1,one_year,premium,72.24,1,0,3,0
U10702,71,monthly,basic,41.11,1,0,10,0
U10703,22,monthly,standard,39.45,0,1,17,0
U10704,3,two_year,basic,69.95,2,1,9,0
U10705,46,monthly,standard,104.63,1,0,3,0
U10706,63,monthly,premium,56.33,0,0,24,0
U10707,13,monthly,basic,88.56,2,1,3,1
U10708,68,monthly,standard,61.3,2,1,2,1
U10709,66,monthly,basic,107.3,0,1,21,0
U10710,2,two_year,premium,17.6,1,1,29,0
U10711,46,monthly,standard,33.74,1,1,10,0
U10712,52,one_year,premium,93.56,0,0,7,0
U10713,2,one_year,basic,92.55,2,0,5,0
U10714,68,one_year,basic,54.88,0,0,2,0
U10715,31,one_year,standard,89.43,2,1,11,0
U10716,13,monthly,standard,55.77,2,0,6,1
U10717,64,one_year,standard,62.72,1,0,6,0
U10718,70,one_year,basic,79.29,0,0,22,0
U10719,19,monthly,standard,63.74,0,1,35,0
U10720,31,two_year,premium,56.03,0,0,24,0
U10721,9,monthly,premium,28.19,0,0,22,1
U10722,6,monthly,basic,35.19,0,1,19,0
U10723,20,monthly,basic,45.83,1,1,19,0
U10724,6,monthly,basic,103.1,0,0,12,1
U10725,35,monthly,standard,38.16,1,1,16,0
U10726,23,one_year,premium,80.99,0,1,11,0
U10727,28,monthly,standard,39.21,1,0,23,0
U10728,59,monthly,basic,75.52,1,1,11,0
U10729,18,monthly,standard,62.68,2,0,9,0
U10730,54,two_year,standard,30.33,0,1,2,0
U10731,34,one_year,basic,89.29,1,1,2,0
U10732,8,monthly,basic,49.71,0,0,13,0
U10733,35,monthly,standard,31.89,3,1,8,0
U10734,68,monthly,basic,59.26,1,0,14,0
U10735,50,monthly,basic,67.09,1,0,21,0
U10736,50,monthly,standard,79.3,0,1,31,0
U10737,71,one_year,premium,39.74,2,0,13,0
U10738,36,monthly,basic,34.51,1,1,12,0
U10739,46,monthly,basic,100.35,1,0,6,1
U10740,25,one_year,basic,97.36,2,0,10,0
U10741,6,monthly,premium,64.18,3,0,10,1
U10742,16,monthly,standard,78.92,0,1,11,0
U10743,11,monthly,standard,91.48,0,1,14,0
U10744,27,monthly,basic,60.09,3,1,14,0
U10745,22,two_year,basic,51.1,0,1,16,0
U10746,4,one_year,standard,68.07,0,0,20,0
U10747,67,two_year,standard,58.05,1,0,6,0
U10748,42,one_year,basic,56.59,1,0,3,0
U10749,5,monthly,standard,89.18,1,0,8,1
U10750,65,one_year,premium,96.75,1,0,7,0
U10751,47,monthly,premium,76.38,1,1,10,0
U10752,28,monthly,basic,86.84,2,1,6,0
U10753,29,monthly,standard,38.29,0,1,14,1
U10754,32,one_year,standard,77.68,0,1,2,0
U10755,18,monthly,standard,84.42,1,0,11,1
U10756,37,two_year,basic,75.25,1,1,11,0
U10757,46,one_year,premium,25.28,1,1,21,0
U10758,58,monthly,standard,39.56,1,1,4,0
U10759,54,monthly,standard,77.65,0,1,31,0
U10760,50,monthly,basic,25.45,1,1,16,0
U10761,55,monthly,premium,71.86,0,1,20,0
U10762,29,monthly,premium,63.15,3,1,10,0
U10763,16,monthly,premium,113.94,3,1,10,1
U10764,19,one_year,premium,48.72,1,1,8,0
U10765,14,monthly,standard,51.17,0,1,19,0
U10766,24,monthly,standard,95.18,1,0,15,0
U10767,14,monthly,premium,95.7,2,1,4,1
U10768,51,two_year,standard,37.64,1,1,8,0
U10769,16,two_year,basic,62.06,2,0,23,0
U10770,38,one_year,standard,70.72,1,0,18,0
U10771,16,two_year,standard,58.35,1,1,8,0
U10772,70,one_year,standard,65.15,0,0,8,0
U10773,38,monthly,basic,80.31,0,1,27,0
U10774,33,monthly,standard,15.0,0,0,13,0
U10775,23,one_year,standard,82.17,1,1,5,0
U10776,6,one_year,premium,62.42,0,0,10,0
U10777,44,monthly,standard,69.96,3,1,14,0
U10778,8,one_year,standard,86.13,0,0,7,0
U10779,69,one_year,basic,70.97,1,1,15,0
U10780,22,monthly,basic,58.61,2,1,9,0
U10781,57,monthly,basic,104.74,3,1,2,0
U10782,11,one_year,standard,45.64,2,1,24,0
U10783,7,monthly,standard,33.98,1,0,1,1
U10784,6,monthly,premium,15.0,2,0,17,0
U10785,68,two_year,standard,89.74,0,0,34,0
U10786,23,one_year,standard,41.69,1,1,6,0
U10787,28,two_year,premium,93.53,0,1,16,0
U10788,23,monthly,basic,88.21,0,0,19,0
U10789,13,two_year,standard,88.97,0,0,1,1
U10790,13,two_year,standard,40.45,2,0,4,0
U10791,18,one_year,basic,77.56,2,1,29,0
U10792,50,monthly,premium,103.56,2,1,16,0
U10793,4,monthly,standard,52.36,1,0,25,0
U10794,65,monthly,premium,42.98,2,1,11,0
U10795,21,monthly,premium,68.14,0,1,20,0
U10796,61,two_year,basic,42.1,1,1,13,0
U10797,34,two_year,standard,53.55,1,1,16,0
U10798,50,two_year,basic,63.96,2,0,24,0
U10799,8,monthly,standard,61.66,0,0,6,0
U10800,42,monthly,standard,71.51,0,0,16,0
U10801,69,monthly,premium,43.79,1,1,5,0
U10802,64,monthly,premium,44.6,1,1,7,0
U10803,31,two_year,standard,63.24,2,1,8,0
U10804,17,two_year,basic,93.0,3,0,11,1
U10805,39,monthly,standard,72.94,3,0,8,0
U10806,20,one_year,standard,15.0,0,1,13,0
U10807,23,two_year,basic,,0,0,15,0
U10808,1,one_year,standard,52.34,1,1,16,0
U10809,65,two_year,standard,51.8,1,1,14,0
U10810,6,monthly,standard,58.81,0,0,3,1
U10811,61,monthly,basic,54.81,0,1,20,0
U10812,54,two_year,standard,58.36,1,0,11,0
U10813,35,one_year,basic,81.77,0,0,21,0
U10814,25,two_year,basic,96.3,1,1,6,0
U10815,1,two_year,basic,51.19,0,0,5,0
U10816,40,monthly,premium,62.45,0,0,6,0
U10817,47,two_year,premium,101.54,0,0,11,1
U10818,52,two_year,basic,35.37,0,1,6,0
U10819,24,monthly,basic,59.72,4,1,6,1
U10820,10,one_year,basic,71.56,1,0,4,0
U10821,10,two_year,basic,47.87,3,1,22,0
U10822,64,monthly,premium,,0,0,9,0
U10823,33,monthly,standard,101.99,2,0,7,0
U10824,19,monthly,standard,79.53,0,1,13,0
U10825,52,monthly,basic,32.22,3,1,3,0
U10826,10,one_year,standard,139.75,2,1,20,1
U10827,47,monthly,standard,75.23,0,1,12,0
U10828,20,monthly,basic,75.09,1,1,5,1
U10829,7,monthly,standard,54.56,1,0,10,1
U10830,61,two_year,standard,82.04,2,0,7,0
U10831,65,two_year,standard,78.06,1,0,12,0
U10832,4,two_year,standard,64.81,0,0,8,0
U10833,35,one_year,premium,65.1,2,0,14,0
U10834,49,monthly,standard,66.1,1,1,20,0
U10835,65,two_year,standard,41.4,1,1,8,0
U10836,48,two_year,standard,87.68,2,1,17,0
U10837,30,monthly,standard,49.21,3,0,3,0
U10838,24,monthly,premium,20.17,2,1,2,0
U10839,65,monthly,basic,15.0,2,1,21,0
U10840,47,monthly,standard,68.49,1,0,9,1
U10841,60,two_year,standard,18.99,0,0,9,0
U10842,52,one_year,basic,62.31,2,1,2,0
U10843,3,monthly,basic,68.84,0,0,3,0
U10844,49,one_year,premium,60.47,0,1,10,0
U10845,63,one_year,standard,103.18,0,0,6,0
U10846,71,monthly,standard,53.88,0,0,8,0
U10847,49,monthly,basic,65.84,3,0,20,0
U10848,18,two_year,premium,75.88,1,1,11,0
U10849,42,two_year,premium,96.11,2,0,5,0
U10850,14,monthly,premium,25.74,2,0,9,0
U10851,1,one_year,basic,120.59,3,1,2,0
U10852,54,monthly,basic,53.92,3,1,6,0
U10853,45,monthly,basic,107.41,2,0,10,0
U10854,26,monthly,basic,44.06,1,0,6,0
U10855,46,monthly,standard,52.63,1,0,5,0
U10856,10,monthly,basic,75.73,4,0,6,1
U10857,62,two_year,standard,57.21,0,1,3,0
U10858,26,one_year,basic,73.92,0,0,42,0
U10859,28,two_year,basic,57.9,2,0,14,1
U10860,65,monthly,standard,114.48,1,1,8,0
U10861,5,one_year,basic,44.03,0,1,29,0
U10862,43,one_year,standard,73.7,0,0,9,0
U10863,53,one_year,basic,96.4,1,1,5,0
U10864,36,monthly,premium,72.81,1,1,15,0
U10865,27,monthly,basic,19.39,1,1,17,1
U10866,52,monthly,standard,96.13,0,0,53,0
U10867,24,monthly,basic,33.79,4,0,23,1
U10868,26,monthly,basic,43.58,0,1,8,0
U10869,48,monthly,basic,103.94,0,0,4,1
U10870,57,monthly,standard,102.77,2,1,6,0
U10871,3,monthly,standard,61.47,2,0,26,1
U10872,48,monthly,standard,100.63,2,0,14,1
U10873,3,two_year,standard,27.31,4,1,16,0
U10874,62,one_year,basic,68.75,3,1,1,1
U10875,70,two_year,basic,49.23,0,0,38,0
U10876,56,monthly,premium,33.01,0,1,11,0
U10877,62,one_year,premium,15.0,1,1,15,0
U10878,54,monthly,basic,96.29,5,1,1,0
U10879,57,two_year,premium,63.43,0,0,8,0
U10880,66,monthly,standard,88.29,1,0,7,0
U10881,35,monthly,standard,79.1,0,1,19,0
U10882,9,two_year,standard,60.71,2,1,5,0
U10883,28,monthly,standard,63.96,0,1,11,0
U10884,5,monthly,basic,26.05,0,1,5,0
U10885,14,monthly,standard,57.44,5,0,9,1
U10886,40,two_year,premium,91.63,4,1,7,0
U10887,3,monthly,basic,102.58,2,0,16,0
U10888,66,monthly,premium,43.61,2,0,1,0
U10889,57,two_year,basic,105.17,1,1,7,0
U10890,44,monthly,basic,34.56,0,1,22,0
U10891,19,one_year,basic,70.04,0,0,3,0
U10892,9,monthly,standard,69.47,1,0,26,1
U10893,54,monthly,standard,88.91,3,1,13,0
U10894,16,two_year,premium,45.43,3,1,29,0
U10895,5,monthly,basic,84.86,0,0,8,1
U10896,27,two_year,basic,52.42,1,0,2,0
U10897,18,two_year,premium,30.51,0,0,26,0
U10898,35,one_year,basic,47.22,2,0,22,0
U10899,31,monthly,premium,63.42,0,1,5,0
U10900,43,two_year,basic,87.93,0,1,18,0
U10901,27,monthly,premium,81.3,1,0,6,0
U10902,62,two_year,basic,47.75,1,0,9,0
U10903,15,two_year,premium,77.78,1,1,10,0
U10904,56,two_year,basic,83.6,1,0,9,0
U10905,56,one_year,basic,85.11,2,0,6,0
U10906,2,monthly,basic,69.69,1,0,5,1
U10907,6,monthly,standard,48.8,1,0,10,1
U10908,9,one_year,basic,41.32,4,0,14,1
U10909,44,monthly,premium,71.59,0,1,7,0
U10910,24,one_year,standard,80.15,2,0,17,0
U10911,40,one_year,standard,42.45,1,0,41,0
U10912,9,monthly,standard,50.13,1,0,13,0
U10913,38,one_year,basic,99.27,1,1,3,0
U10914,23,monthly,basic,90.36,2,0,29,0
U10915,13,two_year,premium,77.74,1,1,16,0
U10916,3,monthly,standard,68.39,1,1,7,0
U10917,47,monthly,basic,56.59,1,0,5,0
U10918,47,one_year,basic,45.21,0,1,9,0
U10919,51,monthly,basic,90.89,1,1,20,0
U10920,6,monthly,standard,41.47,1,1,32,0
U10921,41,one_year,premium,113.18,1,0,14,0
U10922,19,one_year,standard,105.98,1,1,12,0
U10923,42,monthly,premium,38.78,2,1,5,0
U10924,63,one_year,premium,17.13,1,1,5,0
U10925,39,monthly,premium,66.65,2,1,17,0
U10926,33,monthly,basic,35.04,1,0,5,0
U10927,31,one_year,basic,49.96,0,0,28,0
U10928,36,monthly,premium,71.85,0,1,23,0
U10929,41,monthly,standard,29.01,2,1,11,0
U10930,12,monthly,basic,70.16,1,1,7,1
U10931,37,monthly,standard,96.63,2,1,20,0
U10932,19,monthly,premium,97.47,0,1,28,0
U10933,21,two_year,basic,91.0,0,1,23,0
U10934,19,monthly,basic,58.22,0,0,8,0
U10935,61,monthly,basic,53.6,1,0,9,0
U10936,32,one_year,premium,50.93,1,1,6,0
U10937,25,one_year,premium,68.78,0,0,12,0
U10938,19,monthly,basic,83.33,2,1,4,0
U10939,8,two_year,basic,62.31,1,1,10,0
U10940,37,one_year,standard,30.64,2,0,14,0
U10941,45,monthly,standard,32.21,1,0,22,0
U10942,19,one_year,standard,45.27,1,0,21,0
U10943,61,one_year,standard,66.04,0,1,19,0
U10944,44,monthly,standard,80.51,0,1,1,0
U10945,8,monthly,basic,62.59,1,0,25,1
U10946,8,two_year,standard,82.24,0,1,8,0
U10947,3,monthly,basic,60.88,1,1,6,0
U10948,68,monthly,standard,69.95,2,1,4,0
U10949,23,monthly,basic,75.41,0,1,4,0
U10950,68,monthly,premium,59.37,1,1,13,0
U10951,20,two_year,basic,85.82,1,1,10,0
U10952,21,monthly,standard,99.85,1,0,6,0
U10953,12,monthly,basic,77.96,1,0,34,0
U10954,9,one_year,basic,55.77,0,0,4,0
U10955,20,two_year,standard,67.75,0,0,14,0
U10956,47,monthly,premium,90.19,0,1,3,0
U10957,31,one_year,basic,67.75,3,1,12,0
U10958,13,two_year,standard,58.54,2,1,13,0
U10959,16,monthly,basic,51.33,2,1,1,0
U10960,15,one_year,basic,61.82,1,1,7,0
U10961,38,one_year,basic,63.39,2,0,8,0
U10962,64,monthly,basic,24.89,1,1,18,0
U10963,29,one_year,basic,80.9,1,0,3,0
U10964,12,two_year,basic,34.55,2,1,2,0
U10965,29,monthly,standard,87.7,0,1,12,0
U10966,8,monthly,standard,15.0,1,1,9,0
U10967,8,monthly,standard,63.43,0,1,1,0
U10968,4,two_year,basic,91.86,3,1,9,1
U10969,54,monthly,standard,90.01,2,1,4,0
U10970,27,monthly,premium,25.57,0,1,5,0
U10971,45,monthly,standard,31.59,1,0,6,0
U10972,10,two_year,premium,75.92,2,0,10,0
U10973,40,monthly,basic,33.96,1,0,5,0
U10974,34,monthly,standard,88.13,0,0,8,0
U10975,23,monthly,premium,102.05,2,1,3,0
U10976,8,monthly,standard,38.81,0,0,25,1
U10977,71,one_year,basic,35.17,1,1,7,0
U10978,48,monthly,standard,55.77,1,1,10,1
U10979,53,monthly,basic,84.38,0,0,4,0
U10980,68,monthly,basic,78.85,1,1,14,0
U10981,60,one_year,basic,73.12,0,1,11,0
U10982,49,two_year,basic,29.54,4,1,14,0
U10983,40,monthly,standard,97.06,1,1,13,0
U10984,25,one_year,premium,64.88,1,0,10,0
U10985,44,two_year,premium,80.08,1,1,9,0
U10986,32,one_year,standard,68.95,2,1,17,0
U10987,50,two_year,basic,84.76,0,1,15,0
U10988,71,monthly,basic,95.53,0,1,3,0
U10989,20,one_year,standard,83.17,2,1,22,0
U10990,51,monthly,basic,15.0,0,1,4,0
U10991,19,monthly,standard,45.35,2,1,7,0
U10992,47,two_year,basic,81.97,2,1,3,0
U10993,55,one_year,standard,36.35,2,1,11,0
U10994,47,monthly,basic,117.77,0,0,8,1
U10995,23,two_year,basic,39.75,1,0,10,0
U10996,53,monthly,basic,69.29,0,1,40,0
U10997,2,two_year,premium,78.57,2,1,9,0
U10998,39,monthly,basic,86.5,3,1,6,1
U10999,33,monthly,standard,116.99,0,0,12,0
U11000,55,monthly,basic,17.76,0,0,14,0
U11001,62,monthly,premium,91.07,0,0,5,0
U11002,35,monthly,standard,82.06,4,0,11,0
U11003,31,monthly,premium,66.43,1,1,19,0
U11004,51,monthly,standard,59.55,1,1,26,0
U11005,40,monthly,basic,47.19,0,0,20,0
U11006,12,monthly,basic,86.86,0,0,2,0
U11007,64,monthly,basic,54.61,1,1,10,0
U11008,21,monthly,standard,81.57,1,1,10,0
U11009,11,monthly,basic,119.33,0,1,11,0
U11010,7,two_year,premium,97.5,4,0,21,0
U11011,14,one_year,premium,85.18,2,1,17,1
U11012,51,one_year,standard,89.2,1,1,7,0
U11013,2,two_year,basic,15.0,2,0,9,0
U11014,61,monthly,basic,85.71,1,0,49,0
U11015,26,two_year,standard,54.46,3,0,19,0
U11016,48,one_year,standard,36.66,2,1,19,0
U11017,10,one_year,standard,,2,1,2,0
U11018,41,two_year,basic,121.46,1,0,10,0
U11019,41,monthly,basic,40.62,0,0,9,0
U11020,21,monthly,standard,68.53,0,1,21,0
U11021,24,monthly,basic,45.3,2,0,8,0
U11022,63,monthly,standard,53.4,2,0,8,0
U11023,7,monthly,standard,94.53,2,0,3,1
U11024,16,monthly,basic,53.04,1,0,38,0
U11025,52,two_year,basic,59.46,2,1,8,0
U11026,6,monthly,basic,63.92,2,0,17,1
U11027,54,one_year,standard,26.06,1,0,3,0
U11028,56,monthly,standard,54.12,2,0,19,0
U11029,65,monthly,premium,81.88,0,1,14,0
U11030,53,one_year,basic,82.72,1,0,8,0
U11031,26,two_year,basic,62.38,0,0,2,0
U11032,24,monthly,standard,91.51,3,0,15,0
U11033,39,monthly,standard,98.45,2,0,30,0
U11034,36,monthly,standard,,2,1,5,1
U11035,46,one_year,basic,57.52,1,1,3,0
U11036,63,two_year,standard,73.87,2,1,11,0
U11037,63,one_year,standard,84.07,1,1,14,0
U11038,19,two_year,basic,66.86,0,0,7,1
U11039,68,monthly,premium,91.3,0,1,3,0
U11040,49,two_year,basic,53.23,0,0,3,0
U11041,24,one_year,standard,89.45,1,0,30,0
U11042,46,one_year,standard,44.11,2,1,5,0
U11043,16,monthly,standard,33.89,1,0,19,0
U11044,40,monthly,basic,102.08,2,0,3,1
U11045,20,monthly,premium,72.54,1,1,16,0
U11046,35,one_year,standard,66.18,0,1,25,0
U11047,19,monthly,standard,30.22,0,1,16,0
U11048,34,two_year,standard,91.25,2,0,36,0
U11049,55,two_year,basic,58.02,1,1,2,0
U11050,5,two_year,basic,83.94,1,1,10,0
U11051,45,monthly,basic,56.84,0,0,13,0
U11052,11,one_year,standard,55.54,0,0,22,0
U11053,9,monthly,basic,45.67,2,0,16,1
U11054,56,monthly,standard,49.78,0,1,12,0
U11055,45,two_year,standard,63.99,2,0,4,0
U11056,69,two_year,standard,65.3,0,0,11,0
U11057,47,two_year,basic,64.11,2,1,4,0
U11058,22,monthly,premium,51.38,1,0,10,0
U11059,36,monthly,standard,69.38,1,0,9,1
U11060,71,one_year,basic,78.53,0,1,12,0
U11061,53,monthly,standard,49.2,0,0,2,0
U11062,19,monthly,basic,75.32,3,1,25,1
U11063,6,monthly,standard,96.68,0,1,7,0
U11064,38,two_year,basic,15.0,0,1,22,0
U11065,49,monthly,basic,85.6,1,0,13,0
U11066,3,monthly,basic,32.11,0,0,15,0
U11067,5,one_year,standard,95.75,2,0,6,0
U11068,35,two_year,standard,68.86,2,0,9,0
U11069,61,two_year,basic,89.15,2,0,13,0
U11070,50,monthly,standard,48.51,1,1,10,0
U11071,38,monthly,standard,60.89,0,0,2,0
U11072,49,two_year,standard,23.37,0,0,11,0
U11073,60,monthly,premium,59.03,0,0,9,0
U11074,19,monthly,premium,70.34,2,1,11,1
U11075,11,monthly,basic,82.48,0,1,5,1
U11076,3,monthly,standard,46.48,1,1,1,0
U11077,15,monthly,basic,73.31,1,1,23,1
U11078,4,monthly,premium,50.41,0,0,18,0
U11079,60,two_year,premium,81.75,1,0,17,0
U11080,16,monthly,standard,88.74,0,1,2,1
U11081,7,monthly,standard,56.87,1,1,49,0
U11082,57,one_year,basic,57.37,1,1,6,0
U11083,23,one_year,premium,68.79,1,1,6,0
U11084,48,two_year,standard,16.31,1,1,5,0
U11085,56,monthly,standard,,1,0,11,0
U11086,53,monthly,standard,71.05,0,1,8,0
U11087,61,one_year,standard,53.98,0,1,7,0
U11088,31,two_year,premium,94.62,1,0,2,0
U11089,10,monthly,premium,26.9,1,1,10,0
U11090,47,monthly,premium,85.33,2,0,9,0
U11091,5,two_year,standard,47.31,1,0,23,0
U11092,26,one_year,basic,32.26,1,0,7,0
U11093,45,two_year,basic,71.18,0,0,17,0
U11094,25,one_year,standard,45.4,1,0,36,0
U11095,16,monthly,basic,30.93,0,0,11,0
U11096,47,two_year,basic,75.72,0,0,28,0
U11097,21,one_year,basic,38.58,2,1,3,0
U11098,59,monthly,basic,37.69,2,0,5,1
U11099,4,one_year,basic,72.48,0,1,15,0
U11100,17,monthly,standard,45.79,1,1,4,0
U11101,26,one_year,basic,54.88,1,1,7,0
U11102,66,monthly,standard,115.85,1,1,1,0
U11103,58,monthly,basic,79.65,0,1,14,0
U11104,70,monthly,standard,62.03,2,0,8,0
U11105,41,monthly,standard,15.0,2,1,16,0
U11106,52,monthly,premium,60.13,0,0,16,0
U11107,3,monthly,standard,58.63,0,1,8,0
U11108,65,monthly,standard,73.47,0,0,3,0
U11109,6,one_year,basic,45.9,0,1,13,0
U11110,6,monthly,premium,104.24,2,0,11,1
U11111,64,monthly,basic,63.31,1,0,12,0
U11112,28,monthly,standard,56.75,1,0,11,1
U11113,45,one_year,basic,104.62,2,0,10,0
U11114,15,one_year,standard,74.93,0,1,18,0
U11115,13,monthly,basic,67.35,4,1,11,1
U11116,46,monthly,basic,50.6,2,1,8,0
U11117,44,monthly,basic,69.46,0,0,24,0
U11118,26,monthly,standard,54.95,1,1,26,0
U11119,57,two_year,basic,38.42,2,1,14,0
U11120,30,monthly,basic,81.33,1,1,15,0
U11121,59,monthly,premium,73.42,1,1,7,0
U11122,36,monthly,basic,78.84,1,1,17,0
U11123,46,monthly,basic,73.31,3,1,2,1
U11124,32,monthly,standard,62.8,1,1,5,0
U11125,11,one_year,basic,43.86,2,0,4,1
U11126,13,monthly,premium,69.54,1,1,5,0
U11127,61,one_year,standard,53.86,2,0,14,0
U11128,4,monthly,standard,96.45,0,1,21,1
U11129,48,monthly,standard,109.87,1,0,20,0
U11130,56,monthly,premium,23.71,0,0,18,0
U11131,59,one_year,standard,64.75,1,0,14,0
U11132,24,one_year,standard,53.66,0,1,8,0
U11133,34,monthly,basic,70.69,0,1,6,0
U11134,47,two_year,standard,106.74,0,1,7,0
U11135,62,monthly,basic,85.03,0,1,21,0
U11136,42,one_year,basic,15.28,2,1,4,0
U11137,57,monthly,basic,91.61,1,1,18,0
U11138,8,monthly,basic,50.52,1,0,13,1
U11139,24,one_year,basic,72.15,1,1,9,0
U11140,54,monthly,premium,47.89,1,0,7,1
U11141,11,monthly,standard,47.16,1,1,14,0
U11142,70,one_year,premium,48.58,1,1,21,0
U11143,45,one_year,premium,68.39,0,0,1,0
U11144,11,one_year,standard,103.79,4,1,26,1
U11145,15,one_year,basic,55.57,0,0,6,0
U11146,10,monthly,basic,54.4,0,1,9,0
U11147,25,two_year,basic,37.46,1,1,12,0
U11148,8,monthly,premium,57.4,0,1,13,0
U11149,17,monthly,premium,67.56,1,1,22,0
U11150,54,one_year,basic,49.67,2,0,3,0
U11151,28,monthly,basic,81.19,0,1,7,0
U11152,43,monthly,premium,49.77,1,1,6,0
U11153,26,one_year,standard,62.19,1,1,8,0
U11154,31,one_year,standard,,2,1,13,0
U11155,50,two_year,standard,122.18,1,1,1,0
U11156,35,monthly,basic,122.74,2,0,2,0
U11157,44,two_year,standard,49.42,1,0,8,0
U11158,66,monthly,standard,55.02,2,1,30,0
U11159,13,one_year,premium,38.61,0,1,12,0
U11160,16,two_year,standard,42.82,0,0,21,0
U11161,47,monthly,standard,58.85,0,0,18,0
U11162,15,monthly,standard,91.85,2,1,14,1
U11163,54,monthly,basic,97.45,3,0,5,0
U11164,55,monthly,premium,48.96,2,0,8,0
U11165,33,two_year,basic,58.1,4,0,7,0
U11166,13,one_year,standard,89.23,2,0,10,0
U11167,3,monthly,standard,94.37,2,0,7,0
U11168,55,one_year,standard,72.87,1,0,11,0
U11169,57,monthly,premium,48.53,1,1,14,0
U11170,27,monthly,basic,72.62,0,1,13,0
U11171,52,one_year,standard,111.0,2,0,1,0
U11172,2,monthly,basic,111.07,2,0,2,1
U11173,5,monthly,basic,65.24,2,1,1,0
U11174,36,monthly,basic,35.8,2,0,14,0
U11175,20,two_year,premium,54.4,1,0,16,0
U11176,8,monthly,standard,25.2,1,0,14,1
U11177,54,monthly,standard,67.41,2,1,13,0
U11178,30,monthly,standard,57.72,0,0,4,0
U11179,46,two_year,premium,56.01,0,0,13,0
U11180,34,one_year,premium,79.03,1,0,13,0
U11181,11,monthly,standard,56.19,0,1,4,1
U11182,64,two_year,basic,91.35,1,0,11,0
U11183,25,monthly,basic,62.03,3,1,24,1
U11184,14,monthly,standard,70.23,1,1,5,0
U11185,4,monthly,basic,91.8,1,0,11,0
U11186,47,monthly,premium,33.31,1,0,4,0
U11187,64,monthly,standard,112.98,1,0,15,0
U11188,25,monthly,premium,61.26,0,0,6,0
U11189,56,monthly,premium,41.76,0,0,25,0
U11190,46,one_year,standard,75.54,1,0,14,0
U11191,18,monthly,standard,,1,0,13,0
U11192,16,monthly,basic,54.82,1,0,21,1
U11193,30,monthly,standard,83.95,0,0,16,0
U11194,7,one_year,premium,99.02,0,1,8,0
U11195,53,monthly,standard,101.07,1,1,10,0
U11196,68,monthly,standard,75.63,1,0,4,0
U11197,38,one_year,premium,37.91,2,0,16,0
U11198,8,monthly,basic,55.77,0,0,23,0
U11199,8,monthly,basic,102.39,1,0,26,1
U11200,4,one_year,basic,34.58,0,0,14,0
U11201,56,one_year,premium,96.08,3,1,20,0
U11202,19,two_year,standard,72.33,1,0,10,0
U11203,51,one_year,basic,77.35,0,1,11,0
U11204,11,one_year,premium,70.61,1,0,9,0
U11205,2,monthly,basic,44.67,0,1,2,0
U11206,6,monthly,standard,124.69,0,1,4,0
U11207,61,two_year,premium,32.74,1,0,12,0
U11208,7,monthly,standard,61.36,2,1,22,0
U11209,34,two_year,basic,30.37,2,1,16,0
U11210,9,one_year,basic,73.97,2,1,5,0
U11211,42,monthly,standard,77.72,2,0,5,0
U11212,37,monthly,premium,15.0,0,0,4,0
U11213,49,two_year,premium,75.67,0,0,32,0
U11214,36,one_year,basic,60.97,3,1,16,0
U11215,64,monthly,standard,85.22,2,1,33,0
U11216,66,two_year,basic,64.92,0,1,57,0
U11217,36,monthly,basic,39.44,0,1,13,0
U11218,29,monthly,premium,65.08,3,1,26,1
U11219,18,two_year,basic,47.92,1,1,28,0
U11220,44,monthly,premium,83.9,1,1,12,0
U11221,29,one_year,basic,100.93,2,0,13,0
U11222,68,monthly,basic,102.73,1,1,4,0
U11223,63,one_year,premium,60.95,1,0,29,0
U11224,13,monthly,premium,41.43,1,1,10,0
U11225,45,monthly,basic,62.96,2,0,29,0
U11226,24,one_year,basic,96.68,0,1,5,0
U11227,39,monthly,basic,73.32,1,1,12,0
U11228,17,two_year,basic,94.61,2,1,20,0
U11229,40,monthly,basic,62.31,0,0,15,0
U11230,35,one_year,standard,65.34,3,1,4,0
U11231,35,monthly,standard,73.47,1,1,14,0
U11232,18,monthly,basic,87.07,1,0,7,0
U11233,67,monthly,standard,150.0,2,1,2,1
U11234,27,monthly,standard,106.31,3,0,7,1
U11235,68,one_year,basic,60.73,1,1,9,0
U11236,12,monthly,standard,75.07,3,1,16,1
U11237,25,monthly,basic,51.67,2,0,14,0
U11238,10,monthly,basic,89.2,2,0,14,0
U11239,1,two_year,basic,80.85,2,1,7,0
U11240,67,two_year,standard,59.31,1,0,11,0
U11241,12,monthly,basic,69.68,2,1,14,0
U11242,23,one_year,standard,56.66,0,0,3,0
U11243,18,two_year,standard,55.44,2,0,9,0
U11244,32,one_year,standard,,1,1,7,0
U11245,30,two_year,premium,64.62,0,0,12,0
U11246,53,one_year,standard,47.37,2,0,31,0
U11247,49,two_year,standard,37.71,3,0,15,0
U11248,59,monthly,standard,44.96,2,1,16,0
U11249,48,one_year,standard,41.55,1,0,18,0
U11250,17,two_year,standard,85.99,1,1,13,0
U11251,34,one_year,premium,46.95,1,0,2,0
U11252,29,two_year,standard,70.75,0,1,18,0
U11253,66,monthly,basic,67.31,0,0,13,0
U11254,23,one_year,basic,,1,1,8,0
U11255,8,one_year,basic,37.25,0,1,6,0
U11256,18,monthly,standard,48.82,2,0,17,1
U11257,30,monthly,standard,85.36,1,1,17,1
U11258,60,two_year,basic,81.4,0,0,17,0
U11259,58,monthly,standard,46.88,0,1,35,0
U11260,53,monthly,premium,102.62,0,0,5,0
U11261,49,two_year,standard,72.2,1,0,12,0
U11262,68,two_year,standard,62.27,0,1,25,0
U11263,39,two_year,standard,70.68,0,0,10,0
U11264,65,one_year,basic,40.15,1,0,27,0
U11265,50,two_year,premium,71.33,1,1,10,0
U11266,3,monthly,standard,68.27,1,0,3,1
U11267,1,monthly,basic,128.04,1,1,13,1
U11268,13,monthly,premium,55.82,0,0,38,0
U11269,51,two_year,standard,65.91,0,0,3,0
U11270,34,two_year,standard,23.23,1,0,13,0
U11271,37,two_year,standard,28.37,0,1,22,0
U11272,43,monthly,basic,59.92,2,1,13,0
U11273,61,two_year,basic,112.8,0,1,9,0
U11274,5,monthly,basic,51.57,0,0,5,0
U11275,13,monthly,standard,80.73,2,0,13,1
U11276,58,one_year,standard,65.56,3,1,16,0
U11277,29,one_year,basic,77.41,0,0,13,0
U11278,36,monthly,basic,92.52,2,1,6,1
U11279,70,monthly,premium,59.7,0,1,5,0
U11280,16,monthly,basic,72.12,0,0,21,0
U11281,23,monthly,basic,61.18,1,0,3,1
U11282,3,one_year,basic,16.41,1,0,2,0
U11283,49,monthly,basic,76.65,2,1,16,0
U11284,64,two_year,standard,67.46,0,1,2,0
U11285,66,monthly,standard,65.07,1,0,20,0
U11286,47,monthly,standard,86.83,1,0,9,1
U11287,39,two_year,standard,54.92,2,0,22,0
U11288,37,one_year,basic,101.34,0,0,3,0
U11289,37,one_year,standard,63.31,0,1,17,0
U11290,54,monthly,standard,43.4,0,0,3,0
U11291,37,monthly,standard,74.5,0,1,2,0
U11292,54,one_year,premium,114.44,1,0,10,0
U11293,18,monthly,basic,50.27,0,0,7,0
U11294,69,one_year,basic,69.51,0,1,4,0
U11295,37,two_year,standard,24.27,0,1,2,0
U11296,42,one_year,basic,97.15,0,1,10,0
U11297,51,one_year,basic,38.45,1,1,9,0
U11298,63,two_year,basic,38.07,1,0,5,0
U11299,36,monthly,basic,61.0,3,0,4,0
U11300,67,monthly,basic,44.82,0,1,32,0
U11301,23,one_year,basic,61.02,1,1,18,0
U11302,40,one_year,basic,35.89,0,0,4,0
U11303,29,one_year,standard,51.41,0,1,1,0
U11304,8,monthly,basic,69.47,1,0,4,0
U11305,7,one_year,premium,90.49,0,1,4,0
U11306,33,one_year,standard,42.32,1,1,23,0
U11307,1,two_year,standard,27.56,2,0,13,0
U11308,54,one_year,standard,52.48,0,1,8,0
U11309,67,two_year,basic,68.1,0,0,11,0
U11310,40,monthly,standard,58.72,0,0,39,0
U11311,27,monthly,standard,71.75,2,1,7,1
U11312,57,one_year,basic,51.19,0,1,8,0
U11313,52,two_year,standard,69.86,3,1,8,0
U11314,53,monthly,standard,93.05,0,1,10,0
U11315,48,monthly,basic,39.55,0,0,12,0
U11316,29,two_year,standard,60.15,0,0,5,0
U11317,20,two_year,standard,64.89,1,1,22,0
U11318,16,monthly,basic,53.76,2,0,19,1
U11319,22,monthly,standard,49.61,0,1,8,0
U11320,64,one_year,premium,15.0,1,0,4,0
U11321,47,one_year,premium,47.74,2,1,10,0
U11322,42,monthly,standard,64.94,0,1,12,0
U11323,36,monthly,standard,67.72,0,1,10,0
U11324,33,monthly,standard,105.38,1,1,15,1
U11325,47,two_year,basic,29.86,1,0,20,0
U11326,43,one_year,basic,20.05,0,1,6,0
U11327,41,one_year,standard,64.58,1,0,17,0
U11328,23,one_year,basic,52.54,1,1,19,0
U11329,34,two_year,basic,76.32,4,0,1,0
U11330,30,monthly,standard,45.17,1,0,23,0
U11331,45,two_year,premium,37.52,2,1,1,0
U11332,8,monthly,standard,60.44,2,0,13,1
U11333,33,monthly,standard,51.36,1,1,2,0
U11334,56,two_year,premium,87.67,1,0,10,0
U11335,5,one_year,premium,48.29,1,0,33,1
U11336,51,two_year,basic,55.16,3,1,17,0
U11337,38,two_year,premium,59.08,0,0,16,0
U11338,45,monthly,basic,38.27,2,1,16,0
U11339,68,monthly,premium,18.26,2,1,15,0
U11340,58,one_year,standard,61.76,3,0,1,0
U11341,53,monthly,standard,64.14,5,0,12,0
U11342,36,monthly,basic,43.72,0,1,13,0
U11343,19,monthly,standard,62.18,1,0,12,1
U11344,42,monthly,basic,35.81,2,1,7,0
U11345,36,one_year,standard,63.07,1,1,12,0
U11346,15,monthly,premium,46.99,0,1,7,0
U11347,8,one_year,basic,33.24,1,1,11,0
U11348,25,monthly,basic,78.44,3,1,9,0
U11349,48,one_year,basic,96.37,1,0,9,0
U11350,49,monthly,standard,65.29,1,1,1,0
U11351,27,monthly,basic,77.76,2,1,9,0
U11352,20,monthly,basic,112.53,3,1,23,1
U11353,42,two_year,standard,75.82,0,0,14,0
U11354,34,monthly,premium,105.42,2,0,1,1
U11355,70,monthly,standard,61.12,3,1,8,0
U11356,54,monthly,standard,45.22,2,0,27,0
U11357,44,monthly,standard,111.57,1,1,9,1
U11358,19,one_year,standard,25.19,2,0,4,0
U11359,57,monthly,basic,30.18,0,1,9,0
U11360,14,one_year,standard,79.01,0,0,25,0
U11361,1,monthly,basic,70.09,2,0,25,0
U11362,51,one_year,basic,34.77,0,1,7,0
U11363,23,monthly,premium,89.2,1,0,6,0
U11364,48,one_year,basic,66.03,5,0,1,1
U11365,42,two_year,standard,51.68,2,1,12,0
U11366,67,monthly,premium,66.73,1,0,21,0
U11367,14,monthly,basic,63.16,0,1,32,0
U11368,8,two_year,basic,47.66,0,0,20,0
U11369,39,monthly,premium,67.5,2,1,4,1
U11370,67,two_year,premium,44.82,2,1,14,0
U11371,25,monthly,standard,72.33,0,0,7,1
U11372,62,monthly,standard,102.08,2,1,10,0
U11373,34,two_year,basic,85.0,1,1,17,0
U11374,13,two_year,premium,73.84,0,1,18,0
U11375,7,one_year,basic,64.86,1,1,22,0
U11376,31,one_year,basic,122.23,3,0,10,0
U11377,51,monthly,basic,54.09,3,1,34,0
U11378,12,two_year,premium,33.54,3,1,7,0
U11379,19,two_year,standard,76.82,1,0,2,1
U11380,38,one_year,basic,60.46,2,1,7,0
U11381,24,one_year,premium,72.51,0,1,2,0
U11382,64,one_year,standard,48.53,0,1,24,0
U11383,12,monthly,premium,15.0,3,1,19,1
U11384,38,two_year,basic,65.87,1,0,4,0
U11385,18,one_year,basic,93.69,2,0,4,0
U11386,71,two_year,basic,29.92,1,1,19,0
U11387,11,two_year,standard,72.8,0,0,7,0
U11388,32,one_year,standard,84.89,3,1,16,0
U11389,71,two_year,basic,69.45,0,0,12,0
U11390,18,monthly,standard,94.77,1,0,6,0
U11391,58,two_year,basic,67.45,0,1,51,0
U11392,63,one_year,standard,22.02,3,1,2,0
U11393,54,monthly,basic,32.44,2,0,24,0
U11394,16,monthly,basic,29.75,0,0,2,0
U11395,7,two_year,basic,81.52,1,1,7,0
U11396,54,one_year,standard,63.99,4,0,3,0
U11397,18,two_year,basic,74.39,0,1,4,0
U11398,47,one_year,standard,55.48,1,0,9,0
U11399,66,monthly,standard,31.13,2,0,4,0
U11400,38,two_year,basic,67.78,0,0,14,0
U11401,64,monthly,basic,82.18,1,0,5,0
U11402,22,one_year,basic,87.61,0,0,25,0
U11403,13,two_year,basic,54.47,5,1,10,0
U11404,45,monthly,basic,94.94,2,1,12,0
U11405,43,two_year,basic,69.87,1,1,4,0
U11406,46,one_year,basic,61.36,1,1,8,0
U11407,48,monthly,premium,108.74,1,0,3,0
U11408,54,monthly,basic,68.19,2,0,9,0
U11409,30,two_year,premium,57.52,0,0,21,0
U11410,4,monthly,premium,81.54,1,0,5,0
U11411,24,monthly,basic,86.6,2,0,0,1
U11412,23,two_year,standard,67.25,1,0,29,0
U11413,19,monthly,basic,63.79,1,0,25,0
U11414,1,monthly,premium,22.71,3,1,16,1
U11415,51,monthly,premium,68.67,1,0,17,0
U11416,68,monthly,standard,25.1,3,1,30,0
U11417,24,one_year,premium,29.0,0,0,12,0
U11418,29,monthly,standard,64.0,1,0,8,0
U11419,52,two_year,premium,40.51,2,0,13,0
U11420,63,monthly,basic,39.76,0,1,4,0
U11421,2,one_year,premium,47.34,0,0,21,0
U11422,67,monthly,premium,56.47,0,0,12,0
U11423,38,monthly,basic,64.38,1,0,1,0
U11424,35,two_year,premium,36.9,1,1,11,0
U11425,63,monthly,basic,74.49,1,0,22,0
U11426,61,one_year,standard,87.15,0,1,6,0
U11427,9,monthly,premium,68.48,1,1,7,1
U11428,65,monthly,basic,53.61,2,0,14,0
U11429,1,one_year,basic,62.54,1,1,18,0
U11430,36,one_year,standard,78.87,0,0,18,0
U11431,52,monthly,standard,47.66,1,0,11,0
U11432,2,one_year,standard,64.98,2,1,31,1
U11433,14,monthly,standard,23.93,1,0,10,1
U11434,35,one_year,basic,61.66,2,0,13,0
U11435,41,two_year,standard,68.13,1,1,4,0
U11436,71,two_year,basic,109.56,0,0,10,0
U11437,1,two_year,standard,97.97,4,1,21,1
U11438,17,monthly,premium,99.45,1,1,32,1
U11439,36,monthly,standard,40.55,1,0,5,0
U11440,36,two_year,premium,47.77,2,0,9,0
U11441,30,one_year,basic,94.07,0,1,29,0
U11442,67,monthly,basic,71.21,3,0,8,0
U11443,2,monthly,basic,47.89,1,0,1,1
U11444,62,monthly,standard,18.8,0,0,10,0
U11445,21,monthly,standard,78.7,1,1,7,0
U11446,13,two_year,standard,56.12,0,1,8,0
U11447,33,one_year,premium,38.93,1,0,5,0
U11448,42,two_year,standard,77.8,0,0,2,0
U11449,37,two_year,standard,70.05,1,0,9,0
U11450,40,two_year,premium,83.22,1,1,4,0
U11451,23,monthly,basic,77.29,1,1,5,0
U11452,49,monthly,premium,54.0,2,0,16,0
U11453,47,two_year,premium,37.52,0,1,1,0
U11454,65,two_year,basic,84.06,0,0,17,0
U11455,54,two_year,standard,93.47,2,1,15,0
U11456,60,monthly,basic,68.25,4,1,32,0
U11457,8,one_year,basic,57.0,0,1,30,0
U11458,46,two_year,premium,82.99,2,0,2,0
U11459,65,one_year,standard,74.55,2,1,31,0
U11460,37,monthly,basic,85.83,1,1,20,0
U11461,26,one_year,premium,54.6,2,0,17,0
U11462,50,monthly,basic,64.73,3,1,10,0
U11463,43,monthly,standard,36.41,1,1,7,0
U11464,37,one_year,standard,36.11,1,1,18,0
U11465,66,two_year,standard,42.62,3,1,3,0
U11466,2,one_year,basic,67.29,2,0,6,1
U11467,49,monthly,basic,76.97,1,1,3,0
U11468,18,two_year,basic,116.49,0,1,10,0
U11469,31,two_year,premium,49.93,1,0,25,0
U11470,70,one_year,standard,49.73,1,0,6,0
U11471,54,one_year,standard,92.79,1,1,3,0
U11472,11,monthly,premium,27.33,2,1,4,0
U11473,24,monthly,standard,40.08,3,0,22,1
U11474,31,one_year,standard,72.69,1,0,23,0
U11475,3,monthly,basic,69.83,0,0,7,0
U11476,7,monthly,basic,41.37,2,0,19,1
U11477,48,one_year,standard,101.3,1,0,2,1
U11478,65,two_year,basic,98.29,0,0,5,0
U11479,28,monthly,standard,39.81,1,1,4,0
U11480,40,monthly,basic,45.85,0,1,12,0
U11481,61,monthly,standard,29.24,1,1,7,0
U11482,10,monthly,standard,69.32,0,0,12,1
U11483,3,one_year,standard,59.35,1,0,5,0
U11484,22,one_year,premium,54.27,1,1,11,0
U11485,51,two_year,premium,126.01,2,0,15,0
U11486,20,monthly,premium,69.68,1,0,12,0
U11487,32,monthly,standard,29.26,1,1,7,0
U11488,10,monthly,standard,44.64,0,1,5,0
U11489,3,one_year,basic,68.5,0,1,7,0
U11490,54,monthly,basic,63.42,1,0,0,0
U11491,29,monthly,basic,82.18,1,1,2,1
U11492,28,one_year,standard,74.71,1,0,9,0
U11493,58,one_year,standard,,2,1,2,0
U11494,51,one_year,basic,103.33,1,1,3,0
U11495,63,one_year,premium,93.7,5,0,9,0
U11496,20,two_year,standard,96.72,1,0,13,1
U11497,46,monthly,basic,32.01,3,1,7,0
U11498,59,two_year,standard,59.03,2,0,15,0
U11499,51,monthly,basic,79.07,1,1,31,0
U11500,39,monthly,basic,95.47,2,0,11,0
U11501,63,two_year,standard,44.04,4,1,10,0
U11502,31,monthly,standard,97.21,1,0,13,0
U11503,67,monthly,standard,40.5,1,1,6,0
U11504,38,one_year,premium,,1,0,9,0
U11505,37,one_year,premium,99.14,1,1,8,0
U11506,31,monthly,basic,54.75,1,0,9,0
U11507,3,monthly,standard,74.49,0,1,12,0
U11508,23,one_year,premium,32.28,1,1,5,0
U11509,47,two_year,standard,70.71,2,1,13,0
U11510,7,monthly,standard,82.15,0,0,23,0
U11511,4,monthly,basic,73.65,1,0,16,0
U11512,25,monthly,standard,67.4,1,0,15,0
U11513,5,one_year,basic,51.6,1,0,2,0
U11514,68,one_year,premium,31.55,0,1,1,0
U11515,36,one_year,standard,70.66,0,1,7,0
U11516,24,two_year,standard,43.26,4,1,1,0
U11517,44,two_year,basic,59.6,0,0,12,0
U11518,48,one_year,basic,49.63,0,0,9,0
U11519,7,monthly,premium,91.14,0,0,20,0
U11520,35,monthly,basic,89.23,5,0,4,0
U11521,46,monthly,premium,103.4,3,0,26,0
U11522,33,two_year,standard,75.46,0,1,13,0
U11523,53,one_year,basic,31.45,2,0,31,0
U11524,2,two_year,basic,60.02,2,0,14,0
U11525,66,monthly,standard,48.81,2,0,5,0
U11526,46,two_year,premium,25.82,0,0,18,0
U11527,32,monthly,premium,59.82,0,1,5,0
U11528,64,monthly,basic,35.72,2,1,6,0
U11529,69,monthly,standard,118.17,2,1,13,0
U11530,53,two_year,premium,130.69,1,0,13,0
U11531,15,monthly,basic,48.32,2,0,7,1
U11532,26,two_year,standard,79.24,0,1,8,0
U11533,41,monthly,basic,59.88,1,0,5,0
U11534,50,one_year,basic,67.37,1,0,40,0
U11535,17,monthly,premium,64.92,1,1,6,0
U11536,21,two_year,basic,75.09,1,0,11,0
U11537,26,monthly,basic,59.34,1,0,19,0
U11538,30,monthly,basic,82.34,0,1,19,0
U11539,18,one_year,basic,15.0,1,1,3,0
U11540,40,monthly,basic,43.24,0,0,13,0
U11541,71,two_year,standard,97.03,0,0,1,0
U11542,43,one_year,standard,69.23,3,1,1,1
U11543,68,monthly,premium,69.26,0,0,20,0
U11544,14,monthly,basic,68.33,2,1,27,0
U11545,41,monthly,basic,29.57,2,0,12,0
U11546,39,two_year,premium,47.72,2,0,21,0
U11547,6,monthly,basic,84.21,6,1,2,1
U11548,13,monthly,standard,73.52,1,1,6,0
U11549,16,monthly,standard,24.81,2,1,12,0
U11550,38,two_year,standard,106.21,0,0,7,0
U11551,12,monthly,basic,101.26,0,1,25,0
U11552,4,monthly,standard,40.51,2,0,11,1
U11553,21,monthly,standard,77.19,0,1,3,0
U11554,35,monthly,basic,31.1,2,1,6,0
U11555,32,monthly,basic,31.69,0,0,43,0
U11556,70,one_year,basic,17.87,1,0,6,0
U11557,28,one_year,standard,105.57,4,1,12,0
U11558,4,one_year,basic,97.74,1,0,24,0
U11559,32,two_year,basic,103.94,1,0,24,0
U11560,3,two_year,premium,21.99,0,0,10,0
U11561,57,one_year,basic,82.19,5,0,11,0
U11562,9,monthly,premium,41.65,1,1,8,0
U11563,31,monthly,standard,114.12,0,1,18,0
U11564,13,one_year,standard,102.38,2,1,7,0
U11565,37,one_year,basic,92.45,1,1,3,1
U11566,66,one_year,premium,103.93,0,0,5,0
U11567,35,monthly,premium,85.76,1,0,7,0
U11568,32,monthly,standard,80.45,0,0,3,0
U11569,19,monthly,standard,58.48,2,1,21,0
U11570,20,two_year,standard,64.61,0,0,11,0
U11571,43,two_year,basic,72.84,2,1,8,0
U11572,22,monthly,basic,53.65,1,1,10,0
U11573,13,two_year,premium,34.01,0,0,9,0
U11574,69,monthly,basic,74.15,1,0,14,0
U11575,8,one_year,premium,36.16,5,0,10,0
U11576,34,two_year,premium,109.15,2,0,22,0
U11577,42,two_year,premium,113.44,1,0,8,0
U11578,7,one_year,basic,89.55,3,0,13,1
U11579,50,one_year,basic,61.83,3,1,5,0
U11580,58,monthly,basic,81.96,1,1,3,0
U11581,8,two_year,standard,79.32,0,1,13,0
U11582,30,two_year,standard,98.52,1,1,29,0
U11583,36,monthly,basic,18.75,1,0,23,0
U11584,71,two_year,premium,113.05,0,0,11,0
U11585,9,monthly,basic,91.37,2,0,16,1
U11586,57,monthly,standard,83.18,1,1,19,0
U11587,25,monthly,standard,54.94,0,0,13,0
U11588,61,monthly,standard,43.02,0,0,2,0
U11589,47,one_year,standard,83.76,3,1,12,0
U11590,18,one_year,standard,55.62,0,1,5,0
U11591,48,monthly,standard,15.0,1,0,14,0
U11592,38,one_year,basic,42.25,0,1,5,0
U11593,30,monthly,premium,61.08,2,0,8,0
U11594,67,monthly,standard,24.42,1,1,11,0
U11595,59,two_year,premium,29.78,2,0,21,0
U11596,54,monthly,basic,79.25,0,0,18,0
U11597,61,one_year,basic,43.32,2,1,6,0
U11598,30,one_year,basic,60.05,3,1,5,0
U11599,15,one_year,basic,85.16,1,1,15,0
U11600,46,monthly,basic,50.14,0,1,12,0
U11601,67,monthly,basic,61.27,3,0,5,0
U11602,40,two_year,standard,96.76,0,1,7,0
U11603,18,monthly,premium,104.24,0,0,20,0
U11604,60,one_year,standard,15.0,1,0,3,0
U11605,65,monthly,basic,79.34,1,0,28,0
U11606,14,one_year,premium,96.36,0,1,0,0
U11607,43,one_year,premium,64.2,1,0,8,1
U11608,66,one_year,basic,64.01,3,0,3,0
U11609,67,monthly,standard,46.82,1,0,7,0
U11610,19,monthly,premium,99.43,0,0,3,0
U11611,24,two_year,basic,57.2,1,1,22,0
U11612,68,monthly,premium,97.1,3,1,30,0
U11613,60,two_year,premium,90.18,0,0,9,0
U11614,57,monthly,standard,38.31,0,1,6,0
U11615,25,two_year,standard,75.62,1,1,37,0
U11616,53,one_year,standard,46.53,0,1,23,0
U11617,50,one_year,basic,81.65,2,0,4,0
U11618,53,monthly,standard,51.22,1,1,8,0
U11619,53,monthly,standard,42.66,1,0,44,0
U11620,37,monthly,standard,95.79,1,1,6,0
U11621,59,one_year,standard,73.05,1,1,8,0
U11622,9,monthly,basic,72.87,0,1,5,0
U11623,45,one_year,standard,87.54,0,1,28,0
U11624,14,monthly,standard,85.59,2,0,18,1
U11625,31,two_year,premium,68.14,2,0,19,0
U11626,70,one_year,basic,65.78,1,0,19,0
U11627,1,monthly,standard,68.53,2,0,7,1
U11628,15,monthly,standard,73.53,2,1,4,1
U11629,52,monthly,standard,70.82,0,0,3,0
U11630,19,one_year,basic,106.17,3,1,4,0
U11631,41,monthly,standard,65.77,0,1,5,0
U11632,47,one_year,basic,63.96,1,0,8,0
U11633,8,two_year,basic,116.73,1,0,4,0
U11634,51,monthly,basic,47.93,1,1,3,0
U11635,50,one_year,premium,78.92,0,0,12,0
U11636,59,monthly,standard,23.39,1,1,12,0
U11637,28,monthly,basic,15.0,0,0,4,1
U11638,54,monthly,standard,41.66,0,1,0,0
U11639,47,monthly,premium,74.89,0,1,5,0
U11640,32,monthly,standard,65.63,1,0,8,0
U11641,33,one_year,basic,107.66,1,0,6,0
U11642,42,one_year,standard,67.98,1,1,17,0
U11643,57,one_year,standard,85.6,5,0,28,0
U11644,47,monthly,basic,61.33,2,1,19,0
U11645,52,one_year,standard,52.78,1,0,17,0
U11646,3,two_year,standard,56.15,2,0,13,0
U11647,63,monthly,standard,48.06,0,0,7,0
U11648,2,two_year,premium,84.98,2,0,4,0
U11649,63,monthly,standard,42.03,2,1,9,0
U11650,49,monthly,basic,55.06,0,1,11,0
U11651,1,two_year,standard,58.88,3,1,9,0
U11652,4,two_year,standard,41.49,1,0,4,0
U11653,44,monthly,basic,106.46,1,0,11,0
U11654,32,monthly,standard,101.57,1,0,13,1
U11655,70,one_year,premium,71.41,4,0,9,0
U11656,4,two_year,standard,85.29,1,0,11,1
U11657,2,two_year,basic,19.34,2,0,5,1
U11658,33,one_year,standard,62.25,0,0,10,0
U11659,54,one_year,standard,99.74,2,0,18,0
U11660,30,monthly,basic,65.99,1,1,17,0
U11661,20,two_year,standard,39.32,0,0,1,0
U11662,21,two_year,basic,39.99,1,0,15,0
U11663,40,one_year,basic,90.05,3,0,14,0
U11664,23,monthly,basic,45.39,4,1,7,0
U11665,6,monthly,premium,89.26,4,0,12,1
U11666,12,two_year,basic,26.09,1,0,10,0
U11667,47,two_year,basic,76.27,0,0,18,0
U11668,45,monthly,standard,80.32,0,1,15,0
U11669,61,monthly,basic,70.91,0,1,5,0
U11670,22,two_year,basic,64.0,4,0,41,1
U11671,54,two_year,standard,81.97,0,1,7,0
U11672,33,monthly,standard,54.12,1,0,26,0
U11673,51,monthly,basic,71.52,4,0,11,0
U11674,70,two_year,standard,71.08,1,0,14,0
U11675,64,monthly,basic,75.27,2,1,4,0
U11676,10,one_year,standard,48.73,3,0,10,0
U11677,41,monthly,standard,90.0,1,0,1,0
U11678,5,one_year,premium,19.06,1,0,4,1
U11679,16,monthly,standard,38.21,1,0,10,1
U11680,35,one_year,standard,74.69,5,0,31,0
U11681,38,monthly,basic,60.51,1,1,4,0
U11682,25,monthly,basic,31.9,4,1,8,0
U11683,59,monthly,standard,66.06,1,1,5,0
U11684,9,one_year,standard,36.33,2,1,1,0
U11685,23,two_year,basic,51.33,0,0,8,0
U11686,69,two_year,standard,81.24,4,1,28,0
U11687,30,monthly,standard,86.16,3,0,7,1
U11688,50,monthly,premium,83.72,0,0,6,0
U11689,58,monthly,standard,39.13,1,1,21,0
U11690,2,monthly,standard,59.42,1,0,3,0
U11691,5,monthly,standard,112.01,2,0,11,0
U11692,15,one_year,basic,48.88,3,1,7,0
U11693,4,two_year,standard,94.93,0,1,6,0
U11694,4,one_year,premium,56.2,0,0,10,0
U11695,25,monthly,basic,57.05,0,0,13,0
U11696,71,monthly,basic,42.38,1,0,15,0
U11697,61,one_year,premium,50.05,1,1,6,0
U11698,46,two_year,basic,55.43,0,0,8,1
U11699,9,monthly,basic,40.43,1,0,5,1
U11700,58,monthly,standard,54.23,1,1,8,0
U11701,39,monthly,standard,109.49,1,0,24,1
U11702,52,one_year,basic,36.95,5,1,2,0
U11703,48,one_year,basic,30.84,2,1,11,0
U11704,67,monthly,standard,15.38,2,0,6,0
U11705,4,monthly,basic,15.0,1,0,26,0
U11706,25,one_year,standard,87.35,0,1,23,0
U11707,60,two_year,standard,84.27,1,0,9,0
U11708,55,one_year,basic,85.92,0,1,7,0
U11709,56,monthly,basic,80.83,0,0,15,0
U11710,50,monthly,basic,98.2,2,1,28,0
U11711,2,monthly,standard,82.77,2,1,18,0
U11712,29,monthly,basic,87.94,3,1,16,0
U11713,34,monthly,premium,98.03,1,0,16,0
U11714,24,two_year,standard,96.52,2,1,3,0
U11715,30,one_year,basic,91.87,2,1,6,0
U11716,44,one_year,standard,84.47,3,1,23,0
U11717,53,one_year,standard,46.74,2,1,6,0
U11718,23,monthly,basic,53.07,0,1,11,0
U11719,2,monthly,standard,80.41,2,1,3,0
U11720,39,monthly,standard,99.42,1,1,16,0
U11721,25,monthly,basic,23.59,0,1,34,0
U11722,31,two_year,premium,104.12,3,1,14,0
U11723,4,one_year,basic,79.15,1,1,3,1
U11724,27,monthly,standard,94.95,2,1,16,0
U11725,37,monthly,basic,50.27,1,1,6,0
U11726,51,one_year,basic,60.29,0,0,8,0
U11727,6,two_year,standard,49.34,3,0,9,0
U11728,37,two_year,premium,77.06,1,0,15,0
U11729,58,one_year,standard,54.79,1,0,4,0
U11730,4,one_year,standard,31.98,1,1,21,0
U11731,24,monthly,premium,62.66,0,1,11,0
U11732,61,monthly,standard,66.25,0,0,12,0
U11733,1,monthly,standard,73.96,0,1,4,0
U11734,32,two_year,basic,53.35,0,0,9,0
U11735,22,monthly,standard,72.82,0,0,4,0
U11736,40,one_year,premium,82.07,4,0,5,1
U11737,38,monthly,premium,108.95,1,0,12,0
U11738,25,monthly,basic,70.18,1,0,13,0
U11739,15,two_year,standard,59.11,0,1,42,0
U11740,44,two_year,basic,73.75,1,1,16,0
U11741,10,monthly,basic,33.24,2,1,7,0
U11742,48,two_year,standard,16.43,3,1,13,0
U11743,55,one_year,basic,80.45,0,0,47,0
U11744,69,monthly,basic,79.88,1,0,16,0
U11745,41,one_year,standard,66.08,1,0,25,0
U11746,57,monthly,premium,30.51,3,0,11,0
U11747,3,two_year,standard,92.77,1,1,13,0
U11748,20,one_year,basic,47.13,2,0,37,0
U11749,49,monthly,basic,114.16,1,0,4,0
U11750,26,monthly,premium,86.68,0,0,4,0
U11751,6,monthly,standard,71.23,1,1,17,1
U11752,46,monthly,premium,82.61,3,1,8,0
U11753,57,one_year,standard,60.23,1,0,36,0
U11754,45,monthly,standard,59.46,0,0,12,0
U11755,59,monthly,basic,61.42,2,1,6,0
U11756,54,monthly,basic,51.26,0,1,2,0
U11757,20,two_year,standard,51.23,2,1,20,0
U11758,47,monthly,standard,49.11,1,0,7,0
U11759,1,one_year,basic,67.83,0,1,18,0
U11760,33,one_year,basic,15.0,2,1,10,0
U11761,39,two_year,standard,32.55,0,1,25,0
U11762,20,two_year,standard,55.41,1,0,15,1
U11763,40,monthly,standard,80.84,3,0,9,0
U11764,64,monthly,standard,56.45,0,0,3,1
U11765,24,monthly,basic,67.71,0,1,12,0
U11766,29,two_year,standard,15.0,1,0,2,0
U11767,28,one_year,basic,90.15,3,1,8,0
U11768,36,one_year,premium,60.68,2,0,9,0
U11769,2,one_year,premium,46.07,1,0,37,0
U11770,17,two_year,premium,62.28,2,1,7,0
U11771,68,two_year,standard,92.49,1,1,7,0
U11772,46,monthly,standard,80.82,0,1,5,0
U11773,7,monthly,standard,85.66,0,1,11,0
U11774,69,two_year,premium,93.21,2,0,9,0
U11775,33,monthly,standard,50.8,1,0,4,0
U11776,32,two_year,basic,91.97,2,0,9,1
U11777,18,one_year,standard,15.0,1,1,6,0
U11778,65,monthly,standard,43.61,0,0,18,0
U11779,44,two_year,premium,81.96,1,1,9,0
U11780,40,monthly,premium,87.16,2,1,17,0
U11781,16,monthly,standard,41.53,2,0,8,1
U11782,63,one_year,standard,72.4,0,1,21,0
U11783,4,two_year,standard,89.3,1,1,8,0
U11784,29,monthly,standard,63.38,1,0,8,1
U11785,36,monthly,premium,74.61,2,1,9,0
U11786,13,monthly,basic,76.12,1,0,48,0
U11787,18,two_year,basic,99.5,1,1,9,0
U11788,1,monthly,basic,51.1,1,0,6,0
U11789,47,one_year,basic,34.71,1,1,16,0
U11790,9,monthly,basic,104.24,0,0,32,0
U11791,21,two_year,premium,77.96,2,0,20,0
U11792,64,one_year,basic,19.6,2,0,49,0
U11793,64,monthly,basic,70.82,2,1,9,0
U11794,25,one_year,standard,36.74,0,0,22,0
U11795,41,monthly,basic,15.0,0,1,14,0
U11796,21,monthly,standard,120.45,3,0,21,1
U11797,36,two_year,standard,68.32,3,1,13,0
U11798,43,one_year,premium,95.02,0,0,1,0
U11799,34,monthly,basic,,0,1,4,0
U11800,66,monthly,standard,71.97,1,1,18,0
U11801,41,monthly,standard,56.37,3,0,12,1
U11802,9,monthly,basic,61.76,0,0,14,0
U11803,39,one_year,premium,104.21,1,1,9,0
U11804,27,monthly,basic,45.3,0,1,4,0
U11805,38,one_year,standard,15.0,0,0,16,0
U11806,14,two_year,basic,87.86,0,1,11,0
U11807,14,two_year,standard,31.05,1,0,25,0
U11808,25,one_year,standard,93.55,2,0,20,0
U11809,55,monthly,basic,92.27,0,0,12,0
U11810,41,monthly,premium,26.86,1,0,3,0
U11811,28,monthly,basic,80.19,0,0,13,1
U11812,68,monthly,basic,71.36,3,1,9,0
U11813,17,monthly,basic,15.0,2,1,8,0
U11814,57,monthly,basic,31.69,1,0,11,0
U11815,44,two_year,standard,64.39,2,0,12,0
U11816,50,one_year,standard,71.25,2,1,37,0
U11817,46,one_year,premium,63.23,1,1,6,0
U11818,45,monthly,standard,87.14,2,1,12,0
U11819,26,monthly,premium,30.83,1,0,15,0
U11820,68,one_year,basic,73.33,0,0,17,0
U11821,51,one_year,standard,65.7,2,0,17,0
U11822,21,two_year,standard,36.07,1,0,6,0
U11823,15,two_year,basic,42.55,0,1,12,0
U11824,51,monthly,basic,76.27,1,1,7,0
U11825,3,monthly,standard,84.72,1,1,18,0
U11826,34,monthly,basic,74.65,1,1,3,0
U11827,16,monthly,standard,82.31,1,1,32,0
U11828,4,monthly,premium,97.8,1,1,16,0
U11829,54,monthly,basic,,2,0,12,1
U11830,6,monthly,basic,55.4,0,0,4,1
U11831,9,one_year,premium,15.09,1,0,11,0
U11832,47,monthly,basic,104.11,2,0,13,1
U11833,47,one_year,standard,54.49,0,0,5,0
U11834,65,one_year,standard,72.91,1,0,18,0
U11835,41,monthly,premium,63.77,0,0,18,1
U11836,29,monthly,basic,58.45,1,1,9,0
U11837,42,monthly,basic,55.4,0,1,9,0
U11838,39,one_year,premium,60.31,0,1,4,0
U11839,24,monthly,premium,66.68,2,0,8,0
U11840,33,one_year,basic,67.88,0,0,2,0
U11841,30,monthly,basic,18.77,1,1,7,1
U11842,18,one_year,standard,89.98,4,0,7,0
U11843,59,one_year,standard,45.88,2,0,2,0
U11844,26,monthly,basic,68.71,0,0,26,0
U11845,28,monthly,basic,63.2,1,1,13,0
U11846,58,one_year,basic,95.93,1,0,14,0
U11847,5,monthly,standard,67.31,1,0,11,0
U11848,48,monthly,premium,67.71,1,0,14,0
U11849,33,two_year,standard,23.09,1,0,10,0
U11850,11,monthly,basic,58.9,1,0,13,0
U11851,5,monthly,standard,88.89,3,0,7,0
U11852,60,monthly,standard,61.11,1,1,11,0
U11853,11,one_year,basic,,2,1,23,0
U11854,68,one_year,basic,65.44,1,1,14,0
U11855,17,monthly,standard,93.78,3,0,12,0
U11856,8,monthly,basic,103.22,0,1,6,0
U11857,36,monthly,premium,87.15,2,1,3,1
U11858,45,one_year,premium,44.32,1,0,11,0
U11859,39,one_year,standard,117.36,3,0,51,0
U11860,33,monthly,standard,,2,0,20,0
U11861,29,monthly,standard,44.4,0,0,15,0
U11862,8,monthly,basic,113.22,0,0,14,1
U11863,3,one_year,basic,49.85,3,1,15,1
U11864,61,monthly,standard,62.38,1,1,3,0
U11865,9,two_year,basic,94.59,1,1,4,0
U11866,71,monthly,premium,80.28,1,0,17,0
U11867,42,two_year,premium,43.7,4,0,14,0
U11868,59,two_year,basic,131.65,0,0,7,0
U11869,1,one_year,basic,32.33,1,0,23,1
U11870,49,monthly,standard,46.69,1,0,21,0
U11871,55,one_year,basic,78.23,3,1,9,0
U11872,54,monthly,standard,115.36,2,0,10,0
U11873,43,two_year,premium,19.22,3,1,5,0
U11874,41,monthly,basic,43.37,0,0,4,0
U11875,40,one_year,premium,66.72,2,1,18,0
U11876,67,one_year,standard,77.09,2,0,5,0
U11877,64,one_year,basic,58.02,1,1,4,0
U11878,66,monthly,standard,74.16,1,1,2,0
U11879,9,one_year,standard,50.8,0,0,10,1
U11880,61,one_year,basic,50.85,1,0,7,0
U11881,43,two_year,premium,24.64,0,1,23,0
U11882,47,monthly,standard,82.71,1,0,9,0
U11883,30,one_year,basic,43.82,1,0,7,0
U11884,28,two_year,standard,70.33,2,0,9,0
U11885,55,monthly,standard,111.18,0,1,5,1
U11886,38,monthly,premium,114.75,1,0,6,0
U11887,43,monthly,standard,72.19,1,1,23,0
U11888,28,monthly,basic,64.01,0,1,18,0
U11889,41,one_year,basic,40.54,2,1,36,0
U11890,30,one_year,standard,67.67,0,1,10,0
U11891,30,two_year,basic,67.66,1,0,14,0
U11892,11,one_year,premium,30.68,0,0,12,0
U11893,63,one_year,basic,56.19,1,0,3,0
U11894,30,monthly,standard,74.62,1,1,14,1
U11895,40,monthly,basic,77.63,2,1,30,0
U11896,9,one_year,premium,43.63,2,1,1,1
U11897,16,two_year,basic,52.99,2,1,2,0
U11898,69,one_year,basic,41.57,0,1,11,0
U11899,8,monthly,basic,83.26,2,1,24,0
U11900,21,monthly,premium,47.29,1,0,6,0
U11901,68,two_year,standard,76.67,1,1,4,0
U11902,37,monthly,standard,62.99,0,1,24,0
U11903,65,monthly,premium,82.79,1,0,26,0
U11904,12,one_year,basic,117.42,2,0,10,1
U11905,48,monthly,basic,43.43,1,0,13,0
U11906,15,two_year,standard,71.2,2,0,13,0
U11907,56,one_year,standard,59.79,1,1,7,0
U11908,1,monthly,basic,102.66,2,0,22,0
U11909,69,monthly,standard,82.09,0,1,20,0
U11910,49,one_year,basic,62.49,3,1,12,0
U11911,53,one_year,standard,58.99,1,0,6,0
U11912,48,monthly,standard,106.2,1,0,6,0
U11913,23,two_year,basic,119.51,1,0,14,1
U11914,61,monthly,basic,29.17,2,0,4,0
U11915,54,two_year,premium,62.16,2,0,18,0
U11916,29,one_year,standard,37.05,2,1,26,0
U11917,44,monthly,basic,61.56,0,0,15,0
U11918,36,monthly,premium,63.97,4,1,5,0
U11919,15,monthly,standard,49.52,0,1,7,1
U11920,19,one_year,standard,95.95,0,0,20,0
U11921,41,two_year,basic,49.51,1,1,6,0
U11922,60,one_year,standard,83.91,2,0,6,0
U11923,69,one_year,basic,21.87,1,1,4,0
U11924,48,monthly,basic,46.76,1,0,18,0
U11925,68,monthly,standard,71.28,0,1,15,0
U11926,34,one_year,basic,87.59,0,1,3,1
U11927,26,one_year,basic,50.95,0,0,16,0
U11928,2,monthly,basic,,1,1,8,0
U11929,66,two_year,basic,73.2,1,1,12,0
U11930,46,monthly,premium,30.61,1,1,41,0
U11931,17,monthly,basic,116.47,3,0,21,1
U11932,68,monthly,standard,39.91,1,1,0,0
U11933,25,one_year,standard,110.73,2,0,10,0
U11934,13,monthly,standard,31.72,2,1,18,0
U11935,15,two_year,premium,92.46,0,0,10,0
U11936,35,monthly,basic,92.01,4,0,1,0
U11937,25,two_year,basic,89.39,1,1,16,0
U11938,36,two_year,basic,60.21,0,0,7,0
U11939,68,monthly,standard,84.55,2,1,8,0
U11940,51,monthly,standard,15.0,1,0,4,0
U11941,14,monthly,standard,,2,0,6,0
U11942,37,monthly,standard,63.11,0,0,5,1
U11943,15,one_year,basic,56.23,2,1,5,1
U11944,56,one_year,basic,108.62,2,1,7,0
U11945,23,two_year,premium,83.39,2,0,7,0
U11946,28,monthly,standard,81.94,1,1,13,0
U11947,61,monthly,standard,76.4,2,0,13,0
U11948,3,monthly,standard,78.76,0,1,9,0
U11949,21,monthly,basic,81.75,0,0,12,0
U11950,55,monthly,standard,28.37,2,0,29,0
U11951,27,two_year,basic,65.29,1,1,5,0
U11952,36,monthly,basic,105.14,0,0,9,0
U11953,35,two_year,standard,66.83,3,1,12,0
U11954,20,monthly,basic,48.62,1,1,13,0
U11955,58,monthly,standard,63.77,1,0,12,0
U11956,68,one_year,basic,67.53,0,0,15,0
U11957,26,one_year,basic,69.46,1,0,13,0
U11958,69,monthly,standard,75.04,2,1,7,0
U11959,52,two_year,basic,78.16,1,0,2,0
U11960,19,one_year,standard,86.54,1,1,2,0
U11961,58,monthly,basic,42.81,1,1,6,0
U11962,24,two_year,premium,52.91,0,1,10,0
U11963,1,monthly,basic,36.89,1,1,9,1
U11964,8,one_year,standard,61.28,1,0,2,1
U11965,63,one_year,premium,92.49,0,1,12,0
U11966,56,monthly,standard,82.35,2,0,6,1
U11967,22,monthly,basic,40.91,1,0,3,0
U11968,36,one_year,basic,28.06,0,1,4,0
U11969,37,two_year,standard,39.93,0,0,20,0
U11970,26,one_year,standard,89.31,0,0,8,0
U11971,2,one_year,basic,91.38,2,1,11,1
U11972,2,monthly,basic,100.94,2,0,26,0
U11973,65,monthly,basic,17.79,1,1,23,0
U11974,58,monthly,basic,15.0,1,0,4,0
U11975,6,monthly,basic,106.2,1,0,24,1
U11976,4,two_year,basic,61.22,2,1,2,0
U11977,67,monthly,basic,66.84,0,1,14,0
U11978,66,monthly,basic,68.45,2,1,22,0
U11979,37,one_year,standard,53.35,3,1,7,0
U11980,53,monthly,basic,75.47,0,1,16,0
U11981,51,two_year,premium,24.38,0,1,2,0
U11982,21,monthly,basic,19.03,1,1,8,0
U11983,48,monthly,basic,40.03,1,0,3,0
U11984,24,monthly,basic,41.69,1,1,1,0
U11985,2,monthly,premium,69.83,0,1,12,0
U11986,56,one_year,premium,51.31,0,1,10,0
U11987,49,one_year,standard,27.87,0,0,13,0
U11988,70,monthly,basic,75.83,2,0,18,0
U11989,16,one_year,standard,25.04,2,0,2,0
U11990,11,monthly,standard,78.62,2,0,11,1
U11991,7,monthly,premium,97.27,0,0,9,0
U11992,9,monthly,premium,90.09,3,0,8,1
U11993,66,monthly,standard,46.63,2,0,14,0
U11994,6,monthly,standard,88.42,0,1,9,1
U11995,17,monthly,basic,34.45,1,0,0,0
U11996,57,one_year,standard,73.46,3,0,3,0
U11997,62,monthly,standard,34.54,3,1,15,0
U11998,20,monthly,premium,57.8,0,0,3,0
U11999,17,two_year,premium,33.2,0,1,13,0
U12000,1,monthly,basic,76.92,2,1,15,1
U12001,52,two_year,basic,57.76,0,1,16,0
U12002,29,monthly,premium,49.83,0,0,7,0
U12003,57,monthly,standard,66.81,1,1,2,1
U12004,71,monthly,standard,54.05,1,0,17,0
U12005,25,monthly,premium,72.11,0,1,13,1
U12006,57,monthly,basic,35.63,1,0,11,0
U12007,34,monthly,premium,92.66,2,0,9,0
U12008,55,monthly,standard,32.41,1,0,8,1
U12009,64,monthly,premium,58.65,1,1,2,0
U12010,21,monthly,premium,101.6,0,0,24,0
U12011,15,monthly,standard,69.36,1,0,8,0
U12012,24,two_year,basic,23.4,1,0,24,0
U12013,3,one_year,basic,36.97,3,0,5,0
U12014,40,monthly,premium,64.37,2,0,36,0
U12015,56,monthly,standard,34.78,2,1,15,0
U12016,52,monthly,standard,46.98,1,1,2,0
U12017,65,two_year,basic,58.35,3,0,14,0
U12018,8,monthly,standard,63.12,1,1,5,0
U12019,28,monthly,basic,46.88,1,1,5,1
U12020,66,one_year,standard,69.38,2,0,6,0
U12021,14,monthly,basic,61.22,1,1,5,0
U12022,19,monthly,premium,89.6,1,1,12,0
U12023,16,monthly,standard,27.2,2,1,7,0
U12024,51,monthly,basic,29.43,0,0,28,0
U12025,37,two_year,standard,29.41,0,1,27,0
U12026,41,monthly,standard,24.56,0,0,17,0
U12027,69,one_year,premium,38.79,2,0,5,0
U12028,8,one_year,standard,29.47,1,1,11,0
U12029,57,monthly,premium,49.96,2,0,14,0
U12030,56,monthly,standard,30.16,1,1,10,0
U12031,57,monthly,basic,119.54,2,0,15,0
U12032,25,two_year,premium,42.14,1,1,5,0
U12033,27,one_year,basic,,1,1,7,0
U12034,66,one_year,standard,49.29,0,1,20,0
U12035,22,monthly,premium,41.4,0,1,18,0
U12036,38,monthly,standard,32.82,0,1,4,0
U12037,48,two_year,standard,62.58,1,0,4,0
U12038,66,one_year,basic,55.21,0,1,10,0
U12039,67,one_year,standard,31.36,4,0,19,0
U12040,25,one_year,standard,67.24,2,0,14,0
U12041,47,monthly,standard,65.75,1,0,38,0
U12042,8,two_year,standard,60.42,0,0,4,0
U12043,70,two_year,premium,34.2,1,0,6,0
U12044,36,monthly,basic,64.56,1,1,20,0
U12045,32,monthly,standard,83.26,1,0,4,1
U12046,20,monthly,basic,57.18,0,0,9,0
U12047,24,one_year,basic,37.43,2,0,18,0
U12048,28,monthly,premium,41.51,3,0,14,0
U12049,5,monthly,standard,121.48,3,0,19,1
U12050,42,monthly,basic,60.84,0,1,1,0
U12051,19,monthly,standard,57.53,0,0,6,1
U12052,63,monthly,basic,70.25,0,1,17,0
U12053,52,monthly,basic,46.98,2,0,8,0
U12054,12,one_year,premium,32.65,2,0,19,1
U12055,55,one_year,basic,66.69,2,0,10,0
U12056,16,monthly,basic,72.33,1,1,13,1
U12057,17,one_year,basic,81.88,3,1,17,0
U12058,9,monthly,premium,66.76,1,1,12,0
U12059,25,two_year,basic,66.34,1,0,15,0
U12060,50,two_year,standard,69.41,2,0,2,0
U12061,8,one_year,basic,81.71,1,1,11,0
U12062,5,monthly,premium,61.24,2,1,9,0
U12063,31,monthly,basic,29.79,0,1,13,0
U12064,66,monthly,standard,54.44,1,1,11,0
U12065,28,one_year,basic,91.12,2,1,3,0
U12066,35,monthly,basic,79.61,1,1,6,1
U12067,66,monthly,premium,79.16,0,0,8,0
U12068,56,two_year,premium,53.96,3,0,12,0
U12069,57,two_year,basic,67.34,1,0,5,0
U12070,4,one_year,premium,63.33,0,0,13,0
U12071,65,monthly,premium,59.38,0,0,30,0
U12072,43,monthly,standard,76.71,1,0,12,0
U12073,9,monthly,basic,57.91,2,0,4,1
U12074,35,monthly,basic,78.24,1,0,7,0
U12075,23,monthly,basic,68.67,1,0,2,1
U12076,19,one_year,basic,56.49,1,0,27,0
U12077,62,monthly,basic,67.04,2,0,13,0
U12078,8,monthly,standard,51.03,1,0,8,0
U12079,17,monthly,basic,46.45,0,0,3,0
U12080,23,one_year,standard,68.22,2,1,11,0
U12081,25,monthly,basic,90.06,1,1,10,0
U12082,64,one_year,basic,15.0,1,0,2,0
U12083,8,two_year,basic,61.81,2,0,3,0
U12084,3,monthly,standard,108.18,3,0,25,1
U12085,2,two_year,standard,67.21,0,0,4,0
U12086,46,monthly,standard,85.34,0,0,7,0
U12087,44,monthly,basic,38.74,0,1,3,1
U12088,35,monthly,basic,52.59,0,1,3,0
U12089,27,two_year,standard,86.94,1,1,5,0
U12090,18,monthly,premium,91.24,1,0,13,0
U12091,25,one_year,premium,50.23,2,1,8,0
U12092,19,monthly,basic,21.76,2,0,5,0
U12093,29,two_year,basic,56.02,0,0,9,0
U12094,20,monthly,standard,49.9,0,1,19,0
U12095,56,two_year,basic,58.02,2,1,14,0
U12096,31,monthly,basic,27.57,1,0,12,0
U12097,7,one_year,basic,38.79,2,1,7,0
U12098,59,two_year,standard,109.43,0,1,11,0
U12099,3,monthly,standard,25.5,3,1,5,0
U12100,35,one_year,basic,,2,0,5,0
U12101,6,one_year,standard,81.43,3,0,20,0
U12102,11,one_year,basic,69.19,2,1,4,0
U12103,5,one_year,standard,48.91,2,1,12,0
U12104,35,two_year,basic,29.31,1,0,12,0
U12105,48,monthly,standard,32.03,1,1,23,1
U12106,48,monthly,basic,73.71,2,1,6,0
U12107,36,monthly,standard,59.94,1,1,8,0
U12108,57,monthly,basic,41.89,3,1,5,0
U12109,7,monthly,premium,69.16,0,1,32,1
U12110,44,two_year,standard,96.53,1,1,8,0
U12111,26,monthly,standard,56.03,2,0,6,1
U12112,33,one_year,premium,74.14,1,1,7,0
U12113,6,monthly,standard,68.77,0,1,6,0
U12114,12,monthly,standard,81.18,0,1,22,0
U12115,39,one_year,standard,73.85,1,1,11,0
U12116,22,monthly,standard,93.8,4,1,5,0
U12117,54,monthly,premium,32.42,1,1,9,0
U12118,59,monthly,premium,62.51,1,1,34,0
U12119,11,one_year,basic,82.89,2,1,3,0
U12120,62,monthly,standard,23.56,2,1,13,0
U12121,62,two_year,premium,78.75,1,1,8,0
U12122,7,monthly,basic,21.91,0,0,11,0
U12123,57,monthly,standard,79.76,2,0,24,0
U12124,34,two_year,premium,94.33,2,1,29,0
U12125,71,one_year,basic,41.76,1,1,22,0
U12126,19,monthly,standard,103.38,1,0,9,0
U12127,37,one_year,basic,38.48,2,1,18,0
U12128,23,monthly,basic,86.27,0,0,3,1
U12129,39,two_year,basic,53.79,2,0,17,0
U12130,2,monthly,standard,47.72,2,1,3,1
U12131,2,one_year,basic,20.92,3,1,16,0
U12132,36,monthly,standard,20.95,1,1,3,0
U12133,65,one_year,basic,72.91,1,0,47,0
U12134,70,monthly,standard,70.09,1,1,6,0
U12135,57,one_year,standard,133.2,1,0,23,0
U12136,13,two_year,standard,20.16,1,0,20,0
U12137,46,monthly,standard,68.96,1,0,20,0
U12138,13,monthly,standard,88.21,2,1,11,0
U12139,55,monthly,standard,66.27,0,1,26,0
U12140,35,monthly,standard,84.14,0,1,2,0
U12141,16,monthly,standard,17.23,1,1,6,1
U12142,70,monthly,premium,50.49,1,0,7,0
U12143,58,two_year,standard,46.46,1,1,24,0
U12144,48,two_year,basic,94.13,0,1,10,0
U12145,50,monthly,premium,53.4,2,0,20,0
U12146,19,monthly,premium,59.03,1,1,6,0
U12147,15,monthly,basic,68.65,2,1,11,0
U12148,27,two_year,basic,49.34,2,1,3,0
U12149,54,two_year,standard,49.56,2,1,4,0
U12150,54,one_year,standard,24.91,0,1,20,0
U12151,39,monthly,premium,101.04,2,1,3,1
U12152,68,monthly,basic,47.84,2,1,12,0
U12153,51,two_year,standard,105.08,1,0,8,0
U12154,70,two_year,standard,70.84,1,0,11,0
U12155,11,monthly,basic,82.42,1,0,20,1
U12156,50,monthly,basic,77.13,1,1,7,0
U12157,60,monthly,basic,99.1,0,0,11,0
U12158,2,monthly,basic,21.75,0,1,43,0
U12159,27,two_year,premium,121.68,1,1,14,0
U12160,52,monthly,standard,80.32,2,0,10,0
U12161,61,monthly,basic,37.11,1,0,15,0
U12162,65,two_year,premium,80.99,0,0,9,0
U12163,71,one_year,basic,44.48,2,0,10,0
U12164,17,monthly,basic,86.66,0,0,6,0
U12165,3,one_year,standard,51.92,2,0,27,0
U12166,14,monthly,premium,70.76,0,1,3,1
U12167,47,monthly,basic,79.07,1,1,4,0
U12168,59,monthly,standard,15.0,2,1,3,0
U12169,2,monthly,standard,,1,1,10,1
U12170,47,monthly,premium,62.86,0,0,22,0
U12171,23,monthly,standard,73.34,0,1,5,0
U12172,7,monthly,basic,62.48,1,0,10,0
U12173,71,monthly,standard,73.85,2,1,26,0
U12174,57,monthly,premium,69.84,1,0,4,0
U12175,47,one_year,basic,51.1,0,1,17,0
U12176,22,monthly,basic,,3,0,7,0
U12177,52,monthly,basic,102.78,0,0,19,0
U12178,30,monthly,standard,60.29,0,0,32,0
U12179,34,monthly,premium,42.75,2,0,14,0
U12180,46,monthly,basic,75.36,2,1,16,0
U12181,25,one_year,basic,42.14,0,0,15,0
U12182,59,monthly,premium,15.0,1,0,36,0
U12183,9,monthly,standard,149.85,0,1,40,0
U12184,51,one_year,basic,68.69,2,1,12,0
U12185,46,monthly,basic,57.34,5,0,4,0
U12186,38,two_year,basic,100.13,3,0,11,0
U12187,70,one_year,standard,119.77,0,1,15,0
U12188,46,two_year,premium,50.93,2,1,22,0
U12189,34,one_year,basic,72.17,2,0,8,0
U12190,45,monthly,standard,84.49,0,1,6,0
U12191,34,monthly,basic,38.13,1,0,13,0
U12192,55,two_year,basic,70.88,2,0,5,0
U12193,54,one_year,premium,100.65,2,1,10,0
U12194,32,two_year,standard,100.02,2,1,20,0
U12195,6,monthly,standard,85.98,1,0,29,1
U12196,65,monthly,standard,80.2,0,0,11,0
U12197,46,one_year,premium,78.58,2,1,8,0
U12198,36,monthly,basic,54.68,1,0,19,1
U12199,66,two_year,standard,56.87,2,0,2,0
U12200,9,two_year,premium,21.11,1,0,13,0
U12201,10,monthly,basic,80.28,1,1,20,0
U12202,62,two_year,standard,56.24,1,1,18,0
U12203,70,one_year,standard,60.24,2,0,21,0
U12204,14,monthly,standard,51.87,1,1,12,1
U12205,58,monthly,premium,74.46,1,0,9,0
U12206,35,monthly,standard,100.6,2,0,6,1
U12207,65,monthly,standard,50.34,2,1,6,0
U12208,6,two_year,standard,25.35,1,1,12,0
U12209,8,two_year,basic,48.03,2,0,20,0
U12210,22,monthly,basic,31.2,0,1,4,0
U12211,37,monthly,basic,29.27,3,1,3,0
U12212,69,one_year,standard,,0,0,3,0
U12213,54,one_year,standard,82.1,0,1,8,0
U12214,55,monthly,basic,28.1,3,1,13,0
U12215,56,one_year,basic,82.91,2,0,15,0
U12216,55,monthly,standard,54.7,0,0,1,0
U12217,17,one_year,standard,92.44,2,1,9,0
U12218,54,monthly,basic,79.05,1,1,10,0
U12219,70,monthly,premium,90.8,1,0,24,0
U12220,57,one_year,standard,100.52,1,0,11,0
U12221,9,one_year,standard,44.43,0,1,2,0
U12222,6,one_year,basic,88.75,3,1,19,1
U12223,51,monthly,premium,87.81,3,1,10,0
U12224,21,one_year,basic,82.97,2,0,19,0
U12225,66,monthly,premium,45.01,2,0,7,0
U12226,71,monthly,standard,42.72,1,1,9,0
U12227,60,one_year,standard,65.91,5,0,2,0
U12228,21,one_year,basic,60.77,0,1,13,0
U12229,64,two_year,basic,94.0,1,0,9,0
U12230,50,two_year,premium,65.72,1,0,28,0
U12231,33,two_year,premium,35.61,2,1,9,0
U12232,18,monthly,basic,74.34,1,0,18,0
U12233,64,monthly,premium,66.56,2,0,16,0
U12234,11,monthly,basic,57.13,0,1,14,0
U12235,65,one_year,premium,73.43,1,0,3,0
U12236,34,two_year,basic,64.45,1,0,5,0
U12237,44,two_year,basic,61.72,0,1,5,0
U12238,36,one_year,standard,37.72,3,1,29,0
U12239,47,two_year,standard,107.41,1,1,28,0
U12240,14,one_year,standard,74.97,2,1,9,0
U12241,5,two_year,basic,58.61,1,0,8,0
U12242,53,one_year,standard,36.7,2,0,7,0
U12243,21,two_year,basic,79.18,0,0,2,1
U12244,67,monthly,premium,69.63,1,1,9,0
U12245,71,two_year,premium,45.69,0,1,0,0
U12246,71,one_year,basic,68.44,3,0,23,0
U12247,48,monthly,premium,53.65,2,1,23,0
U12248,23,monthly,standard,81.98,1,1,17,0
U12249,68,monthly,premium,15.0,3,0,21,0
U12250,59,monthly,basic,67.56,3,1,10,0
U12251,58,one_year,premium,68.78,3,0,2,0
U12252,13,monthly,basic,29.49,0,0,8,0
U12253,48,monthly,basic,75.08,1,0,16,0
U12254,14,one_year,standard,45.92,1,1,18,0
U12255,28,two_year,premium,45.09,1,1,2,0
U12256,10,monthly,standard,70.4,0,0,8,1
U12257,40,monthly,basic,70.65,0,0,8,0
U12258,14,monthly,premium,56.43,1,0,21,0
U12259,19,monthly,basic,86.4,0,0,3,0
U12260,44,monthly,standard,76.39,2,1,21,0
U12261,16,monthly,basic,52.55,1,0,13,0
U12262,24,monthly,standard,89.75,0,0,8,1
U12263,38,two_year,basic,55.48,1,1,3,0
U12264,26,one_year,basic,15.0,1,1,7,0
U12265,37,one_year,standard,133.34,2,0,11,0
U12266,48,one_year,standard,42.8,2,1,6,0
U12267,56,monthly,basic,80.8,1,0,6,1
U12268,50,monthly,basic,51.74,1,0,2,0
U12269,52,one_year,basic,68.94,1,0,11,0
U12270,13,monthly,basic,69.98,2,0,10,0
U12271,27,one_year,premium,93.58,1,1,10,0
U12272,25,monthly,basic,100.12,2,1,7,1
U12273,19,monthly,basic,34.22,1,0,3,0
U12274,1,one_year,standard,99.34,1,1,15,0
U12275,48,monthly,standard,75.83,2,1,7,0
U12276,46,two_year,standard,87.55,0,1,7,0
U12277,15,one_year,premium,47.16,1,0,12,0
U12278,15,one_year,basic,54.3,1,1,10,0
U12279,22,monthly,premium,63.64,2,0,7,1
U12280,69,two_year,premium,80.91,1,0,12,0
U12281,37,monthly,basic,47.73,1,1,27,0
U12282,27,monthly,premium,73.66,2,1,6,0
U12283,55,two_year,basic,86.63,2,0,6,0
U12284,37,monthly,standard,74.05,0,1,18,0
U12285,29,two_year,basic,52.18,1,0,11,0
U12286,11,two_year,standard,53.42,1,1,44,0
U12287,26,monthly,basic,40.44,0,1,6,0
U12288,22,monthly,standard,81.23,3,1,6,0
U12289,50,two_year,standard,59.32,1,0,19,0
U12290,44,monthly,basic,48.7,1,0,8,0
U12291,52,monthly,standard,73.76,1,1,17,0
U12292,10,monthly,premium,73.62,2,1,28,1
U12293,43,monthly,basic,,2,0,14,0
U12294,22,monthly,standard,15.0,0,1,5,0
U12295,56,monthly,premium,96.6,0,0,34,0
U12296,25,one_year,standard,86.59,0,1,19,0
U12297,32,monthly,standard,76.84,2,1,5,1
U12298,3,monthly,premium,42.64,0,1,10,0
U12299,68,monthly,standard,46.51,2,0,11,0
U12300,67,two_year,basic,35.25,0,0,2,0
U12301,46,monthly,basic,46.99,2,1,2,0
U12302,42,two_year,standard,65.13,2,1,12,0
U12303,19,monthly,standard,15.0,0,0,21,0
U12304,48,monthly,basic,48.28,2,0,4,0
U12305,17,monthly,premium,98.45,1,1,5,0
U12306,17,monthly,standard,40.73,4,0,2,0
U12307,51,monthly,premium,49.7,0,1,14,0
U12308,14,monthly,premium,92.56,2,1,2,1
U12309,5,two_year,standard,50.77,0,1,11,0
U12310,62,monthly,premium,75.58,0,0,13,0
U12311,39,monthly,basic,51.47,1,1,16,0
U12312,71,one_year,premium,73.17,1,0,8,0
U12313,49,one_year,basic,34.91,1,0,3,0
U12314,30,monthly,basic,60.72,1,0,3,0
U12315,31,monthly,basic,86.48,4,0,19,1
U12316,27,two_year,basic,50.17,0,1,6,0
U12317,66,monthly,basic,98.32,2,1,8,0
U12318,30,monthly,standard,50.85,1,1,22,0
U12319,60,two_year,basic,68.9,3,1,3,0
U12320,51,one_year,basic,88.25,0,1,9,0
U12321,40,two_year,basic,91.97,0,0,12,0
U12322,31,monthly,premium,62.66,1,0,12,0
U12323,35,one_year,premium,64.75,1,0,11,0
U12324,65,monthly,standard,37.43,1,1,18,0
U12325,47,monthly,standard,76.18,0,1,22,0
U12326,37,monthly,standard,137.02,0,0,19,1
U12327,52,monthly,standard,50.81,1,0,8,0
U12328,50,monthly,standard,58.05,2,1,16,0
U12329,61,monthly,basic,64.91,3,1,9,0
U12330,18,monthly,basic,74.07,0,1,2,0
U12331,23,monthly,premium,41.29,0,1,22,0
U12332,48,monthly,basic,43.34,1,1,8,0
U12333,26,monthly,premium,110.33,2,1,11,1
U12334,45,monthly,basic,106.61,3,0,3,1
U12335,40,two_year,basic,90.44,0,0,7,0
U12336,9,monthly,basic,49.01,1,0,12,0
U12337,53,one_year,basic,63.33,0,1,4,0
U12338,51,two_year,basic,94.5,0,1,21,0
U12339,45,two_year,standard,61.7,2,0,9,0
U12340,71,one_year,premium,99.8,1,0,5,0
U12341,69,monthly,standard,48.62,0,1,12,0
U12342,55,two_year,basic,60.68,1,1,8,0
U12343,38,one_year,basic,78.31,1,1,12,1
U12344,9,monthly,premium,110.48,2,0,9,1
U12345,31,monthly,standard,37.52,1,0,4,1
U12346,2,monthly,standard,96.14,0,1,12,0
U12347,49,monthly,standard,22.55,0,1,8,0
U12348,20,one_year,basic,44.75,2,0,8,0
U12349,71,one_year,standard,31.64,1,0,4,0
U12350,13,two_year,standard,58.12,3,0,33,0
U12351,49,monthly,standard,66.25,0,1,9,0
U12352,10,monthly,premium,45.93,1,0,9,0
U12353,41,monthly,basic,79.06,2,1,22,0
U12354,56,monthly,standard,24.49,1,0,2,0
U12355,42,monthly,basic,45.57,0,0,10,0
U12356,26,monthly,basic,69.31,3,0,15,0
U12357,3,one_year,basic,72.36,1,1,21,0
U12358,32,monthly,basic,64.9,0,0,15,0
U12359,3,monthly,premium,76.98,2,0,7,1
U12360,12,monthly,premium,100.8,2,0,21,0
U12361,40,monthly,basic,72.32,0,1,12,0
U12362,58,two_year,basic,103.19,0,0,5,0
U12363,17,one_year,basic,90.95,2,1,10,0
U12364,31,monthly,standard,48.89,0,0,8,0
U12365,54,monthly,basic,59.22,1,1,6,0
U12366,53,monthly,basic,39.82,1,1,16,0
U12367,41,monthly,standard,54.71,2,1,4,0
U12368,6,monthly,standard,69.6,2,1,8,1
U12369,58,monthly,premium,42.54,3,1,6,0
U12370,43,one_year,basic,20.24,1,1,5,0
U12371,54,monthly,premium,51.17,0,0,10,0
U12372,28,monthly,standard,68.81,0,1,23,0
U12373,34,two_year,premium,25.23,1,1,11,0
U12374,18,one_year,basic,77.14,0,1,22,0
U12375,59,monthly,basic,44.07,0,0,16,1
U12376,50,monthly,premium,53.25,0,0,10,1
U12377,25,monthly,basic,56.15,0,1,11,0
U12378,9,two_year,standard,42.88,0,0,17,1
U12379,60,two_year,standard,37.79,0,0,16,0
U12380,48,monthly,premium,82.25,2,0,11,0
U12381,41,monthly,standard,66.11,3,0,15,1
U12382,34,two_year,basic,83.46,3,1,13,0
U12383,65,monthly,standard,75.94,3,0,6,0
U12384,41,monthly,premium,41.94,0,0,24,0
U12385,41,one_year,standard,91.73,2,0,8,0
U12386,7,one_year,basic,60.35,2,0,6,0
U12387,24,monthly,basic,73.2,2,0,13,0
U12388,71,one_year,standard,109.79,2,1,12,0
U12389,63,monthly,standard,75.69,1,1,1,0
U12390,13,monthly,basic,68.15,0,0,1,0
U12391,56,one_year,standard,65.39,0,0,3,0
U12392,51,monthly,standard,69.93,0,0,16,0
U12393,60,monthly,basic,74.52,0,0,37,0
U12394,23,monthly,basic,30.85,1,1,4,1
U12395,41,one_year,premium,62.11,1,0,1,0
U12396,48,one_year,standard,42.91,2,1,7,0
U12397,62,monthly,basic,29.96,1,0,4,0
U12398,38,two_year,basic,112.18,2,0,18,0
U12399,14,two_year,premium,81.1,0,1,9,0
U12400,14,monthly,standard,52.2,0,1,33,1
U12401,35,one_year,premium,51.74,1,0,11,0
U12402,70,monthly,basic,37.8,0,1,9,0
U12403,9,monthly,standard,78.48,1,0,14,0
U12404,10,monthly,standard,15.0,1,1,7,1
U12405,53,monthly,premium,15.0,1,1,2,0
U12406,70,monthly,standard,55.97,0,1,13,0
U12407,20,monthly,basic,80.31,0,1,23,0
U12408,57,monthly,standard,65.46,1,0,4,0
U12409,31,two_year,standard,37.34,4,1,14,0
U12410,67,two_year,basic,61.66,2,0,26,0
U12411,32,monthly,basic,53.09,0,1,12,0
U12412,11,monthly,standard,58.14,2,0,4,1
U12413,28,one_year,basic,95.31,2,0,7,0
U12414,12,monthly,premium,85.85,0,1,4,1
U12415,32,monthly,standard,71.7,1,1,5,1
U12416,4,monthly,standard,65.87,0,0,21,0
U12417,43,one_year,standard,68.45,1,1,4,0
U12418,36,monthly,basic,74.88,1,0,20,0
U12419,22,two_year,standard,63.9,1,0,7,0
U12420,60,monthly,standard,98.92,3,0,1,0
U12421,26,one_year,standard,30.6,1,1,6,0
U12422,67,one_year,basic,57.94,1,1,6,0
U12423,11,monthly,basic,24.84,3,1,9,1
U12424,52,monthly,basic,97.98,1,1,13,0
U12425,14,monthly,basic,32.88,2,1,7,0
U12426,37,monthly,basic,83.5,0,1,24,0
U12427,9,monthly,basic,80.44,1,0,23,0
U12428,50,monthly,standard,47.78,0,0,4,0
U12429,26,monthly,standard,78.66,2,0,8,1
U12430,30,two_year,premium,65.39,0,0,9,0
U12431,9,two_year,standard,68.99,2,1,10,0
U12432,18,two_year,standard,63.62,2,1,7,0
U12433,15,monthly,standard,55.16,2,0,10,1
U12434,13,one_year,standard,30.2,1,0,0,0
U12435,66,monthly,standard,96.38,3,1,7,1
U12436,37,monthly,basic,37.55,1,0,4,0
U12437,43,monthly,standard,78.11,0,1,4,0
U12438,59,two_year,basic,106.42,2,0,5,0
U12439,50,monthly,basic,48.56,1,0,9,0
U12440,64,monthly,premium,78.82,3,1,8,1
U12441,59,one_year,standard,95.6,0,1,21,0
U12442,49,two_year,basic,52.32,1,1,22,0
U12443,12,monthly,basic,83.33,1,0,4,1
U12444,3,monthly,basic,,0,1,12,0
U12445,25,two_year,premium,67.81,2,0,27,0
U12446,34,monthly,standard,50.1,2,1,18,0
U12447,33,monthly,premium,47.66,0,0,7,0
U12448,70,monthly,basic,59.32,0,1,13,0
U12449,64,monthly,standard,65.17,1,1,13,0
U12450,36,monthly,basic,66.35,2,0,15,0
U12451,46,one_year,basic,82.07,1,0,28,0
U12452,1,one_year,basic,88.93,0,1,10,0
U12453,56,one_year,standard,44.54,3,1,7,0
U12454,27,one_year,standard,38.59,1,0,16,0
U12455,40,two_year,standard,56.84,1,1,6,0
U12456,47,monthly,basic,47.82,0,0,8,0
U12457,24,one_year,basic,83.94,1,1,8,0
U12458,57,monthly,standard,32.18,0,0,12,0
U12459,39,monthly,basic,83.9,1,0,3,1
U12460,63,one_year,standard,50.05,0,0,14,0
U12461,20,one_year,standard,53.41,1,1,5,0
U12462,21,monthly,basic,55.56,1,1,22,0
U12463,54,monthly,premium,71.94,1,1,11,0
U12464,50,two_year,basic,57.98,4,1,10,0
U12465,47,one_year,basic,61.28,0,0,9,0
U12466,65,monthly,basic,54.65,1,0,8,0
U12467,23,monthly,standard,44.43,2,1,3,0
U12468,1,two_year,standard,55.37,1,0,12,0
U12469,46,one_year,basic,51.55,2,0,2,0
U12470,22,monthly,basic,38.48,1,0,5,0
U12471,14,two_year,basic,127.19,0,1,8,0
U12472,42,two_year,standard,,3,1,6,0
U12473,58,one_year,standard,90.62,0,0,7,0
U12474,49,monthly,standard,64.01,0,0,33,0
U12475,12,monthly,premium,86.9,1,1,23,1
U12476,3,two_year,standard,72.38,1,0,15,0
U12477,37,one_year,premium,34.33,2,0,38,0
U12478,66,monthly,basic,94.65,1,0,9,0
U12479,29,monthly,standard,15.0,1,0,21,0
U12480,16,monthly,standard,89.49,0,1,17,0
U12481,7,monthly,basic,89.76,1,1,9,0
U12482,12,monthly,premium,66.07,1,1,13,1
U12483,37,monthly,premium,59.7,2,0,5,0
U12484,53,monthly,basic,82.82,0,1,17,0
U12485,2,monthly,standard,71.7,1,0,5,1
U12486,29,monthly,premium,54.26,0,1,5,0
U12487,2,monthly,basic,18.6,2,0,4,0
U12488,8,monthly,standard,73.29,4,1,4,1
U12489,20,two_year,standard,73.77,1,1,8,0
U12490,67,monthly,premium,28.44,3,0,10,0
U12491,64,one_year,standard,41.31,2,0,27,0
U12492,59,monthly,standard,37.5,1,0,15,0
U12493,2,monthly,standard,43.62,1,1,12,1
U12494,13,one_year,basic,50.22,2,0,3,0
U12495,12,monthly,basic,45.1,2,0,7,0
U12496,39,monthly,standard,88.94,2,0,37,0
U12497,19,two_year,basic,71.82,1,1,24,0
U12498,23,monthly,premium,55.45,1,0,12,1
U12499,49,monthly,basic,44.65,2,1,5,0
U12500,53,monthly,basic,41.72,1,0,12,0
U12501,44,monthly,standard,64.11,3,1,11,0
U12502,61,one_year,basic,107.49,1,0,12,0
U12503,65,two_year,standard,82.47,0,1,16,0
U12504,9,monthly,standard,41.31,0,1,7,1
U12505,34,monthly,basic,77.23,2,0,35,0
U12506,71,monthly,standard,75.01,2,1,11,0
U12507,29,monthly,standard,62.09,2,1,6,0
U12508,38,monthly,basic,63.67,2,0,13,0
U12509,67,one_year,standard,25.06,0,1,20,0
U12510,54,one_year,standard,40.22,1,1,9,0
U12511,31,two_year,premium,91.45,1,1,17,0
U12512,13,monthly,standard,46.16,0,0,24,0
U12513,15,monthly,standard,83.36,1,0,8,1
U12514,61,one_year,premium,84.61,0,1,5,0
U12515,12,two_year,basic,98.82,1,0,9,0
U12516,42,monthly,basic,77.96,0,1,27,0
U12517,13,one_year,premium,40.4,1,1,7,0
U12518,63,monthly,standard,55.47,3,1,9,0
U12519,39,monthly,basic,76.52,1,0,9,0
U12520,33,monthly,basic,68.88,4,0,14,1
U12521,28,monthly,basic,74.46,0,0,3,0
U12522,50,one_year,standard,69.33,0,0,18,0
U12523,4,one_year,standard,54.97,1,0,4,0
U12524,42,monthly,standard,58.39,1,1,19,0
U12525,29,monthly,standard,35.51,1,1,17,0
U12526,9,two_year,basic,25.35,0,1,15,0
U12527,3,monthly,standard,74.18,0,0,19,1
U12528,53,monthly,standard,83.54,2,0,3,0
U12529,51,two_year,basic,100.37,0,1,7,0
U12530,42,two_year,basic,31.03,2,1,7,0
U12531,47,monthly,standard,70.91,1,1,2,0
U12532,37,two_year,premium,24.26,0,0,16,0
U12533,53,two_year,premium,56.72,2,0,3,0
U12534,45,monthly,basic,15.0,2,1,18,0
U12535,64,monthly,premium,94.88,3,0,9,0
U12536,25,two_year,basic,74.17,0,0,19,0
U12537,49,monthly,standard,47.48,1,0,19,0
U12538,44,one_year,premium,57.73,1,1,8,0
U12539,6,one_year,standard,51.56,0,0,1,0
U12540,21,monthly,standard,95.03,1,0,14,0
U12541,9,one_year,standard,63.94,3,0,22,0
U12542,28,monthly,standard,59.9,2,0,26,0
U12543,57,monthly,basic,82.66,0,1,9,0
U12544,24,one_year,standard,36.04,2,0,9,0
U12545,31,two_year,premium,76.43,0,1,17,0
U12546,39,monthly,standard,59.13,0,0,11,0
U12547,66,monthly,standard,55.59,2,1,14,0
U12548,26,two_year,basic,67.81,2,1,4,0
U12549,5,monthly,premium,47.0,0,1,4,0
U12550,29,monthly,standard,53.9,1,0,10,0
U12551,62,one_year,premium,89.28,0,0,2,0
U12552,17,monthly,standard,77.84,1,0,7,0
U12553,4,monthly,standard,15.0,0,1,8,0
U12554,3,monthly,basic,43.43,2,0,6,0
U12555,55,monthly,standard,94.55,0,1,11,0
U12556,69,monthly,standard,56.33,0,0,9,0
U12557,21,two_year,basic,76.68,1,1,28,0
U12558,53,one_year,basic,86.88,0,1,12,0
U12559,48,monthly,standard,88.73,1,0,12,1
U12560,13,one_year,basic,83.92,1,1,21,0
U12561,2,two_year,basic,69.57,0,1,9,0
U12562,68,two_year,basic,51.18,0,0,15,0
U12563,14,monthly,standard,57.71,2,1,22,1
U12564,45,monthly,standard,123.52,0,0,6,0
U12565,49,two_year,standard,92.61,0,1,6,0
U12566,27,one_year,standard,98.21,3,1,1,0
U12567,20,one_year,standard,43.62,0,0,26,0
U12568,40,monthly,standard,56.9,1,1,25,0
U12569,7,monthly,standard,53.35,1,0,12,1
U12570,27,two_year,basic,45.23,1,0,8,0
U12571,30,monthly,standard,31.38,1,1,6,0
U12572,7,monthly,basic,78.14,1,0,12,1
U12573,51,one_year,standard,52.42,0,0,12,0
U12574,70,one_year,basic,33.33,1,1,13,0
U12575,34,one_year,basic,49.66,3,1,33,0
U12576,51,one_year,premium,84.91,1,0,2,0
U12577,5,two_year,standard,61.59,2,0,3,0
U12578,25,monthly,standard,62.65,0,1,11,1
U12579,70,monthly,standard,23.39,1,1,18,0
U12580,38,two_year,premium,62.21,0,0,3,0
U12581,3,monthly,standard,93.88,0,0,8,0
U12582,1,monthly,standard,69.31,5,0,14,1
U12583,42,monthly,basic,75.99,1,1,10,0
U12584,45,one_year,standard,15.0,2,0,14,0
U12585,33,one_year,standard,62.5,1,0,5,0
U12586,22,one_year,standard,29.6,2,0,8,0
U12587,42,monthly,standard,57.55,0,0,10,1
U12588,3,two_year,standard,47.97,1,0,11,0
U12589,59,monthly,standard,40.51,0,0,11,0
U12590,45,monthly,premium,50.94,2,0,5,0
U12591,35,monthly,basic,53.99,3,0,6,1
U12592,23,one_year,basic,89.91,0,0,5,0
U12593,6,monthly,premium,66.58,1,0,1,1
U12594,49,one_year,premium,47.09,2,0,3,0
U12595,49,two_year,basic,31.48,0,1,10,0
U12596,56,two_year,basic,80.42,1,1,10,0
U12597,18,one_year,standard,43.64,0,0,6,0
U12598,46,monthly,basic,123.02,1,1,28,0
U12599,33,one_year,premium,106.72,3,0,20,0
U12600,62,monthly,premium,111.92,0,1,14,1
U12601,11,two_year,premium,75.35,0,0,15,0
U12602,42,two_year,basic,93.5,0,1,11,0
U12603,12,monthly,basic,23.53,1,1,16,0
U12604,33,two_year,standard,78.01,3,0,10,0
U12605,31,one_year,premium,62.34,1,1,8,0
U12606,52,two_year,premium,63.55,4,1,4,0
U12607,21,monthly,basic,42.45,1,1,25,0
U12608,10,monthly,standard,63.99,1,0,7,0
U12609,19,one_year,basic,112.67,2,1,3,0
U12610,31,monthly,premium,83.63,0,1,3,0
U12611,67,monthly,basic,67.84,0,0,12,0
U12612,30,two_year,standard,81.18,3,1,2,1
U12613,45,two_year,standard,75.51,1,0,19,0
U12614,3,monthly,standard,41.96,0,1,1,1
U12615,11,two_year,basic,74.61,1,1,3,0
U12616,4,two_year,standard,92.27,1,1,5,0
U12617,3,two_year,basic,15.0,1,0,19,0
U12618,41,one_year,basic,30.35,1,1,17,0
U12619,4,one_year,basic,117.35,3,0,12,1
U12620,35,two_year,standard,85.55,0,0,3,0
U12621,17,monthly,standard,51.88,0,0,9,0
U12622,15,two_year,basic,31.87,1,0,2,0
U12623,54,one_year,basic,66.1,3,0,9,0
U12624,56,monthly,premium,62.22,0,1,3,0
U12625,55,monthly,basic,107.13,0,1,4,0
U12626,54,monthly,basic,22.37,0,0,16,0
U12627,41,one_year,standard,49.28,0,0,13,0
U12628,17,two_year,standard,102.24,0,1,5,0
U12629,24,monthly,standard,104.62,1,1,12,0
U12630,41,monthly,standard,65.88,2,0,26,0
U12631,60,one_year,premium,49.08,1,1,10,0
U12632,20,two_year,premium,65.19,0,0,11,0
U12633,48,two_year,standard,63.31,1,0,10,0
U12634,33,two_year,standard,73.49,1,0,13,0
U12635,34,monthly,standard,59.05,0,1,2,1
U12636,11,monthly,basic,68.93,0,0,16,0
U12637,42,monthly,basic,54.39,4,1,8,0
U12638,33,one_year,standard,78.72,1,0,18,0
U12639,64,monthly,premium,87.17,1,1,43,0
U12640,16,monthly,standard,73.52,0,1,9,0
U12641,29,one_year,standard,72.8,5,1,1,1
U12642,71,two_year,premium,89.1,2,1,11,0
U12643,59,one_year,standard,69.12,2,0,17,0
U12644,41,monthly,standard,95.48,0,1,41,0
U12645,64,one_year,standard,31.18,0,1,12,0
U12646,38,monthly,premium,43.16,1,1,5,0
U12647,2,monthly,premium,93.41,0,0,22,0
U12648,65,monthly,standard,89.08,3,0,3,1
U12649,30,monthly,premium,83.64,0,1,3,0
U12650,32,monthly,standard,88.32,3,1,4,0
U12651,55,monthly,premium,63.05,1,0,10,0
U12652,41,two_year,standard,89.84,0,1,9,0
U12653,25,monthly,premium,,1,0,6,0
U12654,60,one_year,standard,25.16,1,1,10,0
U12655,9,monthly,basic,50.33,2,1,15,1
U12656,32,monthly,standard,66.24,1,0,12,0
U12657,44,monthly,premium,15.0,2,1,9,0
U12658,67,one_year,standard,82.26,2,0,18,0
U12659,63,two_year,premium,69.41,0,1,24,0
U12660,11,one_year,premium,47.0,1,1,11,0
U12661,22,monthly,standard,53.87,2,1,12,0
U12662,4,one_year,basic,77.69,2,0,27,0
U12663,52,monthly,standard,85.07,3,0,7,0
U12664,57,two_year,basic,31.83,3,1,4,0
U12665,64,one_year,standard,80.02,2,0,9,0
U12666,27,two_year,basic,58.66,1,1,7,0
U12667,37,one_year,standard,59.83,2,0,9,0
U12668,40,monthly,premium,40.51,3,1,14,0
U12669,57,one_year,basic,73.9,4,1,14,1
U12670,3,one_year,standard,27.09,2,0,17,0
U12671,36,two_year,basic,62.86,1,0,28,0
U12672,4,two_year,basic,70.46,0,0,10,0
U12673,33,monthly,standard,18.36,0,0,26,0
U12674,29,monthly,basic,81.59,2,1,36,0
U12675,42,one_year,standard,97.05,0,1,4,0
U12676,52,one_year,premium,109.92,0,1,8,0
U12677,29,two_year,basic,78.19,2,1,15,0
U12678,67,two_year,standard,56.39,3,1,2,1
U12679,56,monthly,standard,43.0,1,0,2,1
U12680,30,monthly,standard,58.21,2,1,3,0
U12681,45,one_year,standard,78.72,1,1,32,0
U12682,63,two_year,standard,46.23,2,0,10,0
U12683,45,monthly,basic,71.67,3,1,23,0
U12684,43,one_year,standard,89.31,3,0,12,0
U12685,55,monthly,premium,67.29,1,1,6,0
U12686,49,two_year,standard,72.2,1,1,13,0
U12687,27,one_year,basic,73.71,0,0,1,0
U12688,52,monthly,premium,87.43,2,0,10,0
U12689,41,monthly,basic,86.18,2,0,36,0
U12690,38,monthly,premium,75.28,0,1,6,0
U12691,53,monthly,standard,47.72,3,0,6,0
U12692,38,one_year,basic,84.49,1,0,18,0
U12693,59,one_year,standard,72.31,0,0,5,0
U12694,28,one_year,basic,85.85,1,1,19,0
U12695,47,one_year,standard,104.28,0,1,16,0
U12696,65,monthly,basic,50.59,6,0,3,0
U12697,12,monthly,premium,57.56,1,1,13,0
U12698,9,one_year,basic,82.89,1,1,10,0
U12699,35,monthly,basic,63.5,0,0,14,0
U12700,30,one_year,standard,61.25,1,1,9,0
U12701,5,one_year,standard,88.86,2,1,22,0
U12702,61,two_year,basic,43.97,3,0,3,0
U12703,18,monthly,premium,42.52,2,1,16,1
U12704,29,two_year,standard,42.64,0,0,6,0
U12705,10,one_year,standard,92.52,2,0,4,0
U12706,57,monthly,standard,46.8,1,1,11,0
U12707,6,monthly,basic,69.55,0,0,4,1
U12708,13,monthly,basic,66.04,3,1,36,0
U12709,12,monthly,basic,42.86,0,1,4,0
U12710,59,two_year,premium,95.73,1,1,12,0
U12711,9,monthly,premium,75.33,0,1,11,0
U12712,30,two_year,premium,93.22,0,1,21,0
U12713,52,monthly,standard,66.57,1,0,7,0
U12714,18,two_year,basic,83.61,3,1,5,0
U12715,31,monthly,basic,65.94,1,1,12,0
U12716,34,monthly,standard,20.21,1,1,2,0
U12717,24,one_year,standard,87.43,1,1,8,0
U12718,46,monthly,premium,65.26,2,0,10,0
U12719,14,monthly,basic,65.8,1,0,32,0
U12720,10,monthly,basic,73.47,1,0,3,0
U12721,51,monthly,standard,75.76,0,1,8,0
U12722,65,monthly,basic,107.63,1,1,10,0
U12723,26,monthly,basic,65.07,0,0,4,1
U12724,19,two_year,standard,80.31,1,0,20,0
U12725,43,monthly,standard,103.0,1,1,5,0
U12726,67,two_year,premium,69.34,1,0,5,0
U12727,16,monthly,standard,80.69,0,1,43,0
U12728,56,monthly,standard,86.09,4,1,5,0
U12729,6,one_year,standard,36.6,0,0,0,0
U12730,59,monthly,standard,100.24,2,0,15,0
U12731,51,monthly,basic,35.3,1,1,27,0
U12732,31,monthly,standard,41.58,1,0,1,0
U12733,50,one_year,standard,56.69,1,1,33,0
U12734,9,monthly,basic,67.09,0,1,11,0
U12735,50,monthly,premium,66.7,1,0,9,0
U12736,9,monthly,basic,24.66,0,1,13,0
U12737,57,monthly,standard,64.95,0,0,8,0
U12738,19,one_year,standard,,1,0,11,0
U12739,32,monthly,standard,71.19,2,0,55,0
U12740,10,monthly,standard,52.28,0,1,4,0
U12741,16,monthly,standard,70.84,2,1,8,0
U12742,20,one_year,standard,82.74,2,1,17,0
U12743,64,monthly,premium,75.61,1,1,8,0
U12744,28,monthly,standard,53.91,3,1,18,0
U12745,32,two_year,standard,117.94,0,1,6,0
U12746,43,two_year,basic,75.27,0,1,16,0
U12747,60,two_year,standard,75.04,0,1,15,0
U12748,61,one_year,basic,110.12,2,0,11,0
U12749,6,one_year,premium,75.65,2,0,5,0
U12750,1,one_year,basic,79.76,1,0,11,0
U12751,2,monthly,standard,81.42,0,1,13,0
U12752,56,monthly,standard,50.41,3,0,19,1
U12753,9,monthly,premium,68.62,2,0,9,1
U12754,59,one_year,standard,47.79,0,1,16,0
U12755,66,monthly,standard,59.39,0,0,5,0
U12756,60,monthly,basic,39.78,2,0,7,0
U12757,48,monthly,standard,61.46,1,1,18,1
U12758,49,one_year,basic,112.5,1,1,20,0
U12759,49,monthly,basic,42.23,4,1,5,0
U12760,1,monthly,basic,88.17,1,1,17,1
U12761,58,monthly,premium,87.98,1,1,19,0
U12762,11,monthly,standard,66.65,0,0,20,1
U12763,69,monthly,basic,31.1,0,0,7,0
U12764,23,one_year,basic,81.11,3,1,13,0
U12765,32,two_year,standard,53.46,2,1,20,0
U12766,46,one_year,standard,,2,0,16,0
U12767,8,monthly,standard,49.76,1,1,4,1
U12768,29,two_year,basic,40.04,1,0,2,0
U12769,52,monthly,basic,15.0,0,0,5,0
U12770,2,monthly,basic,64.32,1,0,24,0
U12771,59,monthly,premium,78.76,1,1,20,0
U12772,31,monthly,basic,79.76,4,1,10,0
U12773,49,monthly,basic,77.46,2,1,11,0
U12774,9,monthly,basic,29.54,0,0,4,0
U12775,14,one_year,basic,65.57,1,0,29,0
U12776,50,two_year,standard,106.27,4,0,7,0
U12777,51,two_year,premium,87.01,2,1,7,0
U12778,70,monthly,basic,59.74,2,1,14,0
U12779,38,monthly,basic,90.02,2,0,8,0
U12780,64,two_year,basic,98.64,0,0,4,0
U12781,53,monthly,standard,66.94,3,1,6,0
U12782,63,monthly,premium,28.6,1,0,15,1
U12783,47,two_year,basic,30.6,0,0,13,0
U12784,62,monthly,standard,80.33,1,1,8,0
U12785,66,one_year,premium,52.93,3,1,21,0
U12786,12,two_year,premium,67.69,1,0,5,0
U12787,18,monthly,basic,34.16,4,0,7,0
U12788,66,two_year,standard,56.07,3,0,13,0
U12789,26,monthly,standard,47.28,3,0,11,0
U12790,8,monthly,basic,23.78,0,0,27,0
U12791,3,monthly,standard,77.42,2,1,10,0
U12792,53,monthly,basic,80.44,0,1,9,0
U12793,46,monthly,basic,52.74,0,1,11,0
U12794,59,two_year,premium,38.03,1,1,6,0
U12795,31,monthly,premium,43.93,2,0,13,0
U12796,26,monthly,basic,75.07,2,0,5,1
U12797,63,monthly,basic,24.4,0,0,21,0
U12798,66,two_year,standard,85.83,0,1,27,0
U12799,11,two_year,premium,54.24,1,1,5,0
U12800,65,monthly,basic,51.66,0,1,12,0
U12801,44,monthly,basic,53.02,0,0,10,0
U12802,71,monthly,standard,88.88,1,1,3,1
U12803,63,monthly,premium,91.33,0,1,13,0
U12804,61,monthly,premium,71.04,2,1,1,0
U12805,34,two_year,basic,29.24,1,1,13,1
U12806,2,monthly,premium,75.02,1,0,6,1
U12807,44,one_year,basic,46.91,0,0,6,0
U12808,2,two_year,standard,23.68,2,1,7,0
U12809,68,monthly,premium,46.86,1,0,9,0
U12810,45,monthly,standard,31.04,1,0,12,0
U12811,62,monthly,standard,72.99,2,1,13,0
U12812,56,monthly,premium,94.55,1,0,5,0
U12813,1,one_year,standard,72.15,2,0,7,1
U12814,33,monthly,standard,112.26,0,1,17,0
U12815,42,two_year,standard,58.68,2,1,10,0
U12816,10,two_year,basic,75.55,0,1,19,0
U12817,24,monthly,premium,48.39,0,0,18,1
U12818,15,monthly,premium,59.07,2,0,1,1
U12819,33,monthly,basic,80.56,0,0,24,0
U12820,13,monthly,basic,97.05,2,1,25,0
U12821,18,two_year,premium,38.61,0,1,8,0
U12822,67,monthly,premium,67.01,1,0,14,0
U12823,70,monthly,standard,84.23,1,1,6,0
U12824,25,monthly,standard,49.76,0,1,2,0
U12825,46,monthly,basic,84.68,0,0,14,0
U12826,41,monthly,basic,48.73,2,0,2,1
U12827,27,monthly,standard,72.57,1,1,3,0
U12828,19,two_year,standard,89.46,1,1,21,0
U12829,48,monthly,basic,60.57,0,0,25,0
U12830,31,two_year,standard,33.89,0,1,6,0
U12831,11,monthly,basic,74.68,0,1,18,0
U12832,13,two_year,standard,21.64,2,1,14,0
U12833,61,one_year,premium,15.0,2,0,7,0
U12834,70,monthly,basic,69.66,0,1,8,0
U12835,63,monthly,basic,57.12,1,1,9,0
U12836,48,monthly,standard,59.08,1,0,4,0
U12837,48,monthly,basic,82.59,0,1,11,0
U12838,19,one_year,basic,95.07,1,1,11,1
U12839,12,two_year,standard,132.11,2,1,13,0
U12840,49,two_year,standard,85.05,2,0,3,0
U12841,49,monthly,standard,59.42,0,1,11,0
U12842,58,monthly,standard,45.93,3,1,25,0
U12843,1,monthly,standard,74.48,2,1,12,1
U12844,28,monthly,basic,47.3,1,1,5,0
U12845,7,monthly,basic,102.76,1,0,12,0
U12846,65,one_year,basic,64.87,2,0,13,0
U12847,32,monthly,basic,89.34,1,0,2,1
U12848,13,monthly,premium,64.37,0,0,14,0
U12849,15,monthly,standard,52.54,2,0,4,1
U12850,63,monthly,standard,21.19,1,0,29,0
U12851,46,monthly,premium,43.52,3,0,11,0
U12852,17,two_year,basic,57.85,1,0,7,0
U12853,49,monthly,standard,75.6,1,1,14,0
U12854,59,monthly,standard,16.11,1,0,42,0
U12855,36,one_year,premium,108.87,0,1,11,0
U12856,31,monthly,standard,90.23,0,0,15,0
U12857,15,monthly,standard,106.92,0,1,16,0
U12858,62,monthly,basic,37.02,0,1,12,0
U12859,70,two_year,standard,64.54,0,0,30,0
U12860,15,two_year,premium,46.89,0,0,4,0
U12861,56,two_year,standard,66.79,0,0,1,0
U12862,11,monthly,basic,72.28,0,0,9,1
U12863,66,monthly,basic,84.79,2,0,26,0
U12864,63,two_year,premium,104.5,0,1,9,0
U12865,9,monthly,premium,15.0,1,0,8,0
U12866,46,monthly,premium,90.09,1,1,11,1
U12867,5,two_year,basic,65.56,1,0,7,0
U12868,42,one_year,standard,41.51,3,1,18,1
U12869,3,two_year,standard,80.65,0,1,11,0
U12870,17,monthly,standard,81.32,1,1,14,0
U12871,45,monthly,premium,78.85,1,0,9,0
U12872,41,monthly,basic,31.5,1,1,10,0
U12873,60,monthly,premium,121.46,1,1,33,0
U12874,11,two_year,basic,92.07,1,0,17,0
U12875,28,two_year,basic,18.03,1,1,19,0
U12876,49,monthly,basic,67.02,1,1,1,0
U12877,71,monthly,basic,,5,1,12,0
U12878,14,monthly,standard,114.81,1,1,22,0
U12879,54,monthly,standard,90.58,1,1,22,0
U12880,19,two_year,basic,100.72,2,1,15,0
U12881,18,monthly,standard,97.62,0,0,17,1
U12882,70,one_year,basic,71.7,0,1,4,0
U12883,54,monthly,standard,15.0,0,0,12,0
U12884,24,monthly,basic,81.62,2,1,15,1
U12885,30,monthly,basic,32.76,2,0,3,0
U12886,21,monthly,standard,101.59,2,1,1,0
U12887,10,monthly,basic,65.24,0,0,30,0
U12888,61,one_year,basic,36.43,0,0,19,0
U12889,1,monthly,premium,71.36,0,1,19,0
U12890,18,monthly,basic,84.82,1,0,16,0
U12891,7,one_year,basic,27.56,0,0,14,0
U12892,4,two_year,premium,40.01,1,1,15,0
U12893,13,one_year,premium,102.8,1,0,15,0
U12894,57,monthly,premium,78.65,0,1,33,0
U12895,48,two_year,standard,15.0,0,0,5,0
U12896,25,two_year,basic,53.88,2,1,22,0
U12897,22,monthly,standard,83.68,3,0,4,0
U12898,7,monthly,standard,23.79,0,0,4,0
U12899,14,monthly,premium,31.64,2,1,5,0
U12900,59,monthly,basic,66.55,2,1,3,0
U12901,33,monthly,standard,61.63,0,1,24,0
U12902,58,two_year,standard,15.0,0,0,9,0
U12903,5,two_year,basic,39.27,2,1,3,0
U12904,49,two_year,basic,65.04,0,0,3,0
U12905,43,two_year,basic,62.78,1,1,2,0
U12906,53,one_year,basic,59.94,0,1,9,0
U12907,18,two_year,standard,86.59,3,1,5,0
U12908,9,monthly,premium,73.42,1,1,10,0
U12909,40,monthly,standard,86.49,2,0,12,0
U12910,55,monthly,standard,52.51,3,1,13,0
U12911,38,monthly,basic,66.01,0,0,13,0
U12912,71,monthly,standard,82.45,2,0,1,1
U12913,56,one_year,standard,73.5,1,0,19,0
U12914,71,monthly,basic,64.61,1,1,15,0
U12915,22,monthly,premium,94.68,2,0,23,0
U12916,7,one_year,premium,,0,1,7,0
U12917,58,monthly,standard,20.84,1,1,14,0
U12918,38,monthly,basic,51.54,0,1,14,0
U12919,4,monthly,standard,57.46,1,0,5,0
U12920,2,monthly,standard,61.33,3,0,6,1
U12921,70,one_year,basic,101.55,1,1,13,0
U12922,46,two_year,standard,90.29,1,1,10,0
U12923,20,monthly,standard,,3,0,4,1
U12924,67,monthly,standard,96.49,2,0,5,0
U12925,2,two_year,standard,70.57,2,0,15,1
U12926,70,monthly,standard,87.12,0,0,14,0
U12927,24,monthly,premium,85.85,2,1,4,1
U12928,41,monthly,basic,33.45,1,0,1,0
U12929,55,monthly,premium,15.0,1,0,4,0
U12930,12,two_year,standard,69.09,2,1,9,0
U12931,14,one_year,premium,66.43,0,0,20,0
U12932,22,one_year,basic,77.25,1,1,31,0
U12933,11,two_year,basic,77.26,1,1,10,0
U12934,67,two_year,basic,57.77,0,1,2,0
U12935,56,monthly,basic,110.94,0,1,9,0
U12936,66,monthly,basic,,1,0,16,0
U12937,51,monthly,standard,,0,1,2,0
U12938,24,one_year,standard,59.28,2,0,13,0
U12939,30,one_year,basic,36.73,0,0,35,0
U12940,4,two_year,standard,98.19,1,0,12,0
U12941,61,monthly,premium,41.89,0,0,10,0
U12942,26,two_year,standard,123.72,1,1,17,0
U12943,52,one_year,standard,42.57,1,1,17,0
U12944,57,monthly,basic,61.87,0,0,15,0
U12945,4,monthly,standard,52.43,0,1,5,1
U12946,6,monthly,basic,75.5,3,0,15,1
U12947,19,two_year,premium,97.66,1,0,14,0
U12948,8,one_year,basic,59.2,0,1,6,0
U12949,39,one_year,standard,74.81,3,0,1,1
U12950,64,two_year,premium,65.38,1,0,5,0
U12951,23,one_year,standard,69.73,1,0,7,0
U12952,34,monthly,standard,55.9,2,1,12,0
U12953,19,monthly,standard,76.59,2,1,5,0
U12954,30,monthly,premium,39.82,0,0,13,0
U12955,29,monthly,standard,104.86,1,1,13,0
U12956,32,monthly,standard,87.21,1,1,10,0
U12957,16,monthly,premium,69.89,0,1,13,0
U12958,30,monthly,basic,104.15,1,0,3,1
U12959,70,two_year,premium,58.37,0,1,2,0
U12960,29,monthly,basic,52.45,3,1,13,0
U12961,60,two_year,standard,64.84,0,0,8,0
U12962,35,monthly,premium,107.94,4,1,14,0
U12963,39,one_year,standard,44.26,5,0,26,0
U12964,25,monthly,premium,63.69,0,1,15,0
U12965,66,one_year,basic,28.75,1,0,25,0
U12966,24,two_year,basic,45.38,1,0,5,0
U12967,26,monthly,standard,41.37,2,1,14,0
U12968,20,two_year,standard,15.0,1,1,4,0
U12969,50,one_year,premium,65.52,1,0,37,0
U12970,12,two_year,basic,40.65,0,0,14,0
U12971,37,monthly,standard,65.14,0,0,2,1
U12972,6,monthly,basic,86.55,2,1,8,0
U12973,16,one_year,basic,109.19,3,1,4,0
U12974,71,monthly,standard,57.15,2,0,29,0
U12975,25,monthly,standard,45.13,1,1,29,0
U12976,22,two_year,standard,68.35,0,1,3,0
U12977,32,monthly,standard,75.36,1,1,5,0
U12978,9,one_year,standard,46.28,2,0,3,0
U12979,2,monthly,basic,67.55,1,0,12,1
U12980,41,monthly,basic,58.6,2,1,12,0
U12981,38,one_year,basic,47.24,0,0,8,0
U12982,16,one_year,standard,63.43,1,1,6,0
U12983,13,one_year,standard,116.03,1,0,12,0
U12984,57,monthly,basic,63.25,0,0,10,0
U12985,57,two_year,standard,92.1,1,0,6,0
U12986,64,one_year,standard,57.28,2,0,8,0
U12987,6,monthly,standard,36.34,3,0,19,0
U12988,69,monthly,standard,37.21,3,1,12,0
U12989,40,monthly,basic,46.0,2,1,7,0
U12990,51,two_year,basic,70.67,2,1,19,0
U12991,26,monthly,basic,53.65,1,0,13,1
U12992,41,one_year,standard,71.87,3,0,16,0
U12993,63,monthly,premium,61.04,2,1,11,0
U12994,2,one_year,standard,43.32,2,1,16,0
U12995,21,two_year,standard,78.75,0,0,4,0
U12996,20,monthly,basic,81.32,0,0,4,0
U12997,56,monthly,standard,38.65,0,0,8,0
U12998,56,one_year,basic,62.62,0,0,2,0
U12999,2,monthly,premium,67.32,0,0,21,0
U13000,9,monthly,premium,82.77,1,0,1,1
U13001,19,monthly,standard,74.67,1,0,8,1
U13002,69,monthly,basic,60.47,0,1,5,0
U13003,7,one_year,premium,62.76,0,0,16,0
U13004,36,two_year,standard,107.03,0,1,2,0
U13005,13,one_year,standard,51.49,2,0,5,1
U13006,9,monthly,standard,48.91,1,1,12,0
U13007,40,monthly,standard,74.27,0,1,23,0
U13008,3,one_year,basic,58.64,4,1,20,1
U13009,62,one_year,standard,82.33,0,0,4,0
U13010,44,two_year,standard,80.27,2,1,11,0
U13011,1,monthly,premium,95.32,1,0,50,0
U13012,17,monthly,basic,49.67,1,1,8,0
U13013,17,monthly,standard,87.99,0,0,9,0
U13014,8,one_year,basic,45.61,0,0,2,0
U13015,53,two_year,premium,74.77,3,1,11,0
U13016,12,monthly,standard,90.11,0,1,6,0
U13017,25,monthly,premium,43.81,0,1,14,1
U13018,57,monthly,standard,77.51,1,1,19,0
U13019,1,two_year,premium,37.53,2,1,10,0
U13020,39,two_year,basic,51.98,0,0,4,0
U13021,40,one_year,basic,71.47,1,0,12,0
U13022,32,monthly,basic,85.13,2,0,23,0
U13023,24,monthly,premium,45.57,0,0,10,0
U13024,55,one_year,standard,,0,1,6,0
U13025,70,one_year,standard,71.05,1,0,6,0
U13026,37,monthly,basic,45.58,1,1,6,0
U13027,11,monthly,basic,30.09,0,1,21,1
U13028,66,one_year,standard,72.75,1,1,18,0
U13029,47,monthly,premium,59.19,1,0,5,0
U13030,25,monthly,basic,60.84,3,1,19,0
U13031,40,one_year,basic,51.93,0,1,9,0
U13032,63,monthly,premium,53.99,0,0,19,0
U13033,68,monthly,basic,89.89,1,1,25,0
U13034,25,monthly,premium,30.06,4,0,14,0
U13035,64,monthly,basic,80.43,1,1,6,0
U13036,52,one_year,standard,92.68,1,1,23,0
U13037,40,monthly,standard,78.41,0,0,10,1
U13038,55,monthly,basic,63.16,0,0,33,0
U13039,16,monthly,basic,116.66,2,0,28,0
U13040,52,monthly,basic,67.37,1,1,5,0
U13041,47,monthly,standard,45.65,0,0,24,0
U13042,43,two_year,standard,84.47,2,1,5,0
U13043,2,monthly,basic,41.1,2,1,6,1
U13044,39,one_year,premium,73.21,1,0,7,0
U13045,33,two_year,standard,25.63,1,1,5,0
U13046,52,one_year,standard,105.59,1,1,15,0
U13047,43,monthly,standard,21.2,0,1,3,0
U13048,60,two_year,premium,60.72,5,0,21,0
U13049,30,one_year,basic,130.51,0,0,10,0
U13050,53,monthly,basic,67.96,0,0,13,0
U13051,49,two_year,premium,15.0,1,0,14,0
U13052,32,monthly,standard,37.71,2,0,1,0
U13053,17,two_year,basic,95.97,0,1,6,1
U13054,26,monthly,standard,47.66,1,1,13,0
U13055,48,monthly,basic,115.26,1,0,24,0
U13056,43,monthly,basic,15.0,0,1,8,0
U13057,21,monthly,basic,36.74,1,1,9,0
U13058,28,one_year,basic,49.4,2,0,27,0
U13059,68,monthly,basic,68.94,1,0,24,0
U13060,53,one_year,basic,72.61,3,0,16,0
U13061,42,monthly,standard,39.22,0,0,22,0
U13062,30,one_year,premium,63.99,0,1,21,0
U13063,23,two_year,basic,108.1,2,1,12,0
U13064,71,one_year,premium,82.12,2,0,26,0
U13065,28,two_year,standard,49.15,2,0,17,0
U13066,13,monthly,standard,102.44,2,0,10,1
U13067,4,one_year,basic,59.31,1,0,45,0
U13068,57,monthly,standard,86.56,1,1,7,0
U13069,34,monthly,basic,45.67,1,0,16,0
U13070,19,two_year,standard,67.1,2,1,7,0
U13071,6,monthly,basic,77.09,0,0,14,0
U13072,59,monthly,standard,17.31,2,0,3,0
U13073,17,one_year,basic,86.9,2,1,9,0
U13074,41,monthly,basic,58.51,1,0,39,0
U13075,33,monthly,standard,,1,1,10,1
U13076,24,one_year,basic,74.71,0,1,10,1
U13077,62,monthly,basic,35.41,0,0,13,0
U13078,45,monthly,basic,34.74,5,0,18,1
U13079,15,one_year,basic,86.06,1,0,45,0
U13080,71,monthly,standard,78.15,1,1,18,0
U13081,65,two_year,standard,103.82,0,0,7,1
U13082,7,one_year,basic,95.1,1,0,6,0
U13083,30,monthly,premium,,1,1,14,0
U13084,40,monthly,premium,71.19,1,0,6,0
U13085,8,monthly,basic,48.57,0,1,20,0
U13086,57,monthly,standard,32.1,2,0,4,0
U13087,50,monthly,basic,54.22,1,0,16,0
U13088,58,monthly,basic,79.6,3,0,7,0
U13089,8,two_year,premium,77.61,4,0,21,0
U13090,51,two_year,basic,61.93,1,1,3,0
U13091,15,two_year,standard,39.56,1,0,10,0
U13092,45,monthly,basic,74.08,2,1,8,0
U13093,71,monthly,standard,52.98,2,1,7,0
U13094,8,one_year,basic,37.19,1,0,9,0
U13095,33,one_year,basic,42.21,1,0,22,0
U13096,66,monthly,premium,39.33,2,1,6,0
U13097,56,monthly,basic,71.81,2,0,4,0
U13098,23,two_year,standard,62.76,1,1,4,0
U13099,44,one_year,standard,70.91,2,1,16,0
U13100,6,two_year,basic,43.37,0,0,1,0
U13101,19,monthly,basic,101.18,1,1,11,0
U13102,17,monthly,basic,102.03,0,1,13,0
U13103,24,two_year,basic,28.48,0,0,33,0
U13104,16,two_year,basic,28.95,0,0,35,0
U13105,7,one_year,basic,54.35,1,0,9,0
U13106,59,one_year,basic,16.68,1,0,19,0
U13107,2,monthly,basic,40.4,1,1,22,0
U13108,25,monthly,premium,18.04,2,0,5,0
U13109,17,monthly,basic,95.4,1,1,1,1
U13110,41,monthly,standard,36.97,2,0,29,0
U13111,2,two_year,basic,58.67,2,1,1,0
U13112,61,two_year,standard,77.8,1,0,7,0
U13113,52,one_year,basic,76.2,2,1,2,0
U13114,23,monthly,standard,69.72,4,0,3,0
U13115,64,monthly,standard,96.14,1,1,8,0
U13116,47,one_year,premium,150.0,1,0,14,0
U13117,48,one_year,standard,80.81,0,0,32,0
U13118,64,monthly,premium,50.82,3,1,5,0
U13119,32,two_year,basic,68.05,1,0,22,0
U13120,30,monthly,basic,51.6,0,1,5,0
U13121,36,monthly,basic,77.26,1,0,21,0
U13122,42,two_year,basic,29.09,2,0,5,0
U13123,48,monthly,standard,88.21,0,0,10,0
U13124,48,two_year,basic,91.15,3,1,17,0
U13125,19,monthly,basic,62.74,0,0,11,0
U13126,3,monthly,premium,68.61,1,0,9,1
U13127,40,monthly,standard,48.68,1,0,11,0
U13128,54,monthly,basic,38.77,2,0,14,0
U13129,65,monthly,standard,84.17,3,0,36,1
U13130,51,monthly,standard,43.32,1,1,6,0
U13131,52,one_year,premium,100.47,2,0,11,0
U13132,61,two_year,standard,68.39,3,1,23,0
U13133,15,one_year,standard,70.47,1,0,10,0
U13134,69,monthly,standard,58.91,1,0,13,0
U13135,51,one_year,basic,82.93,0,0,8,0
U13136,28,one_year,premium,61.93,0,1,6,0
U13137,18,monthly,premium,87.6,2,0,23,0
U13138,3,one_year,premium,82.98,4,0,12,1
U13139,48,one_year,standard,71.99,1,0,21,0
U13140,41,monthly,standard,42.95,1,1,8,1
U13141,7,monthly,premium,44.1,0,1,9,0
U13142,26,one_year,basic,68.84,1,0,28,0
U13143,60,monthly,premium,92.09,1,1,3,0
U13144,61,monthly,standard,60.62,1,1,15,1
U13145,46,one_year,premium,42.27,1,0,9,0
U13146,49,one_year,standard,105.64,1,0,21,0
U13147,48,two_year,standard,52.73,1,0,8,0
U13148,44,monthly,premium,135.65,0,1,4,0
U13149,50,two_year,basic,68.78,1,1,11,0
U13150,54,two_year,standard,68.8,4,0,8,0
U13151,25,one_year,standard,91.96,1,1,3,0
U13152,42,monthly,premium,33.0,1,1,9,0
U13153,6,one_year,basic,52.82,1,1,18,0
U13154,4,one_year,basic,76.13,1,1,26,0
U13155,56,one_year,premium,93.74,0,0,10,0
U13156,18,monthly,basic,104.86,1,1,5,0
U13157,55,one_year,basic,76.87,0,0,10,0
U13158,44,one_year,basic,53.7,2,1,6,0
U13159,24,one_year,standard,82.95,3,1,1,0
U13160,67,one_year,basic,23.8,2,0,11,0
U13161,57,two_year,premium,36.21,1,0,6,0
U13162,37,monthly,standard,55.64,1,0,30,0
U13163,30,monthly,standard,98.17,0,0,20,0
U13164,68,one_year,basic,64.17,0,1,4,0
U13165,32,two_year,standard,26.53,1,1,15,0
U13166,59,monthly,premium,43.48,0,0,7,0
U13167,36,monthly,standard,104.56,2,1,13,0
U13168,69,monthly,standard,49.95,0,1,3,0
U13169,28,two_year,standard,43.69,1,1,27,0
U13170,40,monthly,premium,83.53,3,1,20,0
U13171,28,one_year,standard,63.65,0,1,5,0
U13172,4,monthly,premium,117.68,1,1,39,0
U13173,65,monthly,basic,47.94,1,0,22,0
U13174,20,monthly,premium,85.1,1,0,12,1
U13175,3,monthly,standard,41.3,1,0,7,1
U13176,62,one_year,premium,71.06,4,1,19,0
U13177,27,monthly,basic,59.74,3,1,15,1
U13178,37,two_year,standard,88.17,2,1,19,0
U13179,46,one_year,basic,82.56,2,1,13,0
U13180,53,monthly,standard,59.86,2,0,31,0
U13181,50,one_year,premium,104.94,1,1,14,0
U13182,10,monthly,standard,43.86,1,0,5,1
U13183,19,one_year,basic,82.77,1,1,9,0
U13184,63,two_year,premium,77.02,1,1,8,0
U13185,39,two_year,basic,52.67,6,0,15,1
U13186,10,one_year,basic,57.54,1,0,40,0
U13187,25,monthly,basic,51.23,1,1,15,0
U13188,1,monthly,basic,60.26,0,0,14,0
U13189,56,two_year,standard,76.11,0,0,4,0
U13190,29,monthly,standard,63.42,0,1,5,0
U13191,50,monthly,standard,73.25,2,1,7,0
U13192,14,monthly,basic,71.83,1,0,10,0
U13193,2,one_year,basic,111.56,1,0,18,1
U13194,1,monthly,standard,74.48,4,1,3,1
U13195,26,two_year,basic,54.23,1,0,6,0
U13196,11,one_year,standard,51.28,3,0,9,0
U13197,61,two_year,premium,74.24,2,1,10,0
U13198,2,two_year,standard,61.41,2,0,38,0
U13199,48,one_year,basic,84.95,1,1,18,0
U13200,14,two_year,premium,36.92,4,1,23,0
U13201,68,one_year,standard,76.06,0,0,6,0
U13202,57,one_year,basic,97.42,3,0,18,0
U13203,52,two_year,standard,91.51,1,0,2,0
U13204,3,monthly,basic,56.77,2,1,6,0
U13205,12,two_year,basic,107.8,1,1,17,0
U13206,16,monthly,premium,119.41,3,1,40,1
U13207,12,monthly,standard,93.86,1,1,23,0
U13208,52,one_year,standard,90.64,1,0,9,0
U13209,69,monthly,basic,69.24,2,0,9,0
U13210,3,monthly,standard,52.54,1,0,6,0
U13211,7,monthly,basic,46.22,2,1,23,0
U13212,1,monthly,standard,80.5,0,1,19,0
U13213,17,two_year,standard,28.99,0,0,4,0
U13214,45,monthly,basic,45.38,2,1,2,0
U13215,38,monthly,basic,80.26,3,0,16,0
U13216,39,monthly,standard,84.24,0,1,8,0
U13217,31,one_year,basic,97.08,2,0,5,0
U13218,61,two_year,basic,113.81,2,1,3,0
U13219,16,monthly,standard,81.13,2,1,26,0
U13220,30,one_year,standard,47.62,1,1,7,0
U13221,48,monthly,basic,48.63,0,0,1,1
U13222,69,two_year,premium,60.92,0,0,11,0
U13223,55,monthly,premium,24.76,1,1,8,0
U13224,32,two_year,basic,15.0,1,0,8,0
U13225,49,monthly,basic,67.62,1,1,18,0
U13226,26,one_year,basic,93.12,1,0,10,0
U13227,71,two_year,basic,53.76,0,0,14,0
U13228,43,one_year,basic,49.12,1,0,13,0
U13229,40,monthly,standard,59.13,1,0,4,0
U13230,31,two_year,standard,103.96,1,1,3,0
U13231,3,one_year,standard,90.27,1,1,16,0
U13232,4,monthly,basic,99.88,0,1,19,0
U13233,55,monthly,premium,47.85,2,1,11,0
U13234,64,one_year,basic,15.0,2,1,9,0
U13235,43,two_year,basic,71.3,0,1,23,0
U13236,9,monthly,premium,68.14,1,1,25,0
U13237,14,one_year,basic,50.94,1,0,6,0
U13238,10,monthly,standard,68.9,0,1,15,0
U13239,35,two_year,basic,54.08,3,0,23,0
U13240,19,monthly,basic,,0,1,6,0
U13241,1,two_year,basic,90.43,2,1,4,0
U13242,62,monthly,standard,31.26,0,1,10,0
U13243,30,monthly,basic,114.81,0,0,13,0
U13244,16,two_year,standard,,0,1,17,0
U13245,33,two_year,basic,45.49,0,0,13,0
U13246,64,monthly,basic,77.05,0,1,5,0
U13247,63,monthly,basic,61.1,1,1,14,0
U13248,23,monthly,basic,66.01,0,1,30,0
U13249,14,monthly,premium,42.52,2,1,6,1
U13250,18,two_year,basic,80.87,1,0,14,0
U13251,12,one_year,basic,48.11,3,0,20,1
U13252,19,two_year,standard,67.43,0,1,26,0
U13253,6,monthly,basic,104.27,2,1,3,0
U13254,27,two_year,basic,98.29,1,0,4,0
U13255,62,two_year,standard,94.62,1,0,11,0
U13256,51,monthly,basic,57.81,1,0,18,0
U13257,28,monthly,premium,86.82,1,0,7,1
U13258,20,monthly,premium,15.0,0,1,2,0
U13259,46,monthly,standard,28.86,0,0,16,0
U13260,34,two_year,basic,82.52,1,1,8,0
U13261,64,one_year,premium,71.71,0,1,5,0
U13262,68,two_year,basic,79.03,0,1,4,0
U13263,55,monthly,basic,15.0,0,0,15,0
U13264,43,monthly,premium,38.22,0,0,13,0
U13265,9,monthly,standard,81.77,2,1,19,1
U13266,31,monthly,premium,73.51,0,1,17,1
U13267,25,monthly,standard,82.32,3,0,7,1
U13268,51,two_year,basic,96.77,0,0,30,0
U13269,9,two_year,standard,59.25,3,1,7,0
U13270,22,one_year,basic,83.87,1,0,16,0
U13271,2,one_year,basic,54.59,3,0,16,0
U13272,61,one_year,basic,21.8,2,0,22,0
U13273,6,monthly,basic,81.05,2,1,2,1
U13274,70,monthly,standard,67.75,1,0,9,0
U13275,28,monthly,standard,80.68,3,1,3,1
U13276,12,one_year,standard,73.0,1,0,18,0
U13277,59,two_year,premium,80.41,3,0,17,0
U13278,18,two_year,basic,55.56,2,0,16,0
U13279,13,monthly,standard,92.47,2,1,5,1
U13280,12,monthly,standard,39.59,1,0,20,0
U13281,7,one_year,standard,44.0,3,1,11,0
U13282,21,monthly,basic,65.23,2,0,4,1
U13283,37,two_year,premium,76.55,3,0,22,0
U13284,27,monthly,basic,63.07,1,0,6,1
U13285,14,one_year,basic,42.57,0,1,15,0
U13286,61,monthly,basic,62.94,3,1,28,0
U13287,32,two_year,standard,82.49,1,0,22,0
U13288,60,monthly,basic,78.75,0,0,36,0
U13289,16,monthly,standard,46.45,0,0,8,0
U13290,58,one_year,standard,45.15,1,1,18,0
U13291,28,monthly,standard,61.72,1,1,35,0
U13292,69,monthly,basic,65.09,1,1,19,0
U13293,44,two_year,premium,60.07,0,0,23,0
U13294,63,one_year,basic,61.33,3,0,39,0
U13295,66,two_year,basic,74.99,0,1,6,0
U13296,28,monthly,basic,89.38,1,0,25,0
U13297,53,monthly,basic,103.73,1,0,17,0
U13298,24,monthly,basic,29.18,1,1,11,0
U13299,11,monthly,basic,47.63,0,1,7,1
U13300,36,monthly,standard,79.71,1,1,25,0
U13301,25,one_year,basic,75.85,3,0,15,0
U13302,34,monthly,basic,80.31,0,0,4,0
U13303,24,monthly,standard,73.36,0,1,31,0
U13304,61,one_year,standard,37.82,0,0,4,0
U13305,24,monthly,basic,85.97,2,1,13,0
U13306,11,monthly,standard,75.1,4,0,7,1
U13307,41,one_year,standard,52.59,0,0,7,0
U13308,12,one_year,basic,100.87,0,0,9,0
U13309,71,monthly,standard,84.64,1,0,12,0
U13310,4,monthly,basic,35.48,1,0,9,1
U13311,51,two_year,basic,17.18,0,1,12,0
U13312,4,one_year,basic,101.26,2,0,7,1
U13313,61,one_year,premium,60.71,3,1,16,0
U13314,64,one_year,standard,66.89,2,1,2,0
U13315,5,monthly,basic,69.0,1,1,24,0
U13316,27,monthly,premium,76.82,2,1,12,0
U13317,67,monthly,standard,73.76,0,0,5,0
U13318,23,monthly,standard,46.37,0,1,3,1
U13319,15,monthly,premium,36.92,2,1,12,1
U13320,7,one_year,premium,81.7,1,0,13,1
U13321,40,monthly,premium,54.23,1,1,6,0
U13322,40,monthly,basic,99.04,2,1,7,1
U13323,31,one_year,basic,61.7,1,1,14,0
U13324,48,monthly,basic,60.69,1,1,11,0
U13325,62,two_year,premium,59.16,0,0,5,0
U13326,62,monthly,standard,69.08,0,0,8,0
U13327,57,one_year,premium,44.87,1,1,12,0
U13328,50,one_year,standard,39.65,1,1,14,0
U13329,26,monthly,basic,67.74,3,0,18,1
U13330,29,one_year,standard,40.56,0,1,3,0
U13331,2,two_year,premium,85.81,1,0,9,0
U13332,13,monthly,basic,46.04,1,1,17,0
U13333,56,monthly,standard,23.77,2,1,9,0
U13334,70,one_year,basic,83.8,1,0,18,0
U13335,44,monthly,standard,71.55,2,1,15,0
U13336,46,one_year,basic,85.11,1,0,4,0
U13337,62,monthly,basic,48.81,2,1,9,0
U13338,32,monthly,premium,37.66,1,1,40,0
U13339,25,one_year,standard,45.7,3,0,10,0
U13340,67,monthly,basic,73.54,3,1,3,1
U13341,65,monthly,basic,51.53,1,0,5,0
U13342,64,one_year,premium,72.18,1,1,7,0
U13343,49,one_year,basic,58.43,1,0,6,0
U13344,21,monthly,basic,114.5,2,0,30,0
U13345,66,monthly,basic,34.95,1,1,15,0
U13346,34,one_year,premium,88.12,0,1,4,0
U13347,25,monthly,basic,26.03,1,1,7,0
U13348,64,two_year,basic,81.81,0,0,22,0
U13349,33,two_year,premium,68.85,2,0,40,0
U13350,10,one_year,basic,92.18,1,0,4,0
U13351,44,monthly,basic,22.62,1,1,9,0
U13352,49,two_year,premium,81.76,4,1,3,0
U13353,42,one_year,basic,57.19,3,1,13,0
U13354,13,monthly,basic,30.65,2,1,10,0
U13355,46,one_year,standard,52.86,1,1,2,0
U13356,60,monthly,basic,109.06,0,0,5,0
U13357,21,monthly,basic,87.75,1,0,2,0
U13358,11,monthly,standard,66.33,2,1,7,0
U13359,4,monthly,premium,36.37,2,0,21,0
U13360,42,monthly,basic,60.57,1,1,34,0
U13361,10,one_year,standard,85.85,2,1,4,0
U13362,64,monthly,basic,90.82,0,1,17,0
U13363,61,one_year,basic,103.22,1,1,18,0
U13364,61,monthly,basic,93.36,0,1,6,0
U13365,9,monthly,standard,70.99,0,1,7,1
U13366,32,one_year,basic,92.22,0,1,18,0
U13367,59,monthly,basic,62.08,0,0,25,0
U13368,30,two_year,premium,59.89,0,0,4,0
U13369,63,monthly,basic,75.86,0,0,6,0
U13370,20,monthly,premium,15.0,1,0,16,0
U13371,2,monthly,premium,43.95,0,1,10,0
U13372,59,monthly,standard,84.72,1,0,23,0
U13373,16,monthly,standard,34.61,0,0,2,0
U13374,62,two_year,basic,73.59,1,0,6,0
U13375,36,monthly,standard,59.16,0,0,15,0
U13376,5,one_year,basic,69.9,5,0,17,1
U13377,58,monthly,basic,15.0,0,1,9,0
U13378,26,monthly,basic,28.27,0,0,4,1
U13379,39,monthly,basic,62.1,4,0,2,0
U13380,21,two_year,basic,51.24,0,1,15,0
U13381,13,monthly,standard,69.48,0,1,37,0
U13382,47,monthly,premium,70.12,0,1,5,0
U13383,8,monthly,basic,85.81,1,0,12,1
U13384,1,two_year,standard,58.76,0,0,2,0
U13385,19,monthly,standard,79.86,2,1,2,1
U13386,24,monthly,standard,71.21,2,0,19,1
U13387,27,monthly,standard,90.55,0,1,2,1
U13388,28,monthly,basic,91.33,1,0,8,0
U13389,68,one_year,standard,105.15,0,0,2,0
U13390,1,monthly,premium,32.99,2,0,11,1
U13391,29,one_year,basic,,1,0,11,1
U13392,71,two_year,basic,98.47,0,1,13,0
U13393,47,one_year,standard,38.37,0,1,10,0
U13394,10,monthly,basic,63.95,1,1,5,0
U13395,66,monthly,basic,65.98,0,0,12,0
U13396,31,one_year,basic,88.61,0,0,10,0
U13397,23,one_year,premium,68.39,1,1,12,0
U13398,49,monthly,basic,39.07,0,1,12,0
U13399,14,monthly,standard,51.53,1,1,9,1
U13400,61,monthly,basic,36.22,0,0,18,0
U13401,1,monthly,basic,63.14,2,0,3,1
U13402,37,monthly,basic,71.06,1,0,3,0
U13403,45,monthly,basic,44.22,0,1,16,0
U13404,44,one_year,basic,26.67,1,0,7,0
U13405,54,monthly,standard,102.05,1,1,37,0
U13406,15,monthly,standard,67.15,1,1,24,0
U13407,35,monthly,standard,82.15,0,1,17,0
U13408,27,one_year,basic,48.01,0,0,26,0
U13409,30,monthly,premium,36.0,2,0,16,0
U13410,34,monthly,standard,47.54,1,1,11,0
U13411,4,monthly,premium,72.38,2,0,12,1
U13412,3,monthly,standard,74.41,1,0,12,1
U13413,33,one_year,standard,70.59,1,0,11,1
U13414,9,one_year,standard,38.05,1,0,5,0
U13415,55,monthly,basic,34.83,1,0,2,1
U13416,11,one_year,standard,34.36,1,0,8,1
U13417,25,monthly,standard,79.74,1,0,12,1
U13418,13,two_year,standard,26.43,1,1,21,0
U13419,68,monthly,standard,46.2,1,0,25,0
U13420,31,one_year,standard,73.26,1,1,2,0
U13421,7,two_year,basic,32.07,0,1,14,1
U13422,10,monthly,standard,20.06,0,0,8,1
U13423,37,monthly,standard,67.14,3,0,5,1
U13424,38,two_year,premium,60.53,0,1,8,0
U13425,50,monthly,premium,100.9,1,1,5,0
U13426,31,two_year,standard,58.95,0,1,2,0
U13427,6,monthly,standard,108.17,0,1,3,0
U13428,43,monthly,basic,37.53,0,1,2,0
U13429,56,monthly,standard,79.22,4,1,15,0
U13430,46,one_year,basic,22.25,0,0,10,0
U13431,31,one_year,premium,49.05,0,0,5,0
U13432,27,two_year,basic,62.5,0,1,3,0
U13433,26,two_year,basic,93.2,0,0,6,0
U13434,63,one_year,standard,79.64,1,0,8,0
U13435,36,two_year,standard,58.45,1,0,20,0
U13436,11,two_year,basic,32.45,4,1,5,0
U13437,61,two_year,premium,20.53,2,0,20,0
U13438,33,monthly,basic,69.37,1,1,10,1
U13439,45,two_year,basic,43.69,1,0,2,0
U13440,33,monthly,standard,101.04,2,0,22,0
U13441,42,monthly,basic,15.0,1,1,8,0
U13442,10,monthly,basic,59.09,1,0,7,0
U13443,67,monthly,basic,63.51,2,1,22,0
U13444,44,monthly,basic,57.44,3,1,4,0
U13445,24,one_year,basic,26.62,1,1,8,0
U13446,49,monthly,premium,67.16,2,0,8,0
U13447,39,one_year,basic,67.56,1,1,2,0
U13448,34,monthly,basic,69.85,1,0,1,0
U13449,28,one_year,standard,59.54,2,1,7,0
U13450,22,two_year,standard,79.73,1,0,19,0
U13451,35,monthly,standard,88.01,0,1,7,0
U13452,3,two_year,basic,67.94,2,0,5,0
U13453,60,one_year,basic,52.68,3,0,14,0
U13454,65,one_year,premium,57.26,3,0,8,0
U13455,11,monthly,basic,80.16,1,0,19,0
U13456,4,monthly,standard,51.78,2,1,10,1
U13457,68,one_year,standard,74.75,0,0,5,0
U13458,30,two_year,basic,121.21,0,1,14,0
U13459,56,one_year,basic,47.73,2,0,14,0
U13460,24,monthly,basic,47.64,2,0,11,0
U13461,11,one_year,basic,68.03,1,1,14,0
U13462,67,monthly,standard,30.58,2,0,10,0
U13463,20,monthly,basic,64.64,0,1,16,1
U13464,13,monthly,basic,103.58,0,0,5,0
U13465,27,monthly,basic,68.9,1,0,14,0
U13466,26,one_year,basic,28.69,1,0,10,0
U13467,9,monthly,standard,100.64,2,1,24,0
U13468,61,monthly,basic,74.92,4,0,42,0
U13469,22,monthly,standard,52.2,0,0,8,0
U13470,25,monthly,standard,69.01,0,1,8,0
U13471,48,two_year,standard,62.48,0,1,17,0
U13472,24,monthly,basic,62.9,0,0,7,1
U13473,25,monthly,standard,48.02,3,0,10,1
U13474,67,monthly,premium,31.71,1,1,12,0
U13475,28,one_year,standard,112.54,2,1,3,0
U13476,3,monthly,basic,62.53,0,0,24,0
U13477,42,monthly,basic,67.32,2,0,2,1
U13478,9,monthly,premium,77.11,0,0,7,0
U13479,59,monthly,basic,68.22,3,0,22,0
U13480,38,one_year,standard,103.82,3,1,20,0
U13481,42,one_year,standard,79.07,0,1,5,0
U13482,46,two_year,basic,35.76,0,1,42,0
U13483,5,monthly,basic,45.17,1,0,9,0
U13484,17,monthly,basic,34.66,0,1,11,0
U13485,34,monthly,premium,86.57,1,0,2,0
U13486,17,two_year,standard,38.53,2,0,8,0
U13487,5,monthly,standard,70.42,0,1,10,0
U13488,71,two_year,basic,90.05,2,1,2,0
U13489,8,monthly,standard,61.07,0,1,5,0
U13490,33,two_year,basic,41.68,0,0,11,0
U13491,20,monthly,standard,73.6,1,1,0,0
U13492,34,monthly,standard,73.37,1,0,24,0
U13493,7,monthly,standard,84.73,1,0,11,1
U13494,14,monthly,standard,83.58,2,1,10,0
U13495,19,monthly,premium,53.54,2,0,14,0
U13496,60,monthly,basic,93.72,0,0,10,0
U13497,21,two_year,standard,27.94,0,0,7,0
U13498,24,monthly,standard,47.32,1,0,4,1
U13499,13,two_year,standard,72.14,1,0,12,0
U13500,9,monthly,standard,52.94,2,1,5,1
U13501,60,monthly,standard,64.13,2,1,1,0
U13502,36,monthly,basic,41.79,0,0,14,1
U13503,48,monthly,basic,51.35,1,0,4,0
U13504,14,two_year,basic,80.89,0,1,40,0
U13505,11,monthly,basic,61.58,3,1,3,0
U13506,28,monthly,basic,15.0,1,0,16,0
U13507,56,two_year,basic,38.06,1,1,12,0
U13508,71,monthly,basic,58.56,2,0,5,0
U13509,10,two_year,basic,61.45,3,0,12,0
U13510,2,one_year,standard,59.94,1,1,21,0
U13511,5,one_year,premium,59.34,1,1,10,0
U13512,60,monthly,basic,89.74,2,0,12,0
U13513,56,two_year,basic,63.11,1,0,9,0
U13514,5,one_year,standard,28.11,0,0,21,0
U13515,19,two_year,standard,78.69,1,1,13,0
U13516,42,monthly,standard,58.39,0,0,10,0
U13517,7,two_year,premium,63.61,2,0,21,1
U13518,6,monthly,standard,72.41,0,1,14,1
U13519,18,two_year,basic,37.16,0,1,2,0
U13520,31,two_year,basic,56.85,0,1,29,0
U13521,40,two_year,standard,33.44,2,1,7,0
U13522,15,monthly,premium,87.66,3,1,3,0
U13523,56,monthly,basic,42.67,1,0,1,0
U13524,13,monthly,premium,65.96,1,0,6,1
U13525,55,monthly,premium,70.61,1,1,5,0
U13526,28,monthly,basic,100.86,0,1,9,0
U13527,67,one_year,basic,69.95,0,1,5,0
U13528,21,monthly,standard,42.77,1,0,20,0
U13529,59,two_year,basic,111.12,1,1,3,1
U13530,12,one_year,basic,69.26,0,0,6,0
U13531,65,monthly,standard,34.14,0,1,3,0
U13532,50,one_year,standard,83.81,1,1,13,0
U13533,26,two_year,basic,54.36,1,0,5,0
U13534,38,two_year,basic,64.38,1,0,2,0
U13535,45,two_year,basic,48.43,2,1,5,0
U13536,42,two_year,standard,71.12,1,1,16,0
U13537,8,monthly,standard,31.82,0,1,6,0
U13538,8,monthly,premium,60.43,0,0,6,0
U13539,25,monthly,premium,95.44,3,0,23,1
U13540,13,one_year,standard,98.87,2,1,28,0
U13541,31,monthly,basic,89.07,1,0,7,0
U13542,20,monthly,premium,100.59,0,0,14,0
U13543,63,monthly,basic,104.29,1,1,2,0
U13544,42,one_year,standard,28.1,2,0,11,1
U13545,68,two_year,basic,62.11,2,1,23,0
U13546,62,two_year,basic,73.23,1,0,10,0
U13547,44,one_year,premium,15.0,1,0,13,0
U13548,1,one_year,standard,27.83,0,1,21,0
U13549,36,monthly,basic,89.81,0,1,25,1
U13550,15,monthly,standard,72.77,1,1,28,0
U13551,51,monthly,standard,75.44,2,1,35,0
U13552,49,monthly,standard,92.88,0,1,10,0
U13553,51,monthly,standard,103.99,0,1,25,0
U13554,40,one_year,premium,55.86,1,0,24,1
U13555,26,one_year,basic,38.04,1,1,0,0
U13556,11,monthly,standard,88.51,0,1,12,0
U13557,67,monthly,basic,86.35,1,0,7,0
U13558,63,monthly,basic,64.04,3,1,13,0
U13559,41,one_year,standard,73.89,1,0,25,0
U13560,17,one_year,premium,99.24,3,0,3,1
U13561,57,monthly,basic,96.75,0,0,15,0
U13562,24,two_year,premium,99.23,1,1,9,0
U13563,27,two_year,standard,41.78,1,0,16,0
U13564,44,monthly,standard,65.58,1,0,16,0
U13565,48,monthly,standard,69.29,4,1,11,1
U13566,39,monthly,basic,117.49,1,1,6,0
U13567,33,monthly,premium,96.24,2,0,12,0
U13568,64,monthly,standard,,1,0,10,0
U13569,45,two_year,standard,90.04,0,0,24,0
U13570,18,monthly,basic,37.36,1,0,22,1
U13571,57,one_year,basic,73.39,4,1,1,0
U13572,54,monthly,standard,66.36,1,0,19,0
U13573,2,one_year,basic,65.28,1,0,11,0
U13574,36,two_year,basic,31.21,0,0,4,0
U13575,6,two_year,premium,65.83,1,1,14,0
U13576,36,two_year,premium,50.46,2,1,11,0
U13577,16,monthly,standard,77.32,0,0,43,0
U13578,35,one_year,standard,78.89,1,1,12,0
U13579,53,two_year,basic,126.88,1,0,7,0
U13580,59,two_year,standard,36.96,2,1,8,0
U13581,28,monthly,basic,73.84,3,1,6,0
U13582,62,monthly,basic,31.4,1,0,17,1
U13583,69,monthly,basic,52.18,1,1,3,0
U13584,54,monthly,standard,93.53,2,1,13,0
U13585,18,monthly,premium,80.92,1,1,13,1
U13586,34,one_year,standard,102.22,2,1,16,0
U13587,12,monthly,premium,36.11,2,1,5,0
U13588,6,two_year,premium,101.03,3,1,7,1
U13589,28,monthly,premium,48.52,0,0,13,0
U13590,67,monthly,basic,116.26,1,0,15,0
U13591,38,two_year,standard,97.19,2,0,4,0
U13592,33,monthly,standard,75.41,3,0,8,0
U13593,61,monthly,basic,33.61,2,0,13,0
U13594,71,monthly,basic,41.9,2,1,16,0
U13595,71,monthly,basic,97.74,1,0,43,0
U13596,64,one_year,standard,81.55,1,1,8,0
U13597,18,monthly,standard,38.63,2,1,25,0
U13598,20,monthly,premium,44.49,2,1,13,0
U13599,9,two_year,standard,39.6,0,0,17,0
U13600,32,one_year,basic,106.46,2,0,5,0
U13601,48,monthly,basic,74.18,1,1,8,0
U13602,15,monthly,basic,48.89,1,1,10,0
U13603,45,monthly,basic,67.95,0,0,6,0
U13604,15,one_year,premium,47.78,0,0,3,0
U13605,66,two_year,standard,116.07,3,0,10,0
U13606,12,two_year,standard,,1,0,9,0
U13607,10,two_year,standard,59.01,2,0,3,0
U13608,33,two_year,premium,123.55,1,0,9,0
U13609,65,monthly,standard,64.17,0,1,3,0
U13610,57,monthly,basic,35.67,3,1,13,0
U13611,51,two_year,basic,60.21,2,0,39,0
U13612,27,one_year,basic,73.76,4,1,5,0
U13613,37,two_year,standard,71.78,2,1,18,0
U13614,26,monthly,standard,93.82,3,0,17,0
U13615,59,monthly,premium,27.29,2,0,18,0
U13616,4,monthly,standard,100.46,2,0,1,0
U13617,48,two_year,standard,70.41,0,0,13,0
U13618,42,monthly,basic,50.79,0,1,5,1
U13619,60,monthly,basic,90.59,0,0,5,0
U13620,29,monthly,premium,39.26,0,0,24,0
U13621,36,two_year,standard,95.76,4,0,18,0
U13622,65,one_year,standard,78.03,1,0,12,0
U13623,12,two_year,premium,,0,1,6,0
U13624,66,two_year,premium,47.42,2,1,8,0
U13625,40,monthly,premium,36.44,2,0,14,0
U13626,8,two_year,standard,53.98,0,1,9,0
U13627,13,two_year,standard,104.64,2,1,3,0
U13628,67,monthly,premium,73.3,2,1,3,0
U13629,53,one_year,basic,35.18,1,1,10,0
U13630,2,monthly,basic,47.38,0,0,4,0
U13631,60,monthly,basic,105.82,0,0,6,0
U13632,14,one_year,premium,107.32,6,0,5,1
U13633,57,two_year,basic,62.55,2,1,6,0
U13634,39,one_year,basic,41.16,2,1,14,0
U13635,19,monthly,standard,48.86,3,0,24,0
U13636,63,one_year,basic,69.83,0,0,2,0
U13637,61,one_year,standard,88.49,2,0,9,0
U13638,29,monthly,standard,,1,1,7,1
U13639,17,monthly,standard,63.9,1,0,15,0
U13640,67,two_year,basic,104.7,4,1,9,0
U13641,35,one_year,premium,97.32,1,0,22,0
U13642,30,two_year,standard,62.19,1,0,17,0
U13643,43,monthly,basic,86.44,1,0,2,0
U13644,29,monthly,premium,113.42,1,0,8,0
U13645,64,one_year,standard,141.15,0,1,21,0
U13646,2,monthly,basic,30.18,2,1,27,0
U13647,46,monthly,basic,28.36,1,1,3,1
U13648,63,monthly,standard,64.62,1,1,10,0
U13649,32,monthly,standard,54.14,0,1,29,0
U13650,44,monthly,basic,31.98,1,0,1,0
U13651,1,monthly,premium,29.34,0,1,7,0
U13652,29,two_year,basic,38.07,1,1,27,0
U13653,1,one_year,basic,113.99,3,0,4,1
U13654,28,one_year,premium,51.22,2,0,1,0
U13655,64,two_year,standard,81.03,0,0,7,0
U13656,12,monthly,standard,71.07,1,1,11,0
U13657,64,one_year,basic,53.02,2,0,23,0
U13658,33,monthly,standard,106.04,2,1,7,0
U13659,47,one_year,standard,73.45,3,1,23,0
U13660,51,two_year,standard,57.57,0,1,12,0
U13661,51,monthly,basic,79.59,2,0,7,1
U13662,44,monthly,standard,58.84,1,1,8,0
U13663,27,two_year,premium,58.66,2,1,27,1
U13664,10,one_year,basic,33.58,2,1,21,0
U13665,39,one_year,standard,90.89,1,0,10,0
U13666,41,two_year,standard,59.39,0,0,6,0
U13667,62,two_year,basic,83.33,2,0,5,0
U13668,20,monthly,basic,82.15,0,0,34,0
U13669,6,monthly,standard,67.25,2,0,17,1
U13670,70,two_year,basic,76.36,1,1,29,0
U13671,29,monthly,standard,86.21,1,0,4,0
U13672,28,one_year,basic,67.19,1,0,4,0
U13673,62,two_year,premium,93.52,0,0,4,0
U13674,65,monthly,basic,108.02,1,0,8,0
U13675,46,one_year,standard,43.25,1,1,24,0
U13676,65,one_year,premium,55.61,1,1,26,0
U13677,46,monthly,basic,81.6,2,1,20,0
U13678,21,one_year,standard,44.82,1,1,7,0
U13679,6,two_year,basic,75.46,0,0,19,0
U13680,27,monthly,standard,36.13,2,1,1,0
U13681,30,one_year,standard,78.48,1,1,3,0
U13682,39,monthly,standard,23.95,3,0,7,1
U13683,22,monthly,standard,15.0,0,1,22,0
U13684,59,two_year,standard,53.31,0,0,0,0
U13685,14,monthly,premium,99.65,1,0,2,1
U13686,33,monthly,basic,55.83,1,0,6,0
U13687,40,monthly,basic,115.05,2,0,12,0
U13688,53,monthly,standard,75.24,0,1,9,0
U13689,12,one_year,premium,105.18,1,0,11,0
U13690,33,monthly,premium,76.0,1,0,4,0
U13691,61,two_year,standard,26.05,3,1,25,0
U13692,19,one_year,standard,115.1,0,1,16,0
U13693,30,monthly,basic,52.14,2,0,15,1
U13694,50,monthly,basic,101.27,2,0,10,1
U13695,45,monthly,premium,54.6,2,1,7,1
U13696,47,one_year,standard,38.14,0,0,10,0
U13697,19,one_year,basic,60.72,1,0,38,0
U13698,26,monthly,basic,43.74,1,1,2,0
U13699,13,monthly,basic,93.61,1,1,11,0
U13700,7,one_year,premium,,0,1,9,1
U13701,68,one_year,standard,52.62,1,1,14,0
U13702,11,one_year,basic,58.66,1,0,27,0
U13703,27,two_year,standard,86.3,0,0,5,0
U13704,60,two_year,standard,61.82,2,0,4,0
U13705,50,monthly,basic,98.66,0,0,14,0
U13706,4,monthly,premium,55.76,3,1,3,1
U13707,28,one_year,basic,61.94,2,0,14,0
U13708,56,monthly,standard,83.18,1,0,12,0
U13709,52,monthly,basic,87.46,2,1,28,0
U13710,29,monthly,standard,49.94,2,0,9,0
U13711,69,monthly,standard,58.05,1,1,13,0
U13712,7,one_year,standard,87.57,1,1,16,0
U13713,42,monthly,premium,98.15,1,0,8,1
U13714,21,monthly,premium,86.26,1,1,14,0
U13715,35,one_year,standard,102.92,1,1,15,0
U13716,4,monthly,standard,18.65,0,1,16,0
U13717,23,two_year,basic,54.25,0,0,24,0
U13718,51,one_year,standard,35.44,1,0,8,0
U13719,3,one_year,basic,45.31,2,0,17,0
U13720,16,two_year,basic,85.94,1,1,17,0
U13721,44,monthly,standard,104.39,0,1,7,0
U13722,57,monthly,premium,72.05,1,0,49,1
U13723,19,one_year,basic,80.45,0,0,16,0
U13724,38,monthly,standard,,0,0,2,0
U13725,7,one_year,premium,92.65,1,0,13,0
U13726,38,one_year,basic,70.28,0,1,3,0
U13727,67,monthly,premium,44.87,1,1,21,0
U13728,17,monthly,premium,82.83,0,1,19,0
U13729,70,monthly,premium,51.47,2,1,29,1
U13730,38,one_year,standard,51.1,2,1,2,0
U13731,14,monthly,basic,15.0,4,1,15,0
U13732,29,monthly,basic,57.43,0,0,7,0
U13733,53,monthly,basic,101.89,1,1,9,0
U13734,33,monthly,standard,60.05,2,1,18,0
U13735,58,two_year,basic,70.06,1,1,26,0
U13736,55,two_year,basic,92.74,2,0,33,0
U13737,22,two_year,basic,47.67,0,0,10,0
U13738,30,monthly,basic,46.97,1,1,5,0
U13739,50,monthly,basic,68.09,0,0,7,1
U13740,48,two_year,basic,83.4,3,0,1,0
U13741,3,two_year,premium,50.4,3,1,1,0
U13742,7,two_year,standard,22.08,1,0,18,0
U13743,13,one_year,standard,69.2,0,0,14,0
U13744,60,one_year,basic,61.05,1,1,15,0
U13745,39,one_year,standard,27.36,3,1,8,0
U13746,36,monthly,premium,47.98,1,0,23,0
U13747,31,two_year,standard,59.41,1,0,8,0
U13748,4,monthly,standard,70.36,0,0,7,1
U13749,9,monthly,standard,45.33,1,1,14,0
U13750,43,monthly,premium,74.09,1,0,3,1
U13751,34,two_year,standard,62.43,1,0,4,0
U13752,62,monthly,standard,30.54,0,0,7,0
U13753,49,monthly,standard,71.87,4,1,16,1
U13754,20,monthly,basic,56.42,1,1,8,0
U13755,18,monthly,standard,81.9,2,1,15,1
U13756,63,monthly,standard,97.62,1,1,4,0
U13757,11,two_year,basic,72.93,1,1,13,0
U13758,19,monthly,standard,62.82,2,0,33,0
U13759,3,monthly,basic,47.35,1,1,5,1
U13760,18,two_year,standard,80.32,4,1,16,0
U13761,52,one_year,premium,83.29,1,1,12,0
U13762,46,monthly,basic,78.23,3,1,6,1
U13763,17,monthly,premium,57.14,2,0,11,1
U13764,43,monthly,standard,72.91,1,1,31,0
U13765,36,monthly,basic,87.24,0,1,3,0
U13766,63,two_year,premium,101.98,1,1,23,0
U13767,24,monthly,basic,122.26,1,1,3,0
U13768,16,monthly,basic,40.07,1,1,5,1
U13769,34,monthly,basic,76.94,2,1,5,0
U13770,18,one_year,basic,16.59,0,1,7,0
U13771,70,monthly,basic,75.15,2,1,22,0
U13772,49,monthly,premium,70.83,2,0,17,1
U13773,62,monthly,standard,53.48,3,1,17,0
U13774,5,one_year,standard,85.07,0,0,13,0
U13775,49,monthly,standard,63.09,1,0,34,0
U13776,33,one_year,standard,91.38,1,1,3,0
U13777,32,monthly,standard,44.87,0,1,22,0
U13778,19,one_year,basic,74.49,0,1,5,0
U13779,28,monthly,basic,40.8,2,0,9,0
U13780,36,one_year,basic,37.62,2,0,6,0
U13781,70,monthly,premium,71.46,0,0,6,0
U13782,61,monthly,premium,74.31,1,1,4,0
U13783,1,monthly,standard,114.96,0,0,11,1
U13784,58,monthly,standard,19.67,0,1,8,0
U13785,50,one_year,premium,18.73,0,0,4,0
U13786,10,monthly,standard,125.55,0,1,15,0
U13787,62,monthly,standard,50.39,0,0,2,0
U13788,6,one_year,premium,73.7,1,0,18,0
U13789,31,monthly,basic,75.65,0,1,10,0
U13790,57,one_year,basic,28.36,3,1,3,0
U13791,13,one_year,basic,43.33,0,1,14,0
U13792,21,one_year,standard,69.42,3,0,10,0
U13793,7,monthly,standard,83.05,0,1,4,0
U13794,4,monthly,basic,29.91,0,0,20,0
U13795,63,one_year,basic,89.97,2,0,39,0
U13796,48,monthly,standard,47.49,3,0,9,1
U13797,34,monthly,basic,79.54,2,0,2,0
U13798,63,two_year,premium,37.85,1,1,45,0
U13799,35,two_year,standard,102.37,1,1,10,0
U13800,48,monthly,standard,74.81,0,0,6,0
U13801,62,monthly,basic,91.27,1,0,11,0
U13802,60,one_year,standard,54.43,1,1,23,0
U13803,53,monthly,premium,109.28,1,0,12,1
U13804,55,one_year,standard,66.27,3,1,8,0
U13805,6,one_year,standard,71.25,2,0,12,1
U13806,22,two_year,basic,92.5,1,0,6,0
U13807,12,two_year,standard,58.71,3,0,19,0
U13808,2,one_year,standard,55.3,0,1,37,0
U13809,66,two_year,premium,20.06,0,0,9,0
U13810,5,monthly,basic,46.15,1,1,4,0
U13811,53,one_year,basic,43.72,1,0,20,0
U13812,58,two_year,premium,56.12,0,0,35,0
U13813,45,one_year,premium,48.42,1,0,1,0
U13814,27,monthly,basic,81.74,1,1,20,0
U13815,57,monthly,premium,44.69,1,0,14,0
U13816,42,two_year,basic,55.16,3,1,19,0
U13817,60,monthly,standard,102.9,2,0,29,0
U13818,45,two_year,standard,70.13,4,1,6,0
U13819,5,two_year,basic,96.6,0,1,4,1
U13820,35,two_year,standard,60.2,1,0,18,0
U13821,15,one_year,premium,84.33,1,1,5,0
U13822,67,monthly,standard,43.11,0,1,15,0
U13823,62,one_year,standard,88.31,4,0,6,0
U13824,12,monthly,standard,119.58,1,0,13,0
U13825,21,monthly,standard,15.0,2,1,4,0
U13826,15,one_year,standard,107.25,1,1,16,0
U13827,49,two_year,standard,100.17,0,0,12,0
U13828,23,monthly,basic,67.29,1,1,26,0
U13829,13,two_year,standard,25.74,3,1,5,0
U13830,12,one_year,premium,74.28,2,1,9,0
U13831,17,monthly,basic,85.26,0,0,8,0
U13832,20,two_year,standard,83.16,3,0,14,0
U13833,21,monthly,premium,49.1,0,1,22,0
U13834,17,monthly,basic,,0,0,10,0
U13835,66,monthly,premium,16.57,2,0,10,0
U13836,16,two_year,basic,78.61,3,0,11,0
U13837,57,monthly,standard,125.22,1,0,11,1
U13838,4,monthly,basic,54.92,2,1,14,1
U13839,32,monthly,basic,49.78,0,0,12,0
U13840,21,monthly,basic,60.64,0,1,31,0
U13841,43,monthly,basic,75.68,0,0,12,0
U13842,18,monthly,basic,47.14,1,1,5,0
U13843,15,one_year,basic,43.39,1,1,3,0
U13844,24,monthly,standard,79.59,2,0,7,0
U13845,10,monthly,basic,57.76,1,0,5,1
U13846,11,one_year,standard,60.08,0,1,21,0
U13847,32,one_year,basic,53.06,1,1,27,0
U13848,24,monthly,standard,67.86,1,0,1,0
U13849,35,monthly,basic,103.44,0,1,15,0
U13850,50,one_year,premium,43.58,0,1,13,0
U13851,70,one_year,standard,86.79,0,0,23,0
U13852,46,one_year,standard,63.5,1,1,13,0
U13853,23,two_year,basic,69.44,0,1,13,0
U13854,50,two_year,premium,80.04,1,1,0,0
U13855,58,one_year,standard,104.86,7,0,15,0
U13856,58,monthly,basic,75.85,1,1,4,0
U13857,47,monthly,standard,53.88,2,1,7,0
U13858,31,monthly,basic,55.27,2,0,6,1
U13859,14,two_year,premium,76.92,2,0,22,0
U13860,58,two_year,standard,55.17,1,1,6,0
U13861,27,monthly,premium,108.07,1,0,23,0
U13862,64,monthly,premium,68.45,4,1,4,0
U13863,20,two_year,basic,29.15,2,0,11,0
U13864,12,two_year,basic,63.21,3,1,2,0
U13865,43,two_year,standard,113.14,0,1,8,0
U13866,12,one_year,standard,80.83,0,0,8,0
U13867,2,monthly,basic,84.85,1,0,3,1
U13868,17,monthly,standard,40.86,0,1,6,0
U13869,38,monthly,premium,55.8,3,0,25,0
U13870,8,two_year,basic,39.3,2,0,6,0
U13871,62,two_year,standard,93.73,1,1,13,0
U13872,63,monthly,standard,56.0,0,0,3,0
U13873,43,two_year,standard,63.78,1,0,14,0
U13874,28,monthly,standard,48.28,1,1,7,0
U13875,23,monthly,basic,95.3,1,1,15,0
U13876,9,two_year,premium,65.3,0,0,12,0
U13877,47,monthly,standard,61.52,2,1,13,0
U13878,66,monthly,basic,65.31,0,0,3,0
U13879,25,two_year,basic,87.9,2,0,9,0
U13880,30,monthly,basic,27.27,1,1,2,0
U13881,44,two_year,basic,49.57,0,0,14,0
U13882,52,monthly,standard,52.86,1,0,4,0
U13883,67,monthly,basic,103.07,1,0,12,0
U13884,15,monthly,basic,54.89,0,1,5,0
U13885,32,monthly,basic,88.04,3,0,13,1
U13886,66,one_year,standard,59.98,0,1,3,0
U13887,60,monthly,standard,94.5,2,1,16,0
U13888,19,monthly,basic,63.12,0,0,2,1
U13889,26,one_year,basic,64.76,1,0,15,0
U13890,56,monthly,basic,62.61,2,1,15,0
U13891,66,monthly,standard,78.39,1,0,10,0
U13892,21,two_year,standard,35.61,2,1,5,0
U13893,22,monthly,standard,113.33,3,1,17,1
U13894,70,monthly,basic,65.19,2,0,11,0
U13895,70,two_year,basic,65.3,0,0,10,0
U13896,37,monthly,basic,27.78,2,0,3,0
U13897,13,monthly,basic,35.21,1,0,5,0
U13898,19,monthly,standard,59.51,0,1,27,0
U13899,16,monthly,basic,86.05,0,0,16,1
U13900,53,monthly,basic,58.05,1,0,10,0
U13901,43,monthly,basic,30.0,2,1,10,0
U13902,39,monthly,premium,69.19,1,0,23,0
U13903,29,monthly,premium,78.35,0,0,23,0
U13904,41,monthly,standard,38.41,0,0,11,0
U13905,8,monthly,basic,49.06,2,1,7,1
U13906,50,monthly,standard,122.24,1,1,21,0
U13907,22,monthly,standard,68.6,1,0,25,1
U13908,10,two_year,basic,64.12,0,0,16,0
U13909,15,monthly,premium,74.45,3,1,6,0
U13910,57,two_year,standard,36.1,1,1,4,0
U13911,3,monthly,basic,15.0,3,1,14,0
U13912,57,one_year,premium,83.44,1,1,20,0
U13913,12,monthly,basic,36.13,1,0,6,0
U13914,69,two_year,premium,56.49,2,0,7,0
U13915,68,two_year,standard,89.93,2,1,10,0
U13916,7,one_year,standard,77.14,1,0,16,1
U13917,38,one_year,basic,,0,0,9,0
U13918,56,monthly,standard,,3,0,6,1
U13919,48,two_year,basic,57.13,0,0,2,0
U13920,35,one_year,basic,78.79,2,1,14,0
U13921,4,monthly,standard,63.7,1,0,7,1
U13922,56,monthly,premium,53.52,0,1,28,0
U13923,26,two_year,standard,71.76,0,1,2,0
U13924,50,one_year,standard,131.86,2,1,5,0
U13925,40,monthly,standard,99.65,0,1,5,0
U13926,30,monthly,standard,68.42,2,0,16,0
U13927,42,monthly,premium,71.0,1,1,8,0
U13928,16,monthly,standard,34.11,0,1,7,0
U13929,66,monthly,standard,60.81,2,1,27,0
U13930,68,monthly,basic,59.29,3,0,7,0
U13931,47,one_year,standard,37.78,0,1,5,0
U13932,65,monthly,standard,93.03,2,0,2,0
U13933,67,one_year,basic,61.48,2,0,21,0
U13934,34,two_year,standard,51.78,2,0,5,0
U13935,46,one_year,standard,56.73,0,0,3,0
U13936,45,one_year,standard,97.84,0,0,12,0
U13937,19,monthly,standard,86.87,2,1,3,0
U13938,4,monthly,premium,84.47,1,1,14,1
U13939,5,one_year,basic,57.0,2,1,12,0
U13940,58,two_year,standard,74.76,1,0,2,0
U13941,68,one_year,premium,43.26,1,0,14,0
U13942,10,one_year,standard,65.0,1,1,3,0
U13943,5,monthly,standard,73.2,2,1,7,0
U13944,31,monthly,basic,101.38,2,1,5,1
U13945,23,monthly,premium,93.88,1,0,18,0
U13946,12,one_year,basic,107.19,2,1,17,0
U13947,31,monthly,basic,71.94,0,0,2,0
U13948,17,one_year,basic,59.34,1,0,8,0
U13949,39,monthly,standard,69.02,2,1,21,0
U13950,41,monthly,standard,71.4,1,1,4,0
U13951,56,two_year,basic,104.22,3,1,25,0
U13952,6,monthly,basic,59.73,1,1,25,0
U13953,35,two_year,standard,72.94,1,0,6,0
U13954,48,two_year,premium,56.47,0,1,11,0
U13955,64,monthly,standard,46.46,1,0,26,0
U13956,10,monthly,basic,38.84,0,1,14,0
U13957,34,one_year,premium,15.0,2,1,21,0
U13958,43,one_year,basic,50.05,2,0,11,0
U13959,34,one_year,basic,49.55,0,1,20,0
U13960,41,one_year,basic,68.0,3,1,48,0
U13961,68,monthly,standard,38.7,0,1,11,0
U13962,9,two_year,basic,35.15,0,1,12,0
U13963,61,one_year,basic,88.32,0,1,17,0
U13964,22,one_year,standard,36.63,2,1,11,0
U13965,28,monthly,standard,21.07,0,1,4,0
U13966,43,monthly,standard,102.44,1,0,23,0
U13967,36,two_year,premium,83.36,0,1,16,0
U13968,34,two_year,standard,49.58,0,0,4,0
U13969,53,monthly,basic,48.69,0,1,21,0
U13970,1,monthly,standard,15.0,1,0,8,0
U13971,20,monthly,basic,87.34,1,0,20,0
U13972,52,two_year,basic,39.23,0,1,14,0
U13973,44,monthly,standard,81.93,1,0,3,0
U13974,48,one_year,premium,26.72,1,1,3,0
U13975,15,monthly,premium,15.0,0,0,5,0
U13976,64,monthly,basic,78.78,0,0,9,0
U13977,53,monthly,premium,100.11,0,0,18,0
U13978,23,one_year,standard,93.5,3,0,25,1
U13979,65,monthly,standard,119.77,3,0,15,0
U13980,1,monthly,premium,72.26,3,0,30,0
U13981,27,one_year,standard,55.21,0,1,6,0
U13982,2,one_year,basic,51.75,2,0,5,1
U13983,1,two_year,standard,64.1,1,1,5,0
U13984,63,one_year,basic,126.26,1,1,19,0
U13985,36,monthly,basic,89.52,1,0,22,0
U13986,17,one_year,standard,37.6,1,1,4,1
U13987,66,two_year,basic,123.36,1,0,6,0
U13988,63,one_year,standard,60.44,0,0,7,0
U13989,69,monthly,premium,34.38,1,1,2,0
U13990,62,two_year,standard,75.32,1,0,17,0
U13991,46,monthly,basic,27.22,1,1,6,0
U13992,40,monthly,standard,54.1,0,0,24,0
U13993,61,monthly,standard,68.93,0,1,13,1
U13994,19,monthly,standard,91.67,1,0,4,0
U13995,40,monthly,standard,57.73,0,1,8,0
U13996,66,monthly,standard,104.94,1,0,6,0
U13997,14,one_year,basic,63.99,1,1,11,0
U13998,29,one_year,premium,45.6,0,1,15,0
U13999,45,monthly,basic,68.81,0,1,9,0
